Copyright 1986-2020 Xilinx, Inc. All Rights Reserved.
--------------------------------------------------------------------------------------------------------------------------------
| Tool Version      : Vivado v.2020.2 (lin64) Build 3064766 Wed Nov 18 09:12:47 MST 2020
| Date              : Sat Nov 22 17:12:19 2025
| Host              : pudim-flan running 64-bit Ubuntu 22.04.5 LTS
| Command           : report_timing -file reports/iob_soc_iob_aes_ku040_db_g_xcku040-fbva676-1-c_timing_paths.rpt -max_paths 30
| Design            : iob_soc_iob_aes_ku040_db_g
| Device            : xcku040-fbva676
| Speed File        : -1  PRODUCTION 1.25 12-04-2018
| Temperature Grade : C
--------------------------------------------------------------------------------------------------------------------------------

Timing Report

Slack (MET) :             1.743ns  (required time - arrival time)
  Source:                 iob_soc_memwrapper/iob_core_inst/cpu/u_top/u_ibex_core/if_stage_i/g_instr_rdata_ra.instr_rdata_id_reg_inst/no_tmr.reg_inst/reg0/data_o_reg[22]/C
                            (rising edge-triggered cell FDRE clocked by clk_out1_clock_wizard  {rise@0.000ns fall@8.500ns period=17.000ns})
  Destination:            iob_soc_memwrapper/ext_mem_mem/not_MEM_NO_READ_ON_WRITE.mem_reg_0_bram_1/WEA[0]
                            (rising edge-triggered cell RAMB36E2 clocked by clk_out1_clock_wizard  {rise@0.000ns fall@8.500ns period=17.000ns})
  Path Group:             clk_out1_clock_wizard
  Path Type:              Setup (Max at Slow Process Corner)
  Requirement:            17.000ns  (clk_out1_clock_wizard rise@17.000ns - clk_out1_clock_wizard rise@0.000ns)
  Data Path Delay:        14.297ns  (logic 3.612ns (25.264%)  route 10.685ns (74.736%))
  Logic Levels:           21  (CARRY8=4 LUT3=3 LUT4=3 LUT5=4 LUT6=7)
  Clock Path Skew:        -0.198ns (DCD - SCD + CPR)
    Destination Clock Delay (DCD):    4.150ns = ( 21.150 - 17.000 ) 
    Source Clock Delay      (SCD):    4.731ns
    Clock Pessimism Removal (CPR):    0.383ns
  Clock Uncertainty:      0.069ns  ((TSJ^2 + DJ^2)^1/2) / 2 + PE
    Total System Jitter     (TSJ):    0.071ns
    Discrete Jitter          (DJ):    0.119ns
    Phase Error              (PE):    0.000ns
  Clock Net Delay (Source):      2.291ns (routing 0.396ns, distribution 1.895ns)
  Clock Net Delay (Destination): 1.948ns (routing 0.365ns, distribution 1.583ns)

    Location             Delay type                Incr(ns)  Path(ns)    Netlist Resource(s)
  -------------------------------------------------------------------    -------------------
                         (clock clk_out1_clock_wizard rise edge)
                                                      0.000     0.000 r  
    H22                                               0.000     0.000 r  c0_sys_clk_clk_p_i (IN)
                         net (fo=0)                   0.000     0.000    clk_250_to_100_MHz/clock_wizard_inst/clkin1_ibufds/I
    HPIOBDIFFINBUF_X0Y36 DIFFINBUF (Prop_DIFFINBUF_HPIOBDIFFINBUF_DIFF_IN_P_O)
                                                      0.556     0.556 r  clk_250_to_100_MHz/clock_wizard_inst/clkin1_ibufds/DIFFINBUF_INST/O
                         net (fo=1, routed)           0.104     0.660    clk_250_to_100_MHz/clock_wizard_inst/clkin1_ibufds/OUT
    H22                  IBUFCTRL (Prop_IBUFCTRL_HPIOB_I_O)
                                                      0.000     0.660 r  clk_250_to_100_MHz/clock_wizard_inst/clkin1_ibufds/IBUFCTRL_INST/O
                         net (fo=1, routed)           1.082     1.742    clk_250_to_100_MHz/clock_wizard_inst/clk_in1_clock_wizard
    PLLE3_ADV_X0Y3       PLLE3_ADV (Prop_PLLE3_ADV_CLKIN_CLKOUT0)
                                                      0.068     1.810 r  clk_250_to_100_MHz/clock_wizard_inst/plle3_adv_inst/CLKOUT0
                         net (fo=1, routed)           0.529     2.339    clk_250_to_100_MHz/clock_wizard_inst/clk_out1_clock_wizard
    BUFGCE_X0Y47         BUFGCE (Prop_BUFCE_BUFGCE_I_O)
                                                      0.101     2.440 r  clk_250_to_100_MHz/clock_wizard_inst/clkout1_buf/O
    X0Y1 (CLOCK_ROOT)    net (fo=9788, routed)        2.291     4.731    iob_soc_memwrapper/iob_core_inst/cpu/u_top/u_ibex_core/if_stage_i/g_instr_rdata_ra.instr_rdata_id_reg_inst/no_tmr.reg_inst/reg0/clk
    SLICE_X15Y80         FDRE                                         r  iob_soc_memwrapper/iob_core_inst/cpu/u_top/u_ibex_core/if_stage_i/g_instr_rdata_ra.instr_rdata_id_reg_inst/no_tmr.reg_inst/reg0/data_o_reg[22]/C
  -------------------------------------------------------------------    -------------------
    SLICE_X15Y80         FDRE (Prop_CFF_SLICEM_C_Q)
                                                      0.138     4.869 r  iob_soc_memwrapper/iob_core_inst/cpu/u_top/u_ibex_core/if_stage_i/g_instr_rdata_ra.instr_rdata_id_reg_inst/no_tmr.reg_inst/reg0/data_o_reg[22]/Q
                         net (fo=46, routed)          0.545     5.414    iob_soc_memwrapper/iob_core_inst/cpu/u_top/gen_regfile_fpga.register_file_i/gen_rdata_mux_check.u_prim_onehot_enc_raddr_b/rf_raddr_b[2]
    SLICE_X14Y71         LUT5 (Prop_D5LUT_SLICEL_I1_O)
                                                      0.260     5.674 r  iob_soc_memwrapper/iob_core_inst/cpu/u_top/gen_regfile_fpga.register_file_i/gen_rdata_mux_check.u_prim_onehot_enc_raddr_b/data_o[63]_i_39/O
                         net (fo=39, routed)          0.791     6.465    iob_soc_memwrapper/iob_core_inst/cpu/u_top/u_ibex_core/if_stage_i/g_instr_rdata_ra.instr_rdata_id_reg_inst/no_tmr.reg_inst/reg0/gen_rdata_mux_check.raddr_onehot_b[15]
    SLICE_X12Y58         LUT4 (Prop_G6LUT_SLICEL_I2_O)
                                                      0.089     6.554 r  iob_soc_memwrapper/iob_core_inst/cpu/u_top/u_ibex_core/if_stage_i/g_instr_rdata_ra.instr_rdata_id_reg_inst/no_tmr.reg_inst/reg0/data_o[34]_i_13/O
                         net (fo=1, routed)           0.241     6.795    iob_soc_memwrapper/iob_core_inst/cpu/u_top/u_ibex_core/if_stage_i/g_instr_rdata_ra.instr_rdata_id_reg_inst/no_tmr.reg_inst/reg0/data_o[34]_i_13_n_0
    SLICE_X12Y58         LUT6 (Prop_H6LUT_SLICEL_I0_O)
                                                      0.218     7.013 r  iob_soc_memwrapper/iob_core_inst/cpu/u_top/u_ibex_core/if_stage_i/g_instr_rdata_ra.instr_rdata_id_reg_inst/no_tmr.reg_inst/reg0/data_o[34]_i_8/O
                         net (fo=1, routed)           0.398     7.411    iob_soc_memwrapper/iob_core_inst/cpu/u_top/u_ibex_core/if_stage_i/g_instr_rdata_ra.instr_rdata_id_reg_inst/no_tmr.reg_inst/reg0/data_o[34]_i_8_n_0
    SLICE_X18Y59         LUT6 (Prop_H6LUT_SLICEM_I5_O)
                                                      0.173     7.584 r  iob_soc_memwrapper/iob_core_inst/cpu/u_top/u_ibex_core/if_stage_i/g_instr_rdata_ra.instr_rdata_id_reg_inst/no_tmr.reg_inst/reg0/data_o[34]_i_3/O
                         net (fo=1, routed)           0.266     7.850    iob_soc_memwrapper/iob_core_inst/cpu/u_top/u_ibex_core/if_stage_i/g_instr_rdata_ra.instr_rdata_id_reg_inst/no_tmr.reg_inst/reg0/data_o[34]_i_3_n_0
    SLICE_X19Y61         LUT5 (Prop_C6LUT_SLICEL_I1_O)
                                                      0.219     8.069 r  iob_soc_memwrapper/iob_core_inst/cpu/u_top/u_ibex_core/if_stage_i/g_instr_rdata_ra.instr_rdata_id_reg_inst/no_tmr.reg_inst/reg0/data_o[34]_i_1/O
                         net (fo=10, routed)          0.746     8.815    iob_soc_memwrapper/iob_core_inst/cpu/u_top/u_ibex_core/if_stage_i/g_instr_rdata_ra.instr_rdata_id_reg_inst/no_tmr.reg_inst/reg0/mem_reg[1][9]
    SLICE_X15Y92         LUT6 (Prop_D6LUT_SLICEM_I4_O)
                                                      0.092     8.907 r  iob_soc_memwrapper/iob_core_inst/cpu/u_top/u_ibex_core/if_stage_i/g_instr_rdata_ra.instr_rdata_id_reg_inst/no_tmr.reg_inst/reg0/i___5_i_12__0/O
                         net (fo=3, routed)           0.569     9.476    iob_soc_memwrapper/iob_core_inst/cpu/u_top/u_ibex_core/ex_block_i/alu_operand_b_ex[8]
    SLICE_X14Y103        LUT3 (Prop_B6LUT_SLICEL_I1_O)
                                                      0.053     9.529 r  iob_soc_memwrapper/iob_core_inst/cpu/u_top/u_ibex_core/ex_block_i/adder_result_ext_o_carry__0_i_15/O
                         net (fo=1, routed)           0.000     9.529    iob_soc_memwrapper/iob_core_inst/cpu/u_top/u_ibex_core/ex_block_i/alu_i/data_o_reg[15][1]
    SLICE_X14Y103        CARRY8 (Prop_CARRY8_SLICEL_S[1]_CO[7])
                                                      0.408     9.937 r  iob_soc_memwrapper/iob_core_inst/cpu/u_top/u_ibex_core/ex_block_i/alu_i/adder_result_ext_o_carry__0/CO[7]
                         net (fo=1, routed)           0.030     9.967    iob_soc_memwrapper/iob_core_inst/cpu/u_top/u_ibex_core/ex_block_i/alu_i/adder_result_ext_o_carry__0_n_0
    SLICE_X14Y104        CARRY8 (Prop_CARRY8_SLICEL_CI_CO[7])
                                                      0.025     9.992 r  iob_soc_memwrapper/iob_core_inst/cpu/u_top/u_ibex_core/ex_block_i/alu_i/adder_result_ext_o_carry__1/CO[7]
                         net (fo=1, routed)           0.030    10.022    iob_soc_memwrapper/iob_core_inst/cpu/u_top/u_ibex_core/ex_block_i/alu_i/adder_result_ext_o_carry__1_n_0
    SLICE_X14Y105        CARRY8 (Prop_CARRY8_SLICEL_CI_O[0])
                                                      0.132    10.154 f  iob_soc_memwrapper/iob_core_inst/cpu/u_top/u_ibex_core/ex_block_i/alu_i/adder_result_ext_o_carry__2/O[0]
                         net (fo=88, routed)          1.394    11.548    iob_soc_memwrapper/iob_core_inst/cpu/u_top/u_ibex_core/cs_registers_i/g_pmp_registers.g_pmp_csrs[8].u_pmp_cfg_csr/rdata_reg_inst/no_tmr.reg_inst/reg0/alu_adder_result_ex_o[22]
    SLICE_X2Y139         LUT6 (Prop_G6LUT_SLICEL_I0_O)
                                                      0.166    11.714 f  iob_soc_memwrapper/iob_core_inst/cpu/u_top/u_ibex_core/cs_registers_i/g_pmp_registers.g_pmp_csrs[8].u_pmp_cfg_csr/rdata_reg_inst/no_tmr.reg_inst/reg0/core_outputs_q_reg[1][data_req]_srl2_i_141/O
                         net (fo=1, routed)           0.475    12.189    iob_soc_memwrapper/iob_core_inst/cpu/u_top/u_ibex_core/g_pmp.pmp_i/core_outputs_q_reg[1][data_req]_srl2_i_13[3]
    SLICE_X3Y139         CARRY8 (Prop_CARRY8_SLICEL_DI[3]_CO[7])
                                                      0.432    12.621 f  iob_soc_memwrapper/iob_core_inst/cpu/u_top/u_ibex_core/g_pmp.pmp_i/core_outputs_q_reg[1][data_req]_srl2_i_42/CO[7]
                         net (fo=1, routed)           0.498    13.119    iob_soc_memwrapper/iob_core_inst/cpu/u_top/u_ibex_core/cs_registers_i/g_pmp_registers.g_pmp_csrs[8].u_pmp_cfg_csr/rdata_reg_inst/no_tmr.reg_inst/reg0/core_outputs_q_reg[1][data_req]_srl2_i_55_1[0]
    SLICE_X5Y135         LUT5 (Prop_D5LUT_SLICEM_I4_O)
                                                      0.171    13.290 f  iob_soc_memwrapper/iob_core_inst/cpu/u_top/u_ibex_core/cs_registers_i/g_pmp_registers.g_pmp_csrs[8].u_pmp_cfg_csr/rdata_reg_inst/no_tmr.reg_inst/reg0/core_outputs_q_reg[1][data_req]_srl2_i_13/O
                         net (fo=5, routed)           0.712    14.002    iob_soc_memwrapper/iob_core_inst/cpu/u_top/u_ibex_core/cs_registers_i/g_pmp_registers.g_pmp_csrs[10].u_pmp_cfg_csr/rdata_reg_inst/no_tmr.reg_inst/reg0/g_access_check[2].g_regions[8].region_match_all_reg[2]_70
    SLICE_X15Y136        LUT6 (Prop_G6LUT_SLICEM_I1_O)
                                                      0.168    14.170 f  iob_soc_memwrapper/iob_core_inst/cpu/u_top/u_ibex_core/cs_registers_i/g_pmp_registers.g_pmp_csrs[10].u_pmp_cfg_csr/rdata_reg_inst/no_tmr.reg_inst/reg0/core_outputs_q_reg[1][data_req]_srl2_i_55/O
                         net (fo=4, routed)           0.095    14.265    iob_soc_memwrapper/iob_core_inst/cpu/u_top/u_ibex_core/cs_registers_i/g_pmp_registers.g_pmp_csrs[13].u_pmp_cfg_csr/rdata_reg_inst/no_tmr.reg_inst/reg0/core_outputs_q_reg[1][data_req]_srl2_i_7
    SLICE_X15Y136        LUT4 (Prop_D5LUT_SLICEM_I2_O)
                                                      0.193    14.458 f  iob_soc_memwrapper/iob_core_inst/cpu/u_top/u_ibex_core/cs_registers_i/g_pmp_registers.g_pmp_csrs[13].u_pmp_cfg_csr/rdata_reg_inst/no_tmr.reg_inst/reg0/core_outputs_q_reg[1][data_req]_srl2_i_24/O
                         net (fo=2, routed)           0.235    14.693    iob_soc_memwrapper/iob_core_inst/cpu/u_top/u_ibex_core/cs_registers_i/g_pmp_registers.g_pmp_csrs[14].u_pmp_cfg_csr/rdata_reg_inst/no_tmr.reg_inst/reg0/core_outputs_q_reg[1][data_req]_srl2_i_3
    SLICE_X16Y136        LUT3 (Prop_B6LUT_SLICEL_I1_O)
                                                      0.053    14.746 r  iob_soc_memwrapper/iob_core_inst/cpu/u_top/u_ibex_core/cs_registers_i/g_pmp_registers.g_pmp_csrs[14].u_pmp_cfg_csr/rdata_reg_inst/no_tmr.reg_inst/reg0/core_outputs_q_reg[1][data_req]_srl2_i_7/O
                         net (fo=2, routed)           0.258    15.004    iob_soc_memwrapper/iob_core_inst/cpu/u_top/u_ibex_core/cs_registers_i/g_pmp_registers.g_pmp_csrs[13].u_pmp_cfg_csr/rdata_reg_inst/no_tmr.reg_inst/reg0/data_o[0]_i_5__5
    SLICE_X15Y135        LUT5 (Prop_E6LUT_SLICEM_I1_O)
                                                      0.225    15.229 f  iob_soc_memwrapper/iob_core_inst/cpu/u_top/u_ibex_core/cs_registers_i/g_pmp_registers.g_pmp_csrs[13].u_pmp_cfg_csr/rdata_reg_inst/no_tmr.reg_inst/reg0/core_outputs_q_reg[1][data_req]_srl2_i_3/O
                         net (fo=4, routed)           0.582    15.811    iob_soc_memwrapper/iob_core_inst/cpu/u_top/u_ibex_core/cs_registers_i/g_pmp_registers.g_pmp_csrs[13].u_pmp_cfg_csr/rdata_reg_inst/no_tmr.reg_inst/reg0/core_outputs_q_reg[1][data_req]_srl2_i_10
    SLICE_X11Y118        LUT6 (Prop_H6LUT_SLICEM_I3_O)
                                                      0.055    15.866 r  iob_soc_memwrapper/iob_core_inst/cpu/u_top/u_ibex_core/cs_registers_i/g_pmp_registers.g_pmp_csrs[13].u_pmp_cfg_csr/rdata_reg_inst/no_tmr.reg_inst/reg0/core_outputs_q_reg[1][data_req]_srl2_i_1/O
                         net (fo=17, routed)          0.916    16.782    iob_soc_memwrapper/iob_core_inst/cpu/u_top/u_ibex_core/if_stage_i/g_instr_rdata_ra.instr_rdata_id_reg_inst/no_tmr.reg_inst/reg0/data_o_reg[0]_38
    SLICE_X3Y99          LUT3 (Prop_D6LUT_SLICEL_I2_O)
                                                      0.090    16.872 f  iob_soc_memwrapper/iob_core_inst/cpu/u_top/u_ibex_core/if_stage_i/g_instr_rdata_ra.instr_rdata_id_reg_inst/no_tmr.reg_inst/reg0/data_o[0]_i_2__34/O
                         net (fo=6, routed)           0.558    17.430    iob_soc_memwrapper/iob_core_inst/iob_axi_full_xbar/iob_axi_merge_0/busy_write_reg_re/reg0/data_o_reg[0]_7
    SLICE_X3Y79          LUT4 (Prop_B5LUT_SLICEL_I1_O)
                                                      0.201    17.631 f  iob_soc_memwrapper/iob_core_inst/iob_axi_full_xbar/iob_axi_merge_0/busy_write_reg_re/reg0/write_count_reg[7]_i_3/O
                         net (fo=11, routed)          0.728    18.359    iob_soc_memwrapper/iob_core_inst/internal_memory/not_MEM_NO_READ_ON_WRITE.mem_reg_3_bram_1
    SLICE_X9Y82          LUT6 (Prop_F6LUT_SLICEL_I2_O)
                                                      0.051    18.410 r  iob_soc_memwrapper/iob_core_inst/internal_memory/not_MEM_NO_READ_ON_WRITE.mem_reg_0_bram_1_i_3/O
                         net (fo=4, routed)           0.618    19.028    iob_soc_memwrapper/ext_mem_mem/not_MEM_NO_READ_ON_WRITE.mem_reg_0_bram_1_1[0]
    RAMB36_X1Y18         RAMB36E2                                     r  iob_soc_memwrapper/ext_mem_mem/not_MEM_NO_READ_ON_WRITE.mem_reg_0_bram_1/WEA[0]
  -------------------------------------------------------------------    -------------------

                         (clock clk_out1_clock_wizard rise edge)
                                                     17.000    17.000 r  
    H22                                               0.000    17.000 r  c0_sys_clk_clk_p_i (IN)
                         net (fo=0)                   0.000    17.000    clk_250_to_100_MHz/clock_wizard_inst/clkin1_ibufds/I
    HPIOBDIFFINBUF_X0Y36 DIFFINBUF (Prop_DIFFINBUF_HPIOBDIFFINBUF_DIFF_IN_P_O)
                                                      0.374    17.374 r  clk_250_to_100_MHz/clock_wizard_inst/clkin1_ibufds/DIFFINBUF_INST/O
                         net (fo=1, routed)           0.055    17.429    clk_250_to_100_MHz/clock_wizard_inst/clkin1_ibufds/OUT
    H22                  IBUFCTRL (Prop_IBUFCTRL_HPIOB_I_O)
                                                      0.000    17.429 r  clk_250_to_100_MHz/clock_wizard_inst/clkin1_ibufds/IBUFCTRL_INST/O
                         net (fo=1, routed)           0.981    18.410    clk_250_to_100_MHz/clock_wizard_inst/clk_in1_clock_wizard
    PLLE3_ADV_X0Y3       PLLE3_ADV (Prop_PLLE3_ADV_CLKIN_CLKOUT0)
                                                      0.250    18.660 r  clk_250_to_100_MHz/clock_wizard_inst/plle3_adv_inst/CLKOUT0
                         net (fo=1, routed)           0.451    19.111    clk_250_to_100_MHz/clock_wizard_inst/clk_out1_clock_wizard
    BUFGCE_X0Y47         BUFGCE (Prop_BUFCE_BUFGCE_I_O)
                                                      0.091    19.202 r  clk_250_to_100_MHz/clock_wizard_inst/clkout1_buf/O
    X0Y1 (CLOCK_ROOT)    net (fo=9788, routed)        1.948    21.150    iob_soc_memwrapper/ext_mem_mem/clk
    RAMB36_X1Y18         RAMB36E2                                     r  iob_soc_memwrapper/ext_mem_mem/not_MEM_NO_READ_ON_WRITE.mem_reg_0_bram_1/CLKARDCLK
                         clock pessimism              0.383    21.533    
                         clock uncertainty           -0.069    21.464    
    RAMB36_X1Y18         RAMB36E2 (Setup_RAMB36E2_RAMB36_CLKARDCLK_WEA[0])
                                                     -0.693    20.771    iob_soc_memwrapper/ext_mem_mem/not_MEM_NO_READ_ON_WRITE.mem_reg_0_bram_1
  -------------------------------------------------------------------
                         required time                         20.771    
                         arrival time                         -19.028    
  -------------------------------------------------------------------
                         slack                                  1.743    

Slack (MET) :             1.811ns  (required time - arrival time)
  Source:                 iob_soc_memwrapper/iob_core_inst/cpu/u_top/u_ibex_core/if_stage_i/g_instr_rdata_ra.instr_rdata_id_reg_inst/no_tmr.reg_inst/reg0/data_o_reg[22]/C
                            (rising edge-triggered cell FDRE clocked by clk_out1_clock_wizard  {rise@0.000ns fall@8.500ns period=17.000ns})
  Destination:            iob_soc_memwrapper/ext_mem_mem/not_MEM_NO_READ_ON_WRITE.mem_reg_0_bram_1/ENARDEN
                            (rising edge-triggered cell RAMB36E2 clocked by clk_out1_clock_wizard  {rise@0.000ns fall@8.500ns period=17.000ns})
  Path Group:             clk_out1_clock_wizard
  Path Type:              Setup (Max at Slow Process Corner)
  Requirement:            17.000ns  (clk_out1_clock_wizard rise@17.000ns - clk_out1_clock_wizard rise@0.000ns)
  Data Path Delay:        14.387ns  (logic 3.612ns (25.106%)  route 10.775ns (74.894%))
  Logic Levels:           21  (CARRY8=4 LUT3=3 LUT4=3 LUT5=4 LUT6=7)
  Clock Path Skew:        -0.198ns (DCD - SCD + CPR)
    Destination Clock Delay (DCD):    4.150ns = ( 21.150 - 17.000 ) 
    Source Clock Delay      (SCD):    4.731ns
    Clock Pessimism Removal (CPR):    0.383ns
  Clock Uncertainty:      0.069ns  ((TSJ^2 + DJ^2)^1/2) / 2 + PE
    Total System Jitter     (TSJ):    0.071ns
    Discrete Jitter          (DJ):    0.119ns
    Phase Error              (PE):    0.000ns
  Clock Net Delay (Source):      2.291ns (routing 0.396ns, distribution 1.895ns)
  Clock Net Delay (Destination): 1.948ns (routing 0.365ns, distribution 1.583ns)

    Location             Delay type                Incr(ns)  Path(ns)    Netlist Resource(s)
  -------------------------------------------------------------------    -------------------
                         (clock clk_out1_clock_wizard rise edge)
                                                      0.000     0.000 r  
    H22                                               0.000     0.000 r  c0_sys_clk_clk_p_i (IN)
                         net (fo=0)                   0.000     0.000    clk_250_to_100_MHz/clock_wizard_inst/clkin1_ibufds/I
    HPIOBDIFFINBUF_X0Y36 DIFFINBUF (Prop_DIFFINBUF_HPIOBDIFFINBUF_DIFF_IN_P_O)
                                                      0.556     0.556 r  clk_250_to_100_MHz/clock_wizard_inst/clkin1_ibufds/DIFFINBUF_INST/O
                         net (fo=1, routed)           0.104     0.660    clk_250_to_100_MHz/clock_wizard_inst/clkin1_ibufds/OUT
    H22                  IBUFCTRL (Prop_IBUFCTRL_HPIOB_I_O)
                                                      0.000     0.660 r  clk_250_to_100_MHz/clock_wizard_inst/clkin1_ibufds/IBUFCTRL_INST/O
                         net (fo=1, routed)           1.082     1.742    clk_250_to_100_MHz/clock_wizard_inst/clk_in1_clock_wizard
    PLLE3_ADV_X0Y3       PLLE3_ADV (Prop_PLLE3_ADV_CLKIN_CLKOUT0)
                                                      0.068     1.810 r  clk_250_to_100_MHz/clock_wizard_inst/plle3_adv_inst/CLKOUT0
                         net (fo=1, routed)           0.529     2.339    clk_250_to_100_MHz/clock_wizard_inst/clk_out1_clock_wizard
    BUFGCE_X0Y47         BUFGCE (Prop_BUFCE_BUFGCE_I_O)
                                                      0.101     2.440 r  clk_250_to_100_MHz/clock_wizard_inst/clkout1_buf/O
    X0Y1 (CLOCK_ROOT)    net (fo=9788, routed)        2.291     4.731    iob_soc_memwrapper/iob_core_inst/cpu/u_top/u_ibex_core/if_stage_i/g_instr_rdata_ra.instr_rdata_id_reg_inst/no_tmr.reg_inst/reg0/clk
    SLICE_X15Y80         FDRE                                         r  iob_soc_memwrapper/iob_core_inst/cpu/u_top/u_ibex_core/if_stage_i/g_instr_rdata_ra.instr_rdata_id_reg_inst/no_tmr.reg_inst/reg0/data_o_reg[22]/C
  -------------------------------------------------------------------    -------------------
    SLICE_X15Y80         FDRE (Prop_CFF_SLICEM_C_Q)
                                                      0.138     4.869 r  iob_soc_memwrapper/iob_core_inst/cpu/u_top/u_ibex_core/if_stage_i/g_instr_rdata_ra.instr_rdata_id_reg_inst/no_tmr.reg_inst/reg0/data_o_reg[22]/Q
                         net (fo=46, routed)          0.545     5.414    iob_soc_memwrapper/iob_core_inst/cpu/u_top/gen_regfile_fpga.register_file_i/gen_rdata_mux_check.u_prim_onehot_enc_raddr_b/rf_raddr_b[2]
    SLICE_X14Y71         LUT5 (Prop_D5LUT_SLICEL_I1_O)
                                                      0.260     5.674 r  iob_soc_memwrapper/iob_core_inst/cpu/u_top/gen_regfile_fpga.register_file_i/gen_rdata_mux_check.u_prim_onehot_enc_raddr_b/data_o[63]_i_39/O
                         net (fo=39, routed)          0.791     6.465    iob_soc_memwrapper/iob_core_inst/cpu/u_top/u_ibex_core/if_stage_i/g_instr_rdata_ra.instr_rdata_id_reg_inst/no_tmr.reg_inst/reg0/gen_rdata_mux_check.raddr_onehot_b[15]
    SLICE_X12Y58         LUT4 (Prop_G6LUT_SLICEL_I2_O)
                                                      0.089     6.554 r  iob_soc_memwrapper/iob_core_inst/cpu/u_top/u_ibex_core/if_stage_i/g_instr_rdata_ra.instr_rdata_id_reg_inst/no_tmr.reg_inst/reg0/data_o[34]_i_13/O
                         net (fo=1, routed)           0.241     6.795    iob_soc_memwrapper/iob_core_inst/cpu/u_top/u_ibex_core/if_stage_i/g_instr_rdata_ra.instr_rdata_id_reg_inst/no_tmr.reg_inst/reg0/data_o[34]_i_13_n_0
    SLICE_X12Y58         LUT6 (Prop_H6LUT_SLICEL_I0_O)
                                                      0.218     7.013 r  iob_soc_memwrapper/iob_core_inst/cpu/u_top/u_ibex_core/if_stage_i/g_instr_rdata_ra.instr_rdata_id_reg_inst/no_tmr.reg_inst/reg0/data_o[34]_i_8/O
                         net (fo=1, routed)           0.398     7.411    iob_soc_memwrapper/iob_core_inst/cpu/u_top/u_ibex_core/if_stage_i/g_instr_rdata_ra.instr_rdata_id_reg_inst/no_tmr.reg_inst/reg0/data_o[34]_i_8_n_0
    SLICE_X18Y59         LUT6 (Prop_H6LUT_SLICEM_I5_O)
                                                      0.173     7.584 r  iob_soc_memwrapper/iob_core_inst/cpu/u_top/u_ibex_core/if_stage_i/g_instr_rdata_ra.instr_rdata_id_reg_inst/no_tmr.reg_inst/reg0/data_o[34]_i_3/O
                         net (fo=1, routed)           0.266     7.850    iob_soc_memwrapper/iob_core_inst/cpu/u_top/u_ibex_core/if_stage_i/g_instr_rdata_ra.instr_rdata_id_reg_inst/no_tmr.reg_inst/reg0/data_o[34]_i_3_n_0
    SLICE_X19Y61         LUT5 (Prop_C6LUT_SLICEL_I1_O)
                                                      0.219     8.069 r  iob_soc_memwrapper/iob_core_inst/cpu/u_top/u_ibex_core/if_stage_i/g_instr_rdata_ra.instr_rdata_id_reg_inst/no_tmr.reg_inst/reg0/data_o[34]_i_1/O
                         net (fo=10, routed)          0.746     8.815    iob_soc_memwrapper/iob_core_inst/cpu/u_top/u_ibex_core/if_stage_i/g_instr_rdata_ra.instr_rdata_id_reg_inst/no_tmr.reg_inst/reg0/mem_reg[1][9]
    SLICE_X15Y92         LUT6 (Prop_D6LUT_SLICEM_I4_O)
                                                      0.092     8.907 r  iob_soc_memwrapper/iob_core_inst/cpu/u_top/u_ibex_core/if_stage_i/g_instr_rdata_ra.instr_rdata_id_reg_inst/no_tmr.reg_inst/reg0/i___5_i_12__0/O
                         net (fo=3, routed)           0.569     9.476    iob_soc_memwrapper/iob_core_inst/cpu/u_top/u_ibex_core/ex_block_i/alu_operand_b_ex[8]
    SLICE_X14Y103        LUT3 (Prop_B6LUT_SLICEL_I1_O)
                                                      0.053     9.529 r  iob_soc_memwrapper/iob_core_inst/cpu/u_top/u_ibex_core/ex_block_i/adder_result_ext_o_carry__0_i_15/O
                         net (fo=1, routed)           0.000     9.529    iob_soc_memwrapper/iob_core_inst/cpu/u_top/u_ibex_core/ex_block_i/alu_i/data_o_reg[15][1]
    SLICE_X14Y103        CARRY8 (Prop_CARRY8_SLICEL_S[1]_CO[7])
                                                      0.408     9.937 r  iob_soc_memwrapper/iob_core_inst/cpu/u_top/u_ibex_core/ex_block_i/alu_i/adder_result_ext_o_carry__0/CO[7]
                         net (fo=1, routed)           0.030     9.967    iob_soc_memwrapper/iob_core_inst/cpu/u_top/u_ibex_core/ex_block_i/alu_i/adder_result_ext_o_carry__0_n_0
    SLICE_X14Y104        CARRY8 (Prop_CARRY8_SLICEL_CI_CO[7])
                                                      0.025     9.992 r  iob_soc_memwrapper/iob_core_inst/cpu/u_top/u_ibex_core/ex_block_i/alu_i/adder_result_ext_o_carry__1/CO[7]
                         net (fo=1, routed)           0.030    10.022    iob_soc_memwrapper/iob_core_inst/cpu/u_top/u_ibex_core/ex_block_i/alu_i/adder_result_ext_o_carry__1_n_0
    SLICE_X14Y105        CARRY8 (Prop_CARRY8_SLICEL_CI_O[0])
                                                      0.132    10.154 f  iob_soc_memwrapper/iob_core_inst/cpu/u_top/u_ibex_core/ex_block_i/alu_i/adder_result_ext_o_carry__2/O[0]
                         net (fo=88, routed)          1.394    11.548    iob_soc_memwrapper/iob_core_inst/cpu/u_top/u_ibex_core/cs_registers_i/g_pmp_registers.g_pmp_csrs[8].u_pmp_cfg_csr/rdata_reg_inst/no_tmr.reg_inst/reg0/alu_adder_result_ex_o[22]
    SLICE_X2Y139         LUT6 (Prop_G6LUT_SLICEL_I0_O)
                                                      0.166    11.714 f  iob_soc_memwrapper/iob_core_inst/cpu/u_top/u_ibex_core/cs_registers_i/g_pmp_registers.g_pmp_csrs[8].u_pmp_cfg_csr/rdata_reg_inst/no_tmr.reg_inst/reg0/core_outputs_q_reg[1][data_req]_srl2_i_141/O
                         net (fo=1, routed)           0.475    12.189    iob_soc_memwrapper/iob_core_inst/cpu/u_top/u_ibex_core/g_pmp.pmp_i/core_outputs_q_reg[1][data_req]_srl2_i_13[3]
    SLICE_X3Y139         CARRY8 (Prop_CARRY8_SLICEL_DI[3]_CO[7])
                                                      0.432    12.621 f  iob_soc_memwrapper/iob_core_inst/cpu/u_top/u_ibex_core/g_pmp.pmp_i/core_outputs_q_reg[1][data_req]_srl2_i_42/CO[7]
                         net (fo=1, routed)           0.498    13.119    iob_soc_memwrapper/iob_core_inst/cpu/u_top/u_ibex_core/cs_registers_i/g_pmp_registers.g_pmp_csrs[8].u_pmp_cfg_csr/rdata_reg_inst/no_tmr.reg_inst/reg0/core_outputs_q_reg[1][data_req]_srl2_i_55_1[0]
    SLICE_X5Y135         LUT5 (Prop_D5LUT_SLICEM_I4_O)
                                                      0.171    13.290 f  iob_soc_memwrapper/iob_core_inst/cpu/u_top/u_ibex_core/cs_registers_i/g_pmp_registers.g_pmp_csrs[8].u_pmp_cfg_csr/rdata_reg_inst/no_tmr.reg_inst/reg0/core_outputs_q_reg[1][data_req]_srl2_i_13/O
                         net (fo=5, routed)           0.712    14.002    iob_soc_memwrapper/iob_core_inst/cpu/u_top/u_ibex_core/cs_registers_i/g_pmp_registers.g_pmp_csrs[10].u_pmp_cfg_csr/rdata_reg_inst/no_tmr.reg_inst/reg0/g_access_check[2].g_regions[8].region_match_all_reg[2]_70
    SLICE_X15Y136        LUT6 (Prop_G6LUT_SLICEM_I1_O)
                                                      0.168    14.170 f  iob_soc_memwrapper/iob_core_inst/cpu/u_top/u_ibex_core/cs_registers_i/g_pmp_registers.g_pmp_csrs[10].u_pmp_cfg_csr/rdata_reg_inst/no_tmr.reg_inst/reg0/core_outputs_q_reg[1][data_req]_srl2_i_55/O
                         net (fo=4, routed)           0.095    14.265    iob_soc_memwrapper/iob_core_inst/cpu/u_top/u_ibex_core/cs_registers_i/g_pmp_registers.g_pmp_csrs[13].u_pmp_cfg_csr/rdata_reg_inst/no_tmr.reg_inst/reg0/core_outputs_q_reg[1][data_req]_srl2_i_7
    SLICE_X15Y136        LUT4 (Prop_D5LUT_SLICEM_I2_O)
                                                      0.193    14.458 f  iob_soc_memwrapper/iob_core_inst/cpu/u_top/u_ibex_core/cs_registers_i/g_pmp_registers.g_pmp_csrs[13].u_pmp_cfg_csr/rdata_reg_inst/no_tmr.reg_inst/reg0/core_outputs_q_reg[1][data_req]_srl2_i_24/O
                         net (fo=2, routed)           0.235    14.693    iob_soc_memwrapper/iob_core_inst/cpu/u_top/u_ibex_core/cs_registers_i/g_pmp_registers.g_pmp_csrs[14].u_pmp_cfg_csr/rdata_reg_inst/no_tmr.reg_inst/reg0/core_outputs_q_reg[1][data_req]_srl2_i_3
    SLICE_X16Y136        LUT3 (Prop_B6LUT_SLICEL_I1_O)
                                                      0.053    14.746 r  iob_soc_memwrapper/iob_core_inst/cpu/u_top/u_ibex_core/cs_registers_i/g_pmp_registers.g_pmp_csrs[14].u_pmp_cfg_csr/rdata_reg_inst/no_tmr.reg_inst/reg0/core_outputs_q_reg[1][data_req]_srl2_i_7/O
                         net (fo=2, routed)           0.258    15.004    iob_soc_memwrapper/iob_core_inst/cpu/u_top/u_ibex_core/cs_registers_i/g_pmp_registers.g_pmp_csrs[13].u_pmp_cfg_csr/rdata_reg_inst/no_tmr.reg_inst/reg0/data_o[0]_i_5__5
    SLICE_X15Y135        LUT5 (Prop_E6LUT_SLICEM_I1_O)
                                                      0.225    15.229 f  iob_soc_memwrapper/iob_core_inst/cpu/u_top/u_ibex_core/cs_registers_i/g_pmp_registers.g_pmp_csrs[13].u_pmp_cfg_csr/rdata_reg_inst/no_tmr.reg_inst/reg0/core_outputs_q_reg[1][data_req]_srl2_i_3/O
                         net (fo=4, routed)           0.582    15.811    iob_soc_memwrapper/iob_core_inst/cpu/u_top/u_ibex_core/cs_registers_i/g_pmp_registers.g_pmp_csrs[13].u_pmp_cfg_csr/rdata_reg_inst/no_tmr.reg_inst/reg0/core_outputs_q_reg[1][data_req]_srl2_i_10
    SLICE_X11Y118        LUT6 (Prop_H6LUT_SLICEM_I3_O)
                                                      0.055    15.866 r  iob_soc_memwrapper/iob_core_inst/cpu/u_top/u_ibex_core/cs_registers_i/g_pmp_registers.g_pmp_csrs[13].u_pmp_cfg_csr/rdata_reg_inst/no_tmr.reg_inst/reg0/core_outputs_q_reg[1][data_req]_srl2_i_1/O
                         net (fo=17, routed)          0.916    16.782    iob_soc_memwrapper/iob_core_inst/cpu/u_top/u_ibex_core/if_stage_i/g_instr_rdata_ra.instr_rdata_id_reg_inst/no_tmr.reg_inst/reg0/data_o_reg[0]_38
    SLICE_X3Y99          LUT3 (Prop_D6LUT_SLICEL_I2_O)
                                                      0.090    16.872 f  iob_soc_memwrapper/iob_core_inst/cpu/u_top/u_ibex_core/if_stage_i/g_instr_rdata_ra.instr_rdata_id_reg_inst/no_tmr.reg_inst/reg0/data_o[0]_i_2__34/O
                         net (fo=6, routed)           0.558    17.430    iob_soc_memwrapper/iob_core_inst/iob_axi_full_xbar/iob_axi_merge_0/busy_write_reg_re/reg0/data_o_reg[0]_7
    SLICE_X3Y79          LUT4 (Prop_B5LUT_SLICEL_I1_O)
                                                      0.201    17.631 f  iob_soc_memwrapper/iob_core_inst/iob_axi_full_xbar/iob_axi_merge_0/busy_write_reg_re/reg0/write_count_reg[7]_i_3/O
                         net (fo=11, routed)          0.728    18.359    iob_soc_memwrapper/iob_core_inst/internal_memory/not_MEM_NO_READ_ON_WRITE.mem_reg_3_bram_1
    SLICE_X9Y82          LUT6 (Prop_F6LUT_SLICEL_I2_O)
                                                      0.051    18.410 r  iob_soc_memwrapper/iob_core_inst/internal_memory/not_MEM_NO_READ_ON_WRITE.mem_reg_0_bram_1_i_3/O
                         net (fo=4, routed)           0.708    19.118    iob_soc_memwrapper/ext_mem_mem/not_MEM_NO_READ_ON_WRITE.mem_reg_0_bram_1_1[0]
    RAMB36_X1Y18         RAMB36E2                                     r  iob_soc_memwrapper/ext_mem_mem/not_MEM_NO_READ_ON_WRITE.mem_reg_0_bram_1/ENARDEN
  -------------------------------------------------------------------    -------------------

                         (clock clk_out1_clock_wizard rise edge)
                                                     17.000    17.000 r  
    H22                                               0.000    17.000 r  c0_sys_clk_clk_p_i (IN)
                         net (fo=0)                   0.000    17.000    clk_250_to_100_MHz/clock_wizard_inst/clkin1_ibufds/I
    HPIOBDIFFINBUF_X0Y36 DIFFINBUF (Prop_DIFFINBUF_HPIOBDIFFINBUF_DIFF_IN_P_O)
                                                      0.374    17.374 r  clk_250_to_100_MHz/clock_wizard_inst/clkin1_ibufds/DIFFINBUF_INST/O
                         net (fo=1, routed)           0.055    17.429    clk_250_to_100_MHz/clock_wizard_inst/clkin1_ibufds/OUT
    H22                  IBUFCTRL (Prop_IBUFCTRL_HPIOB_I_O)
                                                      0.000    17.429 r  clk_250_to_100_MHz/clock_wizard_inst/clkin1_ibufds/IBUFCTRL_INST/O
                         net (fo=1, routed)           0.981    18.410    clk_250_to_100_MHz/clock_wizard_inst/clk_in1_clock_wizard
    PLLE3_ADV_X0Y3       PLLE3_ADV (Prop_PLLE3_ADV_CLKIN_CLKOUT0)
                                                      0.250    18.660 r  clk_250_to_100_MHz/clock_wizard_inst/plle3_adv_inst/CLKOUT0
                         net (fo=1, routed)           0.451    19.111    clk_250_to_100_MHz/clock_wizard_inst/clk_out1_clock_wizard
    BUFGCE_X0Y47         BUFGCE (Prop_BUFCE_BUFGCE_I_O)
                                                      0.091    19.202 r  clk_250_to_100_MHz/clock_wizard_inst/clkout1_buf/O
    X0Y1 (CLOCK_ROOT)    net (fo=9788, routed)        1.948    21.150    iob_soc_memwrapper/ext_mem_mem/clk
    RAMB36_X1Y18         RAMB36E2                                     r  iob_soc_memwrapper/ext_mem_mem/not_MEM_NO_READ_ON_WRITE.mem_reg_0_bram_1/CLKARDCLK
                         clock pessimism              0.383    21.533    
                         clock uncertainty           -0.069    21.464    
    RAMB36_X1Y18         RAMB36E2 (Setup_RAMB36E2_RAMB36_CLKARDCLK_ENARDEN)
                                                     -0.535    20.929    iob_soc_memwrapper/ext_mem_mem/not_MEM_NO_READ_ON_WRITE.mem_reg_0_bram_1
  -------------------------------------------------------------------
                         required time                         20.929    
                         arrival time                         -19.118    
  -------------------------------------------------------------------
                         slack                                  1.811    

Slack (MET) :             1.812ns  (required time - arrival time)
  Source:                 iob_soc_memwrapper/iob_core_inst/cpu/u_top/u_ibex_core/if_stage_i/g_instr_rdata_ra.instr_rdata_id_reg_inst/no_tmr.reg_inst/reg0/data_o_reg[22]/C
                            (rising edge-triggered cell FDRE clocked by clk_out1_clock_wizard  {rise@0.000ns fall@8.500ns period=17.000ns})
  Destination:            iob_soc_memwrapper/ext_mem_mem/not_MEM_NO_READ_ON_WRITE.mem_reg_3_bram_0/WEA[0]
                            (rising edge-triggered cell RAMB36E2 clocked by clk_out1_clock_wizard  {rise@0.000ns fall@8.500ns period=17.000ns})
  Path Group:             clk_out1_clock_wizard
  Path Type:              Setup (Max at Slow Process Corner)
  Requirement:            17.000ns  (clk_out1_clock_wizard rise@17.000ns - clk_out1_clock_wizard rise@0.000ns)
  Data Path Delay:        14.238ns  (logic 3.650ns (25.636%)  route 10.588ns (74.364%))
  Logic Levels:           21  (CARRY8=4 LUT3=3 LUT4=3 LUT5=4 LUT6=7)
  Clock Path Skew:        -0.188ns (DCD - SCD + CPR)
    Destination Clock Delay (DCD):    4.160ns = ( 21.160 - 17.000 ) 
    Source Clock Delay      (SCD):    4.731ns
    Clock Pessimism Removal (CPR):    0.383ns
  Clock Uncertainty:      0.069ns  ((TSJ^2 + DJ^2)^1/2) / 2 + PE
    Total System Jitter     (TSJ):    0.071ns
    Discrete Jitter          (DJ):    0.119ns
    Phase Error              (PE):    0.000ns
  Clock Net Delay (Source):      2.291ns (routing 0.396ns, distribution 1.895ns)
  Clock Net Delay (Destination): 1.958ns (routing 0.365ns, distribution 1.593ns)

    Location             Delay type                Incr(ns)  Path(ns)    Netlist Resource(s)
  -------------------------------------------------------------------    -------------------
                         (clock clk_out1_clock_wizard rise edge)
                                                      0.000     0.000 r  
    H22                                               0.000     0.000 r  c0_sys_clk_clk_p_i (IN)
                         net (fo=0)                   0.000     0.000    clk_250_to_100_MHz/clock_wizard_inst/clkin1_ibufds/I
    HPIOBDIFFINBUF_X0Y36 DIFFINBUF (Prop_DIFFINBUF_HPIOBDIFFINBUF_DIFF_IN_P_O)
                                                      0.556     0.556 r  clk_250_to_100_MHz/clock_wizard_inst/clkin1_ibufds/DIFFINBUF_INST/O
                         net (fo=1, routed)           0.104     0.660    clk_250_to_100_MHz/clock_wizard_inst/clkin1_ibufds/OUT
    H22                  IBUFCTRL (Prop_IBUFCTRL_HPIOB_I_O)
                                                      0.000     0.660 r  clk_250_to_100_MHz/clock_wizard_inst/clkin1_ibufds/IBUFCTRL_INST/O
                         net (fo=1, routed)           1.082     1.742    clk_250_to_100_MHz/clock_wizard_inst/clk_in1_clock_wizard
    PLLE3_ADV_X0Y3       PLLE3_ADV (Prop_PLLE3_ADV_CLKIN_CLKOUT0)
                                                      0.068     1.810 r  clk_250_to_100_MHz/clock_wizard_inst/plle3_adv_inst/CLKOUT0
                         net (fo=1, routed)           0.529     2.339    clk_250_to_100_MHz/clock_wizard_inst/clk_out1_clock_wizard
    BUFGCE_X0Y47         BUFGCE (Prop_BUFCE_BUFGCE_I_O)
                                                      0.101     2.440 r  clk_250_to_100_MHz/clock_wizard_inst/clkout1_buf/O
    X0Y1 (CLOCK_ROOT)    net (fo=9788, routed)        2.291     4.731    iob_soc_memwrapper/iob_core_inst/cpu/u_top/u_ibex_core/if_stage_i/g_instr_rdata_ra.instr_rdata_id_reg_inst/no_tmr.reg_inst/reg0/clk
    SLICE_X15Y80         FDRE                                         r  iob_soc_memwrapper/iob_core_inst/cpu/u_top/u_ibex_core/if_stage_i/g_instr_rdata_ra.instr_rdata_id_reg_inst/no_tmr.reg_inst/reg0/data_o_reg[22]/C
  -------------------------------------------------------------------    -------------------
    SLICE_X15Y80         FDRE (Prop_CFF_SLICEM_C_Q)
                                                      0.138     4.869 r  iob_soc_memwrapper/iob_core_inst/cpu/u_top/u_ibex_core/if_stage_i/g_instr_rdata_ra.instr_rdata_id_reg_inst/no_tmr.reg_inst/reg0/data_o_reg[22]/Q
                         net (fo=46, routed)          0.545     5.414    iob_soc_memwrapper/iob_core_inst/cpu/u_top/gen_regfile_fpga.register_file_i/gen_rdata_mux_check.u_prim_onehot_enc_raddr_b/rf_raddr_b[2]
    SLICE_X14Y71         LUT5 (Prop_D5LUT_SLICEL_I1_O)
                                                      0.260     5.674 r  iob_soc_memwrapper/iob_core_inst/cpu/u_top/gen_regfile_fpga.register_file_i/gen_rdata_mux_check.u_prim_onehot_enc_raddr_b/data_o[63]_i_39/O
                         net (fo=39, routed)          0.791     6.465    iob_soc_memwrapper/iob_core_inst/cpu/u_top/u_ibex_core/if_stage_i/g_instr_rdata_ra.instr_rdata_id_reg_inst/no_tmr.reg_inst/reg0/gen_rdata_mux_check.raddr_onehot_b[15]
    SLICE_X12Y58         LUT4 (Prop_G6LUT_SLICEL_I2_O)
                                                      0.089     6.554 r  iob_soc_memwrapper/iob_core_inst/cpu/u_top/u_ibex_core/if_stage_i/g_instr_rdata_ra.instr_rdata_id_reg_inst/no_tmr.reg_inst/reg0/data_o[34]_i_13/O
                         net (fo=1, routed)           0.241     6.795    iob_soc_memwrapper/iob_core_inst/cpu/u_top/u_ibex_core/if_stage_i/g_instr_rdata_ra.instr_rdata_id_reg_inst/no_tmr.reg_inst/reg0/data_o[34]_i_13_n_0
    SLICE_X12Y58         LUT6 (Prop_H6LUT_SLICEL_I0_O)
                                                      0.218     7.013 r  iob_soc_memwrapper/iob_core_inst/cpu/u_top/u_ibex_core/if_stage_i/g_instr_rdata_ra.instr_rdata_id_reg_inst/no_tmr.reg_inst/reg0/data_o[34]_i_8/O
                         net (fo=1, routed)           0.398     7.411    iob_soc_memwrapper/iob_core_inst/cpu/u_top/u_ibex_core/if_stage_i/g_instr_rdata_ra.instr_rdata_id_reg_inst/no_tmr.reg_inst/reg0/data_o[34]_i_8_n_0
    SLICE_X18Y59         LUT6 (Prop_H6LUT_SLICEM_I5_O)
                                                      0.173     7.584 r  iob_soc_memwrapper/iob_core_inst/cpu/u_top/u_ibex_core/if_stage_i/g_instr_rdata_ra.instr_rdata_id_reg_inst/no_tmr.reg_inst/reg0/data_o[34]_i_3/O
                         net (fo=1, routed)           0.266     7.850    iob_soc_memwrapper/iob_core_inst/cpu/u_top/u_ibex_core/if_stage_i/g_instr_rdata_ra.instr_rdata_id_reg_inst/no_tmr.reg_inst/reg0/data_o[34]_i_3_n_0
    SLICE_X19Y61         LUT5 (Prop_C6LUT_SLICEL_I1_O)
                                                      0.219     8.069 r  iob_soc_memwrapper/iob_core_inst/cpu/u_top/u_ibex_core/if_stage_i/g_instr_rdata_ra.instr_rdata_id_reg_inst/no_tmr.reg_inst/reg0/data_o[34]_i_1/O
                         net (fo=10, routed)          0.746     8.815    iob_soc_memwrapper/iob_core_inst/cpu/u_top/u_ibex_core/if_stage_i/g_instr_rdata_ra.instr_rdata_id_reg_inst/no_tmr.reg_inst/reg0/mem_reg[1][9]
    SLICE_X15Y92         LUT6 (Prop_D6LUT_SLICEM_I4_O)
                                                      0.092     8.907 r  iob_soc_memwrapper/iob_core_inst/cpu/u_top/u_ibex_core/if_stage_i/g_instr_rdata_ra.instr_rdata_id_reg_inst/no_tmr.reg_inst/reg0/i___5_i_12__0/O
                         net (fo=3, routed)           0.569     9.476    iob_soc_memwrapper/iob_core_inst/cpu/u_top/u_ibex_core/ex_block_i/alu_operand_b_ex[8]
    SLICE_X14Y103        LUT3 (Prop_B6LUT_SLICEL_I1_O)
                                                      0.053     9.529 r  iob_soc_memwrapper/iob_core_inst/cpu/u_top/u_ibex_core/ex_block_i/adder_result_ext_o_carry__0_i_15/O
                         net (fo=1, routed)           0.000     9.529    iob_soc_memwrapper/iob_core_inst/cpu/u_top/u_ibex_core/ex_block_i/alu_i/data_o_reg[15][1]
    SLICE_X14Y103        CARRY8 (Prop_CARRY8_SLICEL_S[1]_CO[7])
                                                      0.408     9.937 r  iob_soc_memwrapper/iob_core_inst/cpu/u_top/u_ibex_core/ex_block_i/alu_i/adder_result_ext_o_carry__0/CO[7]
                         net (fo=1, routed)           0.030     9.967    iob_soc_memwrapper/iob_core_inst/cpu/u_top/u_ibex_core/ex_block_i/alu_i/adder_result_ext_o_carry__0_n_0
    SLICE_X14Y104        CARRY8 (Prop_CARRY8_SLICEL_CI_CO[7])
                                                      0.025     9.992 r  iob_soc_memwrapper/iob_core_inst/cpu/u_top/u_ibex_core/ex_block_i/alu_i/adder_result_ext_o_carry__1/CO[7]
                         net (fo=1, routed)           0.030    10.022    iob_soc_memwrapper/iob_core_inst/cpu/u_top/u_ibex_core/ex_block_i/alu_i/adder_result_ext_o_carry__1_n_0
    SLICE_X14Y105        CARRY8 (Prop_CARRY8_SLICEL_CI_O[0])
                                                      0.132    10.154 f  iob_soc_memwrapper/iob_core_inst/cpu/u_top/u_ibex_core/ex_block_i/alu_i/adder_result_ext_o_carry__2/O[0]
                         net (fo=88, routed)          1.394    11.548    iob_soc_memwrapper/iob_core_inst/cpu/u_top/u_ibex_core/cs_registers_i/g_pmp_registers.g_pmp_csrs[8].u_pmp_cfg_csr/rdata_reg_inst/no_tmr.reg_inst/reg0/alu_adder_result_ex_o[22]
    SLICE_X2Y139         LUT6 (Prop_G6LUT_SLICEL_I0_O)
                                                      0.166    11.714 f  iob_soc_memwrapper/iob_core_inst/cpu/u_top/u_ibex_core/cs_registers_i/g_pmp_registers.g_pmp_csrs[8].u_pmp_cfg_csr/rdata_reg_inst/no_tmr.reg_inst/reg0/core_outputs_q_reg[1][data_req]_srl2_i_141/O
                         net (fo=1, routed)           0.475    12.189    iob_soc_memwrapper/iob_core_inst/cpu/u_top/u_ibex_core/g_pmp.pmp_i/core_outputs_q_reg[1][data_req]_srl2_i_13[3]
    SLICE_X3Y139         CARRY8 (Prop_CARRY8_SLICEL_DI[3]_CO[7])
                                                      0.432    12.621 f  iob_soc_memwrapper/iob_core_inst/cpu/u_top/u_ibex_core/g_pmp.pmp_i/core_outputs_q_reg[1][data_req]_srl2_i_42/CO[7]
                         net (fo=1, routed)           0.498    13.119    iob_soc_memwrapper/iob_core_inst/cpu/u_top/u_ibex_core/cs_registers_i/g_pmp_registers.g_pmp_csrs[8].u_pmp_cfg_csr/rdata_reg_inst/no_tmr.reg_inst/reg0/core_outputs_q_reg[1][data_req]_srl2_i_55_1[0]
    SLICE_X5Y135         LUT5 (Prop_D5LUT_SLICEM_I4_O)
                                                      0.171    13.290 f  iob_soc_memwrapper/iob_core_inst/cpu/u_top/u_ibex_core/cs_registers_i/g_pmp_registers.g_pmp_csrs[8].u_pmp_cfg_csr/rdata_reg_inst/no_tmr.reg_inst/reg0/core_outputs_q_reg[1][data_req]_srl2_i_13/O
                         net (fo=5, routed)           0.712    14.002    iob_soc_memwrapper/iob_core_inst/cpu/u_top/u_ibex_core/cs_registers_i/g_pmp_registers.g_pmp_csrs[10].u_pmp_cfg_csr/rdata_reg_inst/no_tmr.reg_inst/reg0/g_access_check[2].g_regions[8].region_match_all_reg[2]_70
    SLICE_X15Y136        LUT6 (Prop_G6LUT_SLICEM_I1_O)
                                                      0.168    14.170 f  iob_soc_memwrapper/iob_core_inst/cpu/u_top/u_ibex_core/cs_registers_i/g_pmp_registers.g_pmp_csrs[10].u_pmp_cfg_csr/rdata_reg_inst/no_tmr.reg_inst/reg0/core_outputs_q_reg[1][data_req]_srl2_i_55/O
                         net (fo=4, routed)           0.095    14.265    iob_soc_memwrapper/iob_core_inst/cpu/u_top/u_ibex_core/cs_registers_i/g_pmp_registers.g_pmp_csrs[13].u_pmp_cfg_csr/rdata_reg_inst/no_tmr.reg_inst/reg0/core_outputs_q_reg[1][data_req]_srl2_i_7
    SLICE_X15Y136        LUT4 (Prop_D5LUT_SLICEM_I2_O)
                                                      0.193    14.458 f  iob_soc_memwrapper/iob_core_inst/cpu/u_top/u_ibex_core/cs_registers_i/g_pmp_registers.g_pmp_csrs[13].u_pmp_cfg_csr/rdata_reg_inst/no_tmr.reg_inst/reg0/core_outputs_q_reg[1][data_req]_srl2_i_24/O
                         net (fo=2, routed)           0.235    14.693    iob_soc_memwrapper/iob_core_inst/cpu/u_top/u_ibex_core/cs_registers_i/g_pmp_registers.g_pmp_csrs[14].u_pmp_cfg_csr/rdata_reg_inst/no_tmr.reg_inst/reg0/core_outputs_q_reg[1][data_req]_srl2_i_3
    SLICE_X16Y136        LUT3 (Prop_B6LUT_SLICEL_I1_O)
                                                      0.053    14.746 r  iob_soc_memwrapper/iob_core_inst/cpu/u_top/u_ibex_core/cs_registers_i/g_pmp_registers.g_pmp_csrs[14].u_pmp_cfg_csr/rdata_reg_inst/no_tmr.reg_inst/reg0/core_outputs_q_reg[1][data_req]_srl2_i_7/O
                         net (fo=2, routed)           0.258    15.004    iob_soc_memwrapper/iob_core_inst/cpu/u_top/u_ibex_core/cs_registers_i/g_pmp_registers.g_pmp_csrs[13].u_pmp_cfg_csr/rdata_reg_inst/no_tmr.reg_inst/reg0/data_o[0]_i_5__5
    SLICE_X15Y135        LUT5 (Prop_E6LUT_SLICEM_I1_O)
                                                      0.225    15.229 f  iob_soc_memwrapper/iob_core_inst/cpu/u_top/u_ibex_core/cs_registers_i/g_pmp_registers.g_pmp_csrs[13].u_pmp_cfg_csr/rdata_reg_inst/no_tmr.reg_inst/reg0/core_outputs_q_reg[1][data_req]_srl2_i_3/O
                         net (fo=4, routed)           0.582    15.811    iob_soc_memwrapper/iob_core_inst/cpu/u_top/u_ibex_core/cs_registers_i/g_pmp_registers.g_pmp_csrs[13].u_pmp_cfg_csr/rdata_reg_inst/no_tmr.reg_inst/reg0/core_outputs_q_reg[1][data_req]_srl2_i_10
    SLICE_X11Y118        LUT6 (Prop_H6LUT_SLICEM_I3_O)
                                                      0.055    15.866 r  iob_soc_memwrapper/iob_core_inst/cpu/u_top/u_ibex_core/cs_registers_i/g_pmp_registers.g_pmp_csrs[13].u_pmp_cfg_csr/rdata_reg_inst/no_tmr.reg_inst/reg0/core_outputs_q_reg[1][data_req]_srl2_i_1/O
                         net (fo=17, routed)          0.916    16.782    iob_soc_memwrapper/iob_core_inst/cpu/u_top/u_ibex_core/if_stage_i/g_instr_rdata_ra.instr_rdata_id_reg_inst/no_tmr.reg_inst/reg0/data_o_reg[0]_38
    SLICE_X3Y99          LUT3 (Prop_D6LUT_SLICEL_I2_O)
                                                      0.090    16.872 f  iob_soc_memwrapper/iob_core_inst/cpu/u_top/u_ibex_core/if_stage_i/g_instr_rdata_ra.instr_rdata_id_reg_inst/no_tmr.reg_inst/reg0/data_o[0]_i_2__34/O
                         net (fo=6, routed)           0.558    17.430    iob_soc_memwrapper/iob_core_inst/iob_axi_full_xbar/iob_axi_merge_0/busy_write_reg_re/reg0/data_o_reg[0]_7
    SLICE_X3Y79          LUT4 (Prop_B5LUT_SLICEL_I1_O)
                                                      0.201    17.631 f  iob_soc_memwrapper/iob_core_inst/iob_axi_full_xbar/iob_axi_merge_0/busy_write_reg_re/reg0/write_count_reg[7]_i_3/O
                         net (fo=11, routed)          0.744    18.375    iob_soc_memwrapper/iob_core_inst/internal_memory/not_MEM_NO_READ_ON_WRITE.mem_reg_3_bram_1
    SLICE_X9Y75          LUT6 (Prop_H6LUT_SLICEL_I2_O)
                                                      0.089    18.464 r  iob_soc_memwrapper/iob_core_inst/internal_memory/not_MEM_NO_READ_ON_WRITE.mem_reg_3_bram_0_i_9/O
                         net (fo=4, routed)           0.505    18.969    iob_soc_memwrapper/ext_mem_mem/not_MEM_NO_READ_ON_WRITE.mem_reg_3_bram_0_0[0]
    RAMB36_X1Y13         RAMB36E2                                     r  iob_soc_memwrapper/ext_mem_mem/not_MEM_NO_READ_ON_WRITE.mem_reg_3_bram_0/WEA[0]
  -------------------------------------------------------------------    -------------------

                         (clock clk_out1_clock_wizard rise edge)
                                                     17.000    17.000 r  
    H22                                               0.000    17.000 r  c0_sys_clk_clk_p_i (IN)
                         net (fo=0)                   0.000    17.000    clk_250_to_100_MHz/clock_wizard_inst/clkin1_ibufds/I
    HPIOBDIFFINBUF_X0Y36 DIFFINBUF (Prop_DIFFINBUF_HPIOBDIFFINBUF_DIFF_IN_P_O)
                                                      0.374    17.374 r  clk_250_to_100_MHz/clock_wizard_inst/clkin1_ibufds/DIFFINBUF_INST/O
                         net (fo=1, routed)           0.055    17.429    clk_250_to_100_MHz/clock_wizard_inst/clkin1_ibufds/OUT
    H22                  IBUFCTRL (Prop_IBUFCTRL_HPIOB_I_O)
                                                      0.000    17.429 r  clk_250_to_100_MHz/clock_wizard_inst/clkin1_ibufds/IBUFCTRL_INST/O
                         net (fo=1, routed)           0.981    18.410    clk_250_to_100_MHz/clock_wizard_inst/clk_in1_clock_wizard
    PLLE3_ADV_X0Y3       PLLE3_ADV (Prop_PLLE3_ADV_CLKIN_CLKOUT0)
                                                      0.250    18.660 r  clk_250_to_100_MHz/clock_wizard_inst/plle3_adv_inst/CLKOUT0
                         net (fo=1, routed)           0.451    19.111    clk_250_to_100_MHz/clock_wizard_inst/clk_out1_clock_wizard
    BUFGCE_X0Y47         BUFGCE (Prop_BUFCE_BUFGCE_I_O)
                                                      0.091    19.202 r  clk_250_to_100_MHz/clock_wizard_inst/clkout1_buf/O
    X0Y1 (CLOCK_ROOT)    net (fo=9788, routed)        1.958    21.160    iob_soc_memwrapper/ext_mem_mem/clk
    RAMB36_X1Y13         RAMB36E2                                     r  iob_soc_memwrapper/ext_mem_mem/not_MEM_NO_READ_ON_WRITE.mem_reg_3_bram_0/CLKARDCLK
                         clock pessimism              0.383    21.543    
                         clock uncertainty           -0.069    21.474    
    RAMB36_X1Y13         RAMB36E2 (Setup_RAMB36E2_RAMB36_CLKARDCLK_WEA[0])
                                                     -0.693    20.781    iob_soc_memwrapper/ext_mem_mem/not_MEM_NO_READ_ON_WRITE.mem_reg_3_bram_0
  -------------------------------------------------------------------
                         required time                         20.781    
                         arrival time                         -18.969    
  -------------------------------------------------------------------
                         slack                                  1.812    

Slack (MET) :             1.826ns  (required time - arrival time)
  Source:                 iob_soc_memwrapper/iob_core_inst/cpu/u_top/u_ibex_core/if_stage_i/g_instr_rdata_ra.instr_rdata_id_reg_inst/no_tmr.reg_inst/reg0/data_o_reg[22]/C
                            (rising edge-triggered cell FDRE clocked by clk_out1_clock_wizard  {rise@0.000ns fall@8.500ns period=17.000ns})
  Destination:            iob_soc_memwrapper/ext_mem_mem/not_MEM_NO_READ_ON_WRITE.mem_reg_0_bram_0/WEA[0]
                            (rising edge-triggered cell RAMB36E2 clocked by clk_out1_clock_wizard  {rise@0.000ns fall@8.500ns period=17.000ns})
  Path Group:             clk_out1_clock_wizard
  Path Type:              Setup (Max at Slow Process Corner)
  Requirement:            17.000ns  (clk_out1_clock_wizard rise@17.000ns - clk_out1_clock_wizard rise@0.000ns)
  Data Path Delay:        14.214ns  (logic 3.650ns (25.679%)  route 10.564ns (74.321%))
  Logic Levels:           21  (CARRY8=4 LUT3=3 LUT4=3 LUT5=4 LUT6=7)
  Clock Path Skew:        -0.198ns (DCD - SCD + CPR)
    Destination Clock Delay (DCD):    4.150ns = ( 21.150 - 17.000 ) 
    Source Clock Delay      (SCD):    4.731ns
    Clock Pessimism Removal (CPR):    0.383ns
  Clock Uncertainty:      0.069ns  ((TSJ^2 + DJ^2)^1/2) / 2 + PE
    Total System Jitter     (TSJ):    0.071ns
    Discrete Jitter          (DJ):    0.119ns
    Phase Error              (PE):    0.000ns
  Clock Net Delay (Source):      2.291ns (routing 0.396ns, distribution 1.895ns)
  Clock Net Delay (Destination): 1.948ns (routing 0.365ns, distribution 1.583ns)

    Location             Delay type                Incr(ns)  Path(ns)    Netlist Resource(s)
  -------------------------------------------------------------------    -------------------
                         (clock clk_out1_clock_wizard rise edge)
                                                      0.000     0.000 r  
    H22                                               0.000     0.000 r  c0_sys_clk_clk_p_i (IN)
                         net (fo=0)                   0.000     0.000    clk_250_to_100_MHz/clock_wizard_inst/clkin1_ibufds/I
    HPIOBDIFFINBUF_X0Y36 DIFFINBUF (Prop_DIFFINBUF_HPIOBDIFFINBUF_DIFF_IN_P_O)
                                                      0.556     0.556 r  clk_250_to_100_MHz/clock_wizard_inst/clkin1_ibufds/DIFFINBUF_INST/O
                         net (fo=1, routed)           0.104     0.660    clk_250_to_100_MHz/clock_wizard_inst/clkin1_ibufds/OUT
    H22                  IBUFCTRL (Prop_IBUFCTRL_HPIOB_I_O)
                                                      0.000     0.660 r  clk_250_to_100_MHz/clock_wizard_inst/clkin1_ibufds/IBUFCTRL_INST/O
                         net (fo=1, routed)           1.082     1.742    clk_250_to_100_MHz/clock_wizard_inst/clk_in1_clock_wizard
    PLLE3_ADV_X0Y3       PLLE3_ADV (Prop_PLLE3_ADV_CLKIN_CLKOUT0)
                                                      0.068     1.810 r  clk_250_to_100_MHz/clock_wizard_inst/plle3_adv_inst/CLKOUT0
                         net (fo=1, routed)           0.529     2.339    clk_250_to_100_MHz/clock_wizard_inst/clk_out1_clock_wizard
    BUFGCE_X0Y47         BUFGCE (Prop_BUFCE_BUFGCE_I_O)
                                                      0.101     2.440 r  clk_250_to_100_MHz/clock_wizard_inst/clkout1_buf/O
    X0Y1 (CLOCK_ROOT)    net (fo=9788, routed)        2.291     4.731    iob_soc_memwrapper/iob_core_inst/cpu/u_top/u_ibex_core/if_stage_i/g_instr_rdata_ra.instr_rdata_id_reg_inst/no_tmr.reg_inst/reg0/clk
    SLICE_X15Y80         FDRE                                         r  iob_soc_memwrapper/iob_core_inst/cpu/u_top/u_ibex_core/if_stage_i/g_instr_rdata_ra.instr_rdata_id_reg_inst/no_tmr.reg_inst/reg0/data_o_reg[22]/C
  -------------------------------------------------------------------    -------------------
    SLICE_X15Y80         FDRE (Prop_CFF_SLICEM_C_Q)
                                                      0.138     4.869 r  iob_soc_memwrapper/iob_core_inst/cpu/u_top/u_ibex_core/if_stage_i/g_instr_rdata_ra.instr_rdata_id_reg_inst/no_tmr.reg_inst/reg0/data_o_reg[22]/Q
                         net (fo=46, routed)          0.545     5.414    iob_soc_memwrapper/iob_core_inst/cpu/u_top/gen_regfile_fpga.register_file_i/gen_rdata_mux_check.u_prim_onehot_enc_raddr_b/rf_raddr_b[2]
    SLICE_X14Y71         LUT5 (Prop_D5LUT_SLICEL_I1_O)
                                                      0.260     5.674 r  iob_soc_memwrapper/iob_core_inst/cpu/u_top/gen_regfile_fpga.register_file_i/gen_rdata_mux_check.u_prim_onehot_enc_raddr_b/data_o[63]_i_39/O
                         net (fo=39, routed)          0.791     6.465    iob_soc_memwrapper/iob_core_inst/cpu/u_top/u_ibex_core/if_stage_i/g_instr_rdata_ra.instr_rdata_id_reg_inst/no_tmr.reg_inst/reg0/gen_rdata_mux_check.raddr_onehot_b[15]
    SLICE_X12Y58         LUT4 (Prop_G6LUT_SLICEL_I2_O)
                                                      0.089     6.554 r  iob_soc_memwrapper/iob_core_inst/cpu/u_top/u_ibex_core/if_stage_i/g_instr_rdata_ra.instr_rdata_id_reg_inst/no_tmr.reg_inst/reg0/data_o[34]_i_13/O
                         net (fo=1, routed)           0.241     6.795    iob_soc_memwrapper/iob_core_inst/cpu/u_top/u_ibex_core/if_stage_i/g_instr_rdata_ra.instr_rdata_id_reg_inst/no_tmr.reg_inst/reg0/data_o[34]_i_13_n_0
    SLICE_X12Y58         LUT6 (Prop_H6LUT_SLICEL_I0_O)
                                                      0.218     7.013 r  iob_soc_memwrapper/iob_core_inst/cpu/u_top/u_ibex_core/if_stage_i/g_instr_rdata_ra.instr_rdata_id_reg_inst/no_tmr.reg_inst/reg0/data_o[34]_i_8/O
                         net (fo=1, routed)           0.398     7.411    iob_soc_memwrapper/iob_core_inst/cpu/u_top/u_ibex_core/if_stage_i/g_instr_rdata_ra.instr_rdata_id_reg_inst/no_tmr.reg_inst/reg0/data_o[34]_i_8_n_0
    SLICE_X18Y59         LUT6 (Prop_H6LUT_SLICEM_I5_O)
                                                      0.173     7.584 r  iob_soc_memwrapper/iob_core_inst/cpu/u_top/u_ibex_core/if_stage_i/g_instr_rdata_ra.instr_rdata_id_reg_inst/no_tmr.reg_inst/reg0/data_o[34]_i_3/O
                         net (fo=1, routed)           0.266     7.850    iob_soc_memwrapper/iob_core_inst/cpu/u_top/u_ibex_core/if_stage_i/g_instr_rdata_ra.instr_rdata_id_reg_inst/no_tmr.reg_inst/reg0/data_o[34]_i_3_n_0
    SLICE_X19Y61         LUT5 (Prop_C6LUT_SLICEL_I1_O)
                                                      0.219     8.069 r  iob_soc_memwrapper/iob_core_inst/cpu/u_top/u_ibex_core/if_stage_i/g_instr_rdata_ra.instr_rdata_id_reg_inst/no_tmr.reg_inst/reg0/data_o[34]_i_1/O
                         net (fo=10, routed)          0.746     8.815    iob_soc_memwrapper/iob_core_inst/cpu/u_top/u_ibex_core/if_stage_i/g_instr_rdata_ra.instr_rdata_id_reg_inst/no_tmr.reg_inst/reg0/mem_reg[1][9]
    SLICE_X15Y92         LUT6 (Prop_D6LUT_SLICEM_I4_O)
                                                      0.092     8.907 r  iob_soc_memwrapper/iob_core_inst/cpu/u_top/u_ibex_core/if_stage_i/g_instr_rdata_ra.instr_rdata_id_reg_inst/no_tmr.reg_inst/reg0/i___5_i_12__0/O
                         net (fo=3, routed)           0.569     9.476    iob_soc_memwrapper/iob_core_inst/cpu/u_top/u_ibex_core/ex_block_i/alu_operand_b_ex[8]
    SLICE_X14Y103        LUT3 (Prop_B6LUT_SLICEL_I1_O)
                                                      0.053     9.529 r  iob_soc_memwrapper/iob_core_inst/cpu/u_top/u_ibex_core/ex_block_i/adder_result_ext_o_carry__0_i_15/O
                         net (fo=1, routed)           0.000     9.529    iob_soc_memwrapper/iob_core_inst/cpu/u_top/u_ibex_core/ex_block_i/alu_i/data_o_reg[15][1]
    SLICE_X14Y103        CARRY8 (Prop_CARRY8_SLICEL_S[1]_CO[7])
                                                      0.408     9.937 r  iob_soc_memwrapper/iob_core_inst/cpu/u_top/u_ibex_core/ex_block_i/alu_i/adder_result_ext_o_carry__0/CO[7]
                         net (fo=1, routed)           0.030     9.967    iob_soc_memwrapper/iob_core_inst/cpu/u_top/u_ibex_core/ex_block_i/alu_i/adder_result_ext_o_carry__0_n_0
    SLICE_X14Y104        CARRY8 (Prop_CARRY8_SLICEL_CI_CO[7])
                                                      0.025     9.992 r  iob_soc_memwrapper/iob_core_inst/cpu/u_top/u_ibex_core/ex_block_i/alu_i/adder_result_ext_o_carry__1/CO[7]
                         net (fo=1, routed)           0.030    10.022    iob_soc_memwrapper/iob_core_inst/cpu/u_top/u_ibex_core/ex_block_i/alu_i/adder_result_ext_o_carry__1_n_0
    SLICE_X14Y105        CARRY8 (Prop_CARRY8_SLICEL_CI_O[0])
                                                      0.132    10.154 f  iob_soc_memwrapper/iob_core_inst/cpu/u_top/u_ibex_core/ex_block_i/alu_i/adder_result_ext_o_carry__2/O[0]
                         net (fo=88, routed)          1.394    11.548    iob_soc_memwrapper/iob_core_inst/cpu/u_top/u_ibex_core/cs_registers_i/g_pmp_registers.g_pmp_csrs[8].u_pmp_cfg_csr/rdata_reg_inst/no_tmr.reg_inst/reg0/alu_adder_result_ex_o[22]
    SLICE_X2Y139         LUT6 (Prop_G6LUT_SLICEL_I0_O)
                                                      0.166    11.714 f  iob_soc_memwrapper/iob_core_inst/cpu/u_top/u_ibex_core/cs_registers_i/g_pmp_registers.g_pmp_csrs[8].u_pmp_cfg_csr/rdata_reg_inst/no_tmr.reg_inst/reg0/core_outputs_q_reg[1][data_req]_srl2_i_141/O
                         net (fo=1, routed)           0.475    12.189    iob_soc_memwrapper/iob_core_inst/cpu/u_top/u_ibex_core/g_pmp.pmp_i/core_outputs_q_reg[1][data_req]_srl2_i_13[3]
    SLICE_X3Y139         CARRY8 (Prop_CARRY8_SLICEL_DI[3]_CO[7])
                                                      0.432    12.621 f  iob_soc_memwrapper/iob_core_inst/cpu/u_top/u_ibex_core/g_pmp.pmp_i/core_outputs_q_reg[1][data_req]_srl2_i_42/CO[7]
                         net (fo=1, routed)           0.498    13.119    iob_soc_memwrapper/iob_core_inst/cpu/u_top/u_ibex_core/cs_registers_i/g_pmp_registers.g_pmp_csrs[8].u_pmp_cfg_csr/rdata_reg_inst/no_tmr.reg_inst/reg0/core_outputs_q_reg[1][data_req]_srl2_i_55_1[0]
    SLICE_X5Y135         LUT5 (Prop_D5LUT_SLICEM_I4_O)
                                                      0.171    13.290 f  iob_soc_memwrapper/iob_core_inst/cpu/u_top/u_ibex_core/cs_registers_i/g_pmp_registers.g_pmp_csrs[8].u_pmp_cfg_csr/rdata_reg_inst/no_tmr.reg_inst/reg0/core_outputs_q_reg[1][data_req]_srl2_i_13/O
                         net (fo=5, routed)           0.712    14.002    iob_soc_memwrapper/iob_core_inst/cpu/u_top/u_ibex_core/cs_registers_i/g_pmp_registers.g_pmp_csrs[10].u_pmp_cfg_csr/rdata_reg_inst/no_tmr.reg_inst/reg0/g_access_check[2].g_regions[8].region_match_all_reg[2]_70
    SLICE_X15Y136        LUT6 (Prop_G6LUT_SLICEM_I1_O)
                                                      0.168    14.170 f  iob_soc_memwrapper/iob_core_inst/cpu/u_top/u_ibex_core/cs_registers_i/g_pmp_registers.g_pmp_csrs[10].u_pmp_cfg_csr/rdata_reg_inst/no_tmr.reg_inst/reg0/core_outputs_q_reg[1][data_req]_srl2_i_55/O
                         net (fo=4, routed)           0.095    14.265    iob_soc_memwrapper/iob_core_inst/cpu/u_top/u_ibex_core/cs_registers_i/g_pmp_registers.g_pmp_csrs[13].u_pmp_cfg_csr/rdata_reg_inst/no_tmr.reg_inst/reg0/core_outputs_q_reg[1][data_req]_srl2_i_7
    SLICE_X15Y136        LUT4 (Prop_D5LUT_SLICEM_I2_O)
                                                      0.193    14.458 f  iob_soc_memwrapper/iob_core_inst/cpu/u_top/u_ibex_core/cs_registers_i/g_pmp_registers.g_pmp_csrs[13].u_pmp_cfg_csr/rdata_reg_inst/no_tmr.reg_inst/reg0/core_outputs_q_reg[1][data_req]_srl2_i_24/O
                         net (fo=2, routed)           0.235    14.693    iob_soc_memwrapper/iob_core_inst/cpu/u_top/u_ibex_core/cs_registers_i/g_pmp_registers.g_pmp_csrs[14].u_pmp_cfg_csr/rdata_reg_inst/no_tmr.reg_inst/reg0/core_outputs_q_reg[1][data_req]_srl2_i_3
    SLICE_X16Y136        LUT3 (Prop_B6LUT_SLICEL_I1_O)
                                                      0.053    14.746 r  iob_soc_memwrapper/iob_core_inst/cpu/u_top/u_ibex_core/cs_registers_i/g_pmp_registers.g_pmp_csrs[14].u_pmp_cfg_csr/rdata_reg_inst/no_tmr.reg_inst/reg0/core_outputs_q_reg[1][data_req]_srl2_i_7/O
                         net (fo=2, routed)           0.258    15.004    iob_soc_memwrapper/iob_core_inst/cpu/u_top/u_ibex_core/cs_registers_i/g_pmp_registers.g_pmp_csrs[13].u_pmp_cfg_csr/rdata_reg_inst/no_tmr.reg_inst/reg0/data_o[0]_i_5__5
    SLICE_X15Y135        LUT5 (Prop_E6LUT_SLICEM_I1_O)
                                                      0.225    15.229 f  iob_soc_memwrapper/iob_core_inst/cpu/u_top/u_ibex_core/cs_registers_i/g_pmp_registers.g_pmp_csrs[13].u_pmp_cfg_csr/rdata_reg_inst/no_tmr.reg_inst/reg0/core_outputs_q_reg[1][data_req]_srl2_i_3/O
                         net (fo=4, routed)           0.582    15.811    iob_soc_memwrapper/iob_core_inst/cpu/u_top/u_ibex_core/cs_registers_i/g_pmp_registers.g_pmp_csrs[13].u_pmp_cfg_csr/rdata_reg_inst/no_tmr.reg_inst/reg0/core_outputs_q_reg[1][data_req]_srl2_i_10
    SLICE_X11Y118        LUT6 (Prop_H6LUT_SLICEM_I3_O)
                                                      0.055    15.866 r  iob_soc_memwrapper/iob_core_inst/cpu/u_top/u_ibex_core/cs_registers_i/g_pmp_registers.g_pmp_csrs[13].u_pmp_cfg_csr/rdata_reg_inst/no_tmr.reg_inst/reg0/core_outputs_q_reg[1][data_req]_srl2_i_1/O
                         net (fo=17, routed)          0.916    16.782    iob_soc_memwrapper/iob_core_inst/cpu/u_top/u_ibex_core/if_stage_i/g_instr_rdata_ra.instr_rdata_id_reg_inst/no_tmr.reg_inst/reg0/data_o_reg[0]_38
    SLICE_X3Y99          LUT3 (Prop_D6LUT_SLICEL_I2_O)
                                                      0.090    16.872 f  iob_soc_memwrapper/iob_core_inst/cpu/u_top/u_ibex_core/if_stage_i/g_instr_rdata_ra.instr_rdata_id_reg_inst/no_tmr.reg_inst/reg0/data_o[0]_i_2__34/O
                         net (fo=6, routed)           0.558    17.430    iob_soc_memwrapper/iob_core_inst/iob_axi_full_xbar/iob_axi_merge_0/busy_write_reg_re/reg0/data_o_reg[0]_7
    SLICE_X3Y79          LUT4 (Prop_B5LUT_SLICEL_I1_O)
                                                      0.201    17.631 f  iob_soc_memwrapper/iob_core_inst/iob_axi_full_xbar/iob_axi_merge_0/busy_write_reg_re/reg0/write_count_reg[7]_i_3/O
                         net (fo=11, routed)          0.733    18.364    iob_soc_memwrapper/iob_core_inst/internal_memory/not_MEM_NO_READ_ON_WRITE.mem_reg_3_bram_1
    SLICE_X9Y82          LUT6 (Prop_G6LUT_SLICEL_I2_O)
                                                      0.089    18.453 r  iob_soc_memwrapper/iob_core_inst/internal_memory/not_MEM_NO_READ_ON_WRITE.mem_reg_0_bram_0_i_11/O
                         net (fo=4, routed)           0.492    18.945    iob_soc_memwrapper/ext_mem_mem/WEA[0]
    RAMB36_X1Y17         RAMB36E2                                     r  iob_soc_memwrapper/ext_mem_mem/not_MEM_NO_READ_ON_WRITE.mem_reg_0_bram_0/WEA[0]
  -------------------------------------------------------------------    -------------------

                         (clock clk_out1_clock_wizard rise edge)
                                                     17.000    17.000 r  
    H22                                               0.000    17.000 r  c0_sys_clk_clk_p_i (IN)
                         net (fo=0)                   0.000    17.000    clk_250_to_100_MHz/clock_wizard_inst/clkin1_ibufds/I
    HPIOBDIFFINBUF_X0Y36 DIFFINBUF (Prop_DIFFINBUF_HPIOBDIFFINBUF_DIFF_IN_P_O)
                                                      0.374    17.374 r  clk_250_to_100_MHz/clock_wizard_inst/clkin1_ibufds/DIFFINBUF_INST/O
                         net (fo=1, routed)           0.055    17.429    clk_250_to_100_MHz/clock_wizard_inst/clkin1_ibufds/OUT
    H22                  IBUFCTRL (Prop_IBUFCTRL_HPIOB_I_O)
                                                      0.000    17.429 r  clk_250_to_100_MHz/clock_wizard_inst/clkin1_ibufds/IBUFCTRL_INST/O
                         net (fo=1, routed)           0.981    18.410    clk_250_to_100_MHz/clock_wizard_inst/clk_in1_clock_wizard
    PLLE3_ADV_X0Y3       PLLE3_ADV (Prop_PLLE3_ADV_CLKIN_CLKOUT0)
                                                      0.250    18.660 r  clk_250_to_100_MHz/clock_wizard_inst/plle3_adv_inst/CLKOUT0
                         net (fo=1, routed)           0.451    19.111    clk_250_to_100_MHz/clock_wizard_inst/clk_out1_clock_wizard
    BUFGCE_X0Y47         BUFGCE (Prop_BUFCE_BUFGCE_I_O)
                                                      0.091    19.202 r  clk_250_to_100_MHz/clock_wizard_inst/clkout1_buf/O
    X0Y1 (CLOCK_ROOT)    net (fo=9788, routed)        1.948    21.150    iob_soc_memwrapper/ext_mem_mem/clk
    RAMB36_X1Y17         RAMB36E2                                     r  iob_soc_memwrapper/ext_mem_mem/not_MEM_NO_READ_ON_WRITE.mem_reg_0_bram_0/CLKARDCLK
                         clock pessimism              0.383    21.533    
                         clock uncertainty           -0.069    21.464    
    RAMB36_X1Y17         RAMB36E2 (Setup_RAMB36E2_RAMB36_CLKARDCLK_WEA[0])
                                                     -0.693    20.771    iob_soc_memwrapper/ext_mem_mem/not_MEM_NO_READ_ON_WRITE.mem_reg_0_bram_0
  -------------------------------------------------------------------
                         required time                         20.771    
                         arrival time                         -18.945    
  -------------------------------------------------------------------
                         slack                                  1.826    

Slack (MET) :             1.841ns  (required time - arrival time)
  Source:                 iob_soc_memwrapper/iob_core_inst/cpu/u_top/u_ibex_core/if_stage_i/g_instr_rdata_ra.instr_rdata_id_reg_inst/no_tmr.reg_inst/reg0/data_o_reg[22]/C
                            (rising edge-triggered cell FDRE clocked by clk_out1_clock_wizard  {rise@0.000ns fall@8.500ns period=17.000ns})
  Destination:            iob_soc_memwrapper/ext_mem_mem/not_MEM_NO_READ_ON_WRITE.mem_reg_3_bram_1/WEA[0]
                            (rising edge-triggered cell RAMB36E2 clocked by clk_out1_clock_wizard  {rise@0.000ns fall@8.500ns period=17.000ns})
  Path Group:             clk_out1_clock_wizard
  Path Type:              Setup (Max at Slow Process Corner)
  Requirement:            17.000ns  (clk_out1_clock_wizard rise@17.000ns - clk_out1_clock_wizard rise@0.000ns)
  Data Path Delay:        14.215ns  (logic 3.650ns (25.677%)  route 10.565ns (74.323%))
  Logic Levels:           21  (CARRY8=4 LUT3=3 LUT4=3 LUT5=4 LUT6=7)
  Clock Path Skew:        -0.182ns (DCD - SCD + CPR)
    Destination Clock Delay (DCD):    4.166ns = ( 21.166 - 17.000 ) 
    Source Clock Delay      (SCD):    4.731ns
    Clock Pessimism Removal (CPR):    0.383ns
  Clock Uncertainty:      0.069ns  ((TSJ^2 + DJ^2)^1/2) / 2 + PE
    Total System Jitter     (TSJ):    0.071ns
    Discrete Jitter          (DJ):    0.119ns
    Phase Error              (PE):    0.000ns
  Clock Net Delay (Source):      2.291ns (routing 0.396ns, distribution 1.895ns)
  Clock Net Delay (Destination): 1.964ns (routing 0.365ns, distribution 1.599ns)

    Location             Delay type                Incr(ns)  Path(ns)    Netlist Resource(s)
  -------------------------------------------------------------------    -------------------
                         (clock clk_out1_clock_wizard rise edge)
                                                      0.000     0.000 r  
    H22                                               0.000     0.000 r  c0_sys_clk_clk_p_i (IN)
                         net (fo=0)                   0.000     0.000    clk_250_to_100_MHz/clock_wizard_inst/clkin1_ibufds/I
    HPIOBDIFFINBUF_X0Y36 DIFFINBUF (Prop_DIFFINBUF_HPIOBDIFFINBUF_DIFF_IN_P_O)
                                                      0.556     0.556 r  clk_250_to_100_MHz/clock_wizard_inst/clkin1_ibufds/DIFFINBUF_INST/O
                         net (fo=1, routed)           0.104     0.660    clk_250_to_100_MHz/clock_wizard_inst/clkin1_ibufds/OUT
    H22                  IBUFCTRL (Prop_IBUFCTRL_HPIOB_I_O)
                                                      0.000     0.660 r  clk_250_to_100_MHz/clock_wizard_inst/clkin1_ibufds/IBUFCTRL_INST/O
                         net (fo=1, routed)           1.082     1.742    clk_250_to_100_MHz/clock_wizard_inst/clk_in1_clock_wizard
    PLLE3_ADV_X0Y3       PLLE3_ADV (Prop_PLLE3_ADV_CLKIN_CLKOUT0)
                                                      0.068     1.810 r  clk_250_to_100_MHz/clock_wizard_inst/plle3_adv_inst/CLKOUT0
                         net (fo=1, routed)           0.529     2.339    clk_250_to_100_MHz/clock_wizard_inst/clk_out1_clock_wizard
    BUFGCE_X0Y47         BUFGCE (Prop_BUFCE_BUFGCE_I_O)
                                                      0.101     2.440 r  clk_250_to_100_MHz/clock_wizard_inst/clkout1_buf/O
    X0Y1 (CLOCK_ROOT)    net (fo=9788, routed)        2.291     4.731    iob_soc_memwrapper/iob_core_inst/cpu/u_top/u_ibex_core/if_stage_i/g_instr_rdata_ra.instr_rdata_id_reg_inst/no_tmr.reg_inst/reg0/clk
    SLICE_X15Y80         FDRE                                         r  iob_soc_memwrapper/iob_core_inst/cpu/u_top/u_ibex_core/if_stage_i/g_instr_rdata_ra.instr_rdata_id_reg_inst/no_tmr.reg_inst/reg0/data_o_reg[22]/C
  -------------------------------------------------------------------    -------------------
    SLICE_X15Y80         FDRE (Prop_CFF_SLICEM_C_Q)
                                                      0.138     4.869 r  iob_soc_memwrapper/iob_core_inst/cpu/u_top/u_ibex_core/if_stage_i/g_instr_rdata_ra.instr_rdata_id_reg_inst/no_tmr.reg_inst/reg0/data_o_reg[22]/Q
                         net (fo=46, routed)          0.545     5.414    iob_soc_memwrapper/iob_core_inst/cpu/u_top/gen_regfile_fpga.register_file_i/gen_rdata_mux_check.u_prim_onehot_enc_raddr_b/rf_raddr_b[2]
    SLICE_X14Y71         LUT5 (Prop_D5LUT_SLICEL_I1_O)
                                                      0.260     5.674 r  iob_soc_memwrapper/iob_core_inst/cpu/u_top/gen_regfile_fpga.register_file_i/gen_rdata_mux_check.u_prim_onehot_enc_raddr_b/data_o[63]_i_39/O
                         net (fo=39, routed)          0.791     6.465    iob_soc_memwrapper/iob_core_inst/cpu/u_top/u_ibex_core/if_stage_i/g_instr_rdata_ra.instr_rdata_id_reg_inst/no_tmr.reg_inst/reg0/gen_rdata_mux_check.raddr_onehot_b[15]
    SLICE_X12Y58         LUT4 (Prop_G6LUT_SLICEL_I2_O)
                                                      0.089     6.554 r  iob_soc_memwrapper/iob_core_inst/cpu/u_top/u_ibex_core/if_stage_i/g_instr_rdata_ra.instr_rdata_id_reg_inst/no_tmr.reg_inst/reg0/data_o[34]_i_13/O
                         net (fo=1, routed)           0.241     6.795    iob_soc_memwrapper/iob_core_inst/cpu/u_top/u_ibex_core/if_stage_i/g_instr_rdata_ra.instr_rdata_id_reg_inst/no_tmr.reg_inst/reg0/data_o[34]_i_13_n_0
    SLICE_X12Y58         LUT6 (Prop_H6LUT_SLICEL_I0_O)
                                                      0.218     7.013 r  iob_soc_memwrapper/iob_core_inst/cpu/u_top/u_ibex_core/if_stage_i/g_instr_rdata_ra.instr_rdata_id_reg_inst/no_tmr.reg_inst/reg0/data_o[34]_i_8/O
                         net (fo=1, routed)           0.398     7.411    iob_soc_memwrapper/iob_core_inst/cpu/u_top/u_ibex_core/if_stage_i/g_instr_rdata_ra.instr_rdata_id_reg_inst/no_tmr.reg_inst/reg0/data_o[34]_i_8_n_0
    SLICE_X18Y59         LUT6 (Prop_H6LUT_SLICEM_I5_O)
                                                      0.173     7.584 r  iob_soc_memwrapper/iob_core_inst/cpu/u_top/u_ibex_core/if_stage_i/g_instr_rdata_ra.instr_rdata_id_reg_inst/no_tmr.reg_inst/reg0/data_o[34]_i_3/O
                         net (fo=1, routed)           0.266     7.850    iob_soc_memwrapper/iob_core_inst/cpu/u_top/u_ibex_core/if_stage_i/g_instr_rdata_ra.instr_rdata_id_reg_inst/no_tmr.reg_inst/reg0/data_o[34]_i_3_n_0
    SLICE_X19Y61         LUT5 (Prop_C6LUT_SLICEL_I1_O)
                                                      0.219     8.069 r  iob_soc_memwrapper/iob_core_inst/cpu/u_top/u_ibex_core/if_stage_i/g_instr_rdata_ra.instr_rdata_id_reg_inst/no_tmr.reg_inst/reg0/data_o[34]_i_1/O
                         net (fo=10, routed)          0.746     8.815    iob_soc_memwrapper/iob_core_inst/cpu/u_top/u_ibex_core/if_stage_i/g_instr_rdata_ra.instr_rdata_id_reg_inst/no_tmr.reg_inst/reg0/mem_reg[1][9]
    SLICE_X15Y92         LUT6 (Prop_D6LUT_SLICEM_I4_O)
                                                      0.092     8.907 r  iob_soc_memwrapper/iob_core_inst/cpu/u_top/u_ibex_core/if_stage_i/g_instr_rdata_ra.instr_rdata_id_reg_inst/no_tmr.reg_inst/reg0/i___5_i_12__0/O
                         net (fo=3, routed)           0.569     9.476    iob_soc_memwrapper/iob_core_inst/cpu/u_top/u_ibex_core/ex_block_i/alu_operand_b_ex[8]
    SLICE_X14Y103        LUT3 (Prop_B6LUT_SLICEL_I1_O)
                                                      0.053     9.529 r  iob_soc_memwrapper/iob_core_inst/cpu/u_top/u_ibex_core/ex_block_i/adder_result_ext_o_carry__0_i_15/O
                         net (fo=1, routed)           0.000     9.529    iob_soc_memwrapper/iob_core_inst/cpu/u_top/u_ibex_core/ex_block_i/alu_i/data_o_reg[15][1]
    SLICE_X14Y103        CARRY8 (Prop_CARRY8_SLICEL_S[1]_CO[7])
                                                      0.408     9.937 r  iob_soc_memwrapper/iob_core_inst/cpu/u_top/u_ibex_core/ex_block_i/alu_i/adder_result_ext_o_carry__0/CO[7]
                         net (fo=1, routed)           0.030     9.967    iob_soc_memwrapper/iob_core_inst/cpu/u_top/u_ibex_core/ex_block_i/alu_i/adder_result_ext_o_carry__0_n_0
    SLICE_X14Y104        CARRY8 (Prop_CARRY8_SLICEL_CI_CO[7])
                                                      0.025     9.992 r  iob_soc_memwrapper/iob_core_inst/cpu/u_top/u_ibex_core/ex_block_i/alu_i/adder_result_ext_o_carry__1/CO[7]
                         net (fo=1, routed)           0.030    10.022    iob_soc_memwrapper/iob_core_inst/cpu/u_top/u_ibex_core/ex_block_i/alu_i/adder_result_ext_o_carry__1_n_0
    SLICE_X14Y105        CARRY8 (Prop_CARRY8_SLICEL_CI_O[0])
                                                      0.132    10.154 f  iob_soc_memwrapper/iob_core_inst/cpu/u_top/u_ibex_core/ex_block_i/alu_i/adder_result_ext_o_carry__2/O[0]
                         net (fo=88, routed)          1.394    11.548    iob_soc_memwrapper/iob_core_inst/cpu/u_top/u_ibex_core/cs_registers_i/g_pmp_registers.g_pmp_csrs[8].u_pmp_cfg_csr/rdata_reg_inst/no_tmr.reg_inst/reg0/alu_adder_result_ex_o[22]
    SLICE_X2Y139         LUT6 (Prop_G6LUT_SLICEL_I0_O)
                                                      0.166    11.714 f  iob_soc_memwrapper/iob_core_inst/cpu/u_top/u_ibex_core/cs_registers_i/g_pmp_registers.g_pmp_csrs[8].u_pmp_cfg_csr/rdata_reg_inst/no_tmr.reg_inst/reg0/core_outputs_q_reg[1][data_req]_srl2_i_141/O
                         net (fo=1, routed)           0.475    12.189    iob_soc_memwrapper/iob_core_inst/cpu/u_top/u_ibex_core/g_pmp.pmp_i/core_outputs_q_reg[1][data_req]_srl2_i_13[3]
    SLICE_X3Y139         CARRY8 (Prop_CARRY8_SLICEL_DI[3]_CO[7])
                                                      0.432    12.621 f  iob_soc_memwrapper/iob_core_inst/cpu/u_top/u_ibex_core/g_pmp.pmp_i/core_outputs_q_reg[1][data_req]_srl2_i_42/CO[7]
                         net (fo=1, routed)           0.498    13.119    iob_soc_memwrapper/iob_core_inst/cpu/u_top/u_ibex_core/cs_registers_i/g_pmp_registers.g_pmp_csrs[8].u_pmp_cfg_csr/rdata_reg_inst/no_tmr.reg_inst/reg0/core_outputs_q_reg[1][data_req]_srl2_i_55_1[0]
    SLICE_X5Y135         LUT5 (Prop_D5LUT_SLICEM_I4_O)
                                                      0.171    13.290 f  iob_soc_memwrapper/iob_core_inst/cpu/u_top/u_ibex_core/cs_registers_i/g_pmp_registers.g_pmp_csrs[8].u_pmp_cfg_csr/rdata_reg_inst/no_tmr.reg_inst/reg0/core_outputs_q_reg[1][data_req]_srl2_i_13/O
                         net (fo=5, routed)           0.712    14.002    iob_soc_memwrapper/iob_core_inst/cpu/u_top/u_ibex_core/cs_registers_i/g_pmp_registers.g_pmp_csrs[10].u_pmp_cfg_csr/rdata_reg_inst/no_tmr.reg_inst/reg0/g_access_check[2].g_regions[8].region_match_all_reg[2]_70
    SLICE_X15Y136        LUT6 (Prop_G6LUT_SLICEM_I1_O)
                                                      0.168    14.170 f  iob_soc_memwrapper/iob_core_inst/cpu/u_top/u_ibex_core/cs_registers_i/g_pmp_registers.g_pmp_csrs[10].u_pmp_cfg_csr/rdata_reg_inst/no_tmr.reg_inst/reg0/core_outputs_q_reg[1][data_req]_srl2_i_55/O
                         net (fo=4, routed)           0.095    14.265    iob_soc_memwrapper/iob_core_inst/cpu/u_top/u_ibex_core/cs_registers_i/g_pmp_registers.g_pmp_csrs[13].u_pmp_cfg_csr/rdata_reg_inst/no_tmr.reg_inst/reg0/core_outputs_q_reg[1][data_req]_srl2_i_7
    SLICE_X15Y136        LUT4 (Prop_D5LUT_SLICEM_I2_O)
                                                      0.193    14.458 f  iob_soc_memwrapper/iob_core_inst/cpu/u_top/u_ibex_core/cs_registers_i/g_pmp_registers.g_pmp_csrs[13].u_pmp_cfg_csr/rdata_reg_inst/no_tmr.reg_inst/reg0/core_outputs_q_reg[1][data_req]_srl2_i_24/O
                         net (fo=2, routed)           0.235    14.693    iob_soc_memwrapper/iob_core_inst/cpu/u_top/u_ibex_core/cs_registers_i/g_pmp_registers.g_pmp_csrs[14].u_pmp_cfg_csr/rdata_reg_inst/no_tmr.reg_inst/reg0/core_outputs_q_reg[1][data_req]_srl2_i_3
    SLICE_X16Y136        LUT3 (Prop_B6LUT_SLICEL_I1_O)
                                                      0.053    14.746 r  iob_soc_memwrapper/iob_core_inst/cpu/u_top/u_ibex_core/cs_registers_i/g_pmp_registers.g_pmp_csrs[14].u_pmp_cfg_csr/rdata_reg_inst/no_tmr.reg_inst/reg0/core_outputs_q_reg[1][data_req]_srl2_i_7/O
                         net (fo=2, routed)           0.258    15.004    iob_soc_memwrapper/iob_core_inst/cpu/u_top/u_ibex_core/cs_registers_i/g_pmp_registers.g_pmp_csrs[13].u_pmp_cfg_csr/rdata_reg_inst/no_tmr.reg_inst/reg0/data_o[0]_i_5__5
    SLICE_X15Y135        LUT5 (Prop_E6LUT_SLICEM_I1_O)
                                                      0.225    15.229 f  iob_soc_memwrapper/iob_core_inst/cpu/u_top/u_ibex_core/cs_registers_i/g_pmp_registers.g_pmp_csrs[13].u_pmp_cfg_csr/rdata_reg_inst/no_tmr.reg_inst/reg0/core_outputs_q_reg[1][data_req]_srl2_i_3/O
                         net (fo=4, routed)           0.582    15.811    iob_soc_memwrapper/iob_core_inst/cpu/u_top/u_ibex_core/cs_registers_i/g_pmp_registers.g_pmp_csrs[13].u_pmp_cfg_csr/rdata_reg_inst/no_tmr.reg_inst/reg0/core_outputs_q_reg[1][data_req]_srl2_i_10
    SLICE_X11Y118        LUT6 (Prop_H6LUT_SLICEM_I3_O)
                                                      0.055    15.866 r  iob_soc_memwrapper/iob_core_inst/cpu/u_top/u_ibex_core/cs_registers_i/g_pmp_registers.g_pmp_csrs[13].u_pmp_cfg_csr/rdata_reg_inst/no_tmr.reg_inst/reg0/core_outputs_q_reg[1][data_req]_srl2_i_1/O
                         net (fo=17, routed)          0.916    16.782    iob_soc_memwrapper/iob_core_inst/cpu/u_top/u_ibex_core/if_stage_i/g_instr_rdata_ra.instr_rdata_id_reg_inst/no_tmr.reg_inst/reg0/data_o_reg[0]_38
    SLICE_X3Y99          LUT3 (Prop_D6LUT_SLICEL_I2_O)
                                                      0.090    16.872 f  iob_soc_memwrapper/iob_core_inst/cpu/u_top/u_ibex_core/if_stage_i/g_instr_rdata_ra.instr_rdata_id_reg_inst/no_tmr.reg_inst/reg0/data_o[0]_i_2__34/O
                         net (fo=6, routed)           0.558    17.430    iob_soc_memwrapper/iob_core_inst/iob_axi_full_xbar/iob_axi_merge_0/busy_write_reg_re/reg0/data_o_reg[0]_7
    SLICE_X3Y79          LUT4 (Prop_B5LUT_SLICEL_I1_O)
                                                      0.201    17.631 f  iob_soc_memwrapper/iob_core_inst/iob_axi_full_xbar/iob_axi_merge_0/busy_write_reg_re/reg0/write_count_reg[7]_i_3/O
                         net (fo=11, routed)          0.745    18.376    iob_soc_memwrapper/iob_core_inst/internal_memory/not_MEM_NO_READ_ON_WRITE.mem_reg_3_bram_1
    SLICE_X9Y75          LUT6 (Prop_G6LUT_SLICEL_I2_O)
                                                      0.089    18.465 r  iob_soc_memwrapper/iob_core_inst/internal_memory/not_MEM_NO_READ_ON_WRITE.mem_reg_3_bram_1_i_1/O
                         net (fo=4, routed)           0.481    18.946    iob_soc_memwrapper/ext_mem_mem/not_MEM_NO_READ_ON_WRITE.mem_reg_3_bram_1_0[0]
    RAMB36_X1Y14         RAMB36E2                                     r  iob_soc_memwrapper/ext_mem_mem/not_MEM_NO_READ_ON_WRITE.mem_reg_3_bram_1/WEA[0]
  -------------------------------------------------------------------    -------------------

                         (clock clk_out1_clock_wizard rise edge)
                                                     17.000    17.000 r  
    H22                                               0.000    17.000 r  c0_sys_clk_clk_p_i (IN)
                         net (fo=0)                   0.000    17.000    clk_250_to_100_MHz/clock_wizard_inst/clkin1_ibufds/I
    HPIOBDIFFINBUF_X0Y36 DIFFINBUF (Prop_DIFFINBUF_HPIOBDIFFINBUF_DIFF_IN_P_O)
                                                      0.374    17.374 r  clk_250_to_100_MHz/clock_wizard_inst/clkin1_ibufds/DIFFINBUF_INST/O
                         net (fo=1, routed)           0.055    17.429    clk_250_to_100_MHz/clock_wizard_inst/clkin1_ibufds/OUT
    H22                  IBUFCTRL (Prop_IBUFCTRL_HPIOB_I_O)
                                                      0.000    17.429 r  clk_250_to_100_MHz/clock_wizard_inst/clkin1_ibufds/IBUFCTRL_INST/O
                         net (fo=1, routed)           0.981    18.410    clk_250_to_100_MHz/clock_wizard_inst/clk_in1_clock_wizard
    PLLE3_ADV_X0Y3       PLLE3_ADV (Prop_PLLE3_ADV_CLKIN_CLKOUT0)
                                                      0.250    18.660 r  clk_250_to_100_MHz/clock_wizard_inst/plle3_adv_inst/CLKOUT0
                         net (fo=1, routed)           0.451    19.111    clk_250_to_100_MHz/clock_wizard_inst/clk_out1_clock_wizard
    BUFGCE_X0Y47         BUFGCE (Prop_BUFCE_BUFGCE_I_O)
                                                      0.091    19.202 r  clk_250_to_100_MHz/clock_wizard_inst/clkout1_buf/O
    X0Y1 (CLOCK_ROOT)    net (fo=9788, routed)        1.964    21.166    iob_soc_memwrapper/ext_mem_mem/clk
    RAMB36_X1Y14         RAMB36E2                                     r  iob_soc_memwrapper/ext_mem_mem/not_MEM_NO_READ_ON_WRITE.mem_reg_3_bram_1/CLKARDCLK
                         clock pessimism              0.383    21.549    
                         clock uncertainty           -0.069    21.480    
    RAMB36_X1Y14         RAMB36E2 (Setup_RAMB36E2_RAMB36_CLKARDCLK_WEA[0])
                                                     -0.693    20.787    iob_soc_memwrapper/ext_mem_mem/not_MEM_NO_READ_ON_WRITE.mem_reg_3_bram_1
  -------------------------------------------------------------------
                         required time                         20.787    
                         arrival time                         -18.946    
  -------------------------------------------------------------------
                         slack                                  1.841    

Slack (MET) :             1.879ns  (required time - arrival time)
  Source:                 iob_soc_memwrapper/iob_core_inst/cpu/u_top/u_ibex_core/if_stage_i/g_instr_rdata_ra.instr_rdata_id_reg_inst/no_tmr.reg_inst/reg0/data_o_reg[22]/C
                            (rising edge-triggered cell FDRE clocked by clk_out1_clock_wizard  {rise@0.000ns fall@8.500ns period=17.000ns})
  Destination:            iob_soc_memwrapper/ext_mem_mem/not_MEM_NO_READ_ON_WRITE.mem_reg_3_bram_1/ENARDEN
                            (rising edge-triggered cell RAMB36E2 clocked by clk_out1_clock_wizard  {rise@0.000ns fall@8.500ns period=17.000ns})
  Path Group:             clk_out1_clock_wizard
  Path Type:              Setup (Max at Slow Process Corner)
  Requirement:            17.000ns  (clk_out1_clock_wizard rise@17.000ns - clk_out1_clock_wizard rise@0.000ns)
  Data Path Delay:        14.335ns  (logic 3.650ns (25.462%)  route 10.685ns (74.538%))
  Logic Levels:           21  (CARRY8=4 LUT3=3 LUT4=3 LUT5=4 LUT6=7)
  Clock Path Skew:        -0.182ns (DCD - SCD + CPR)
    Destination Clock Delay (DCD):    4.166ns = ( 21.166 - 17.000 ) 
    Source Clock Delay      (SCD):    4.731ns
    Clock Pessimism Removal (CPR):    0.383ns
  Clock Uncertainty:      0.069ns  ((TSJ^2 + DJ^2)^1/2) / 2 + PE
    Total System Jitter     (TSJ):    0.071ns
    Discrete Jitter          (DJ):    0.119ns
    Phase Error              (PE):    0.000ns
  Clock Net Delay (Source):      2.291ns (routing 0.396ns, distribution 1.895ns)
  Clock Net Delay (Destination): 1.964ns (routing 0.365ns, distribution 1.599ns)

    Location             Delay type                Incr(ns)  Path(ns)    Netlist Resource(s)
  -------------------------------------------------------------------    -------------------
                         (clock clk_out1_clock_wizard rise edge)
                                                      0.000     0.000 r  
    H22                                               0.000     0.000 r  c0_sys_clk_clk_p_i (IN)
                         net (fo=0)                   0.000     0.000    clk_250_to_100_MHz/clock_wizard_inst/clkin1_ibufds/I
    HPIOBDIFFINBUF_X0Y36 DIFFINBUF (Prop_DIFFINBUF_HPIOBDIFFINBUF_DIFF_IN_P_O)
                                                      0.556     0.556 r  clk_250_to_100_MHz/clock_wizard_inst/clkin1_ibufds/DIFFINBUF_INST/O
                         net (fo=1, routed)           0.104     0.660    clk_250_to_100_MHz/clock_wizard_inst/clkin1_ibufds/OUT
    H22                  IBUFCTRL (Prop_IBUFCTRL_HPIOB_I_O)
                                                      0.000     0.660 r  clk_250_to_100_MHz/clock_wizard_inst/clkin1_ibufds/IBUFCTRL_INST/O
                         net (fo=1, routed)           1.082     1.742    clk_250_to_100_MHz/clock_wizard_inst/clk_in1_clock_wizard
    PLLE3_ADV_X0Y3       PLLE3_ADV (Prop_PLLE3_ADV_CLKIN_CLKOUT0)
                                                      0.068     1.810 r  clk_250_to_100_MHz/clock_wizard_inst/plle3_adv_inst/CLKOUT0
                         net (fo=1, routed)           0.529     2.339    clk_250_to_100_MHz/clock_wizard_inst/clk_out1_clock_wizard
    BUFGCE_X0Y47         BUFGCE (Prop_BUFCE_BUFGCE_I_O)
                                                      0.101     2.440 r  clk_250_to_100_MHz/clock_wizard_inst/clkout1_buf/O
    X0Y1 (CLOCK_ROOT)    net (fo=9788, routed)        2.291     4.731    iob_soc_memwrapper/iob_core_inst/cpu/u_top/u_ibex_core/if_stage_i/g_instr_rdata_ra.instr_rdata_id_reg_inst/no_tmr.reg_inst/reg0/clk
    SLICE_X15Y80         FDRE                                         r  iob_soc_memwrapper/iob_core_inst/cpu/u_top/u_ibex_core/if_stage_i/g_instr_rdata_ra.instr_rdata_id_reg_inst/no_tmr.reg_inst/reg0/data_o_reg[22]/C
  -------------------------------------------------------------------    -------------------
    SLICE_X15Y80         FDRE (Prop_CFF_SLICEM_C_Q)
                                                      0.138     4.869 r  iob_soc_memwrapper/iob_core_inst/cpu/u_top/u_ibex_core/if_stage_i/g_instr_rdata_ra.instr_rdata_id_reg_inst/no_tmr.reg_inst/reg0/data_o_reg[22]/Q
                         net (fo=46, routed)          0.545     5.414    iob_soc_memwrapper/iob_core_inst/cpu/u_top/gen_regfile_fpga.register_file_i/gen_rdata_mux_check.u_prim_onehot_enc_raddr_b/rf_raddr_b[2]
    SLICE_X14Y71         LUT5 (Prop_D5LUT_SLICEL_I1_O)
                                                      0.260     5.674 r  iob_soc_memwrapper/iob_core_inst/cpu/u_top/gen_regfile_fpga.register_file_i/gen_rdata_mux_check.u_prim_onehot_enc_raddr_b/data_o[63]_i_39/O
                         net (fo=39, routed)          0.791     6.465    iob_soc_memwrapper/iob_core_inst/cpu/u_top/u_ibex_core/if_stage_i/g_instr_rdata_ra.instr_rdata_id_reg_inst/no_tmr.reg_inst/reg0/gen_rdata_mux_check.raddr_onehot_b[15]
    SLICE_X12Y58         LUT4 (Prop_G6LUT_SLICEL_I2_O)
                                                      0.089     6.554 r  iob_soc_memwrapper/iob_core_inst/cpu/u_top/u_ibex_core/if_stage_i/g_instr_rdata_ra.instr_rdata_id_reg_inst/no_tmr.reg_inst/reg0/data_o[34]_i_13/O
                         net (fo=1, routed)           0.241     6.795    iob_soc_memwrapper/iob_core_inst/cpu/u_top/u_ibex_core/if_stage_i/g_instr_rdata_ra.instr_rdata_id_reg_inst/no_tmr.reg_inst/reg0/data_o[34]_i_13_n_0
    SLICE_X12Y58         LUT6 (Prop_H6LUT_SLICEL_I0_O)
                                                      0.218     7.013 r  iob_soc_memwrapper/iob_core_inst/cpu/u_top/u_ibex_core/if_stage_i/g_instr_rdata_ra.instr_rdata_id_reg_inst/no_tmr.reg_inst/reg0/data_o[34]_i_8/O
                         net (fo=1, routed)           0.398     7.411    iob_soc_memwrapper/iob_core_inst/cpu/u_top/u_ibex_core/if_stage_i/g_instr_rdata_ra.instr_rdata_id_reg_inst/no_tmr.reg_inst/reg0/data_o[34]_i_8_n_0
    SLICE_X18Y59         LUT6 (Prop_H6LUT_SLICEM_I5_O)
                                                      0.173     7.584 r  iob_soc_memwrapper/iob_core_inst/cpu/u_top/u_ibex_core/if_stage_i/g_instr_rdata_ra.instr_rdata_id_reg_inst/no_tmr.reg_inst/reg0/data_o[34]_i_3/O
                         net (fo=1, routed)           0.266     7.850    iob_soc_memwrapper/iob_core_inst/cpu/u_top/u_ibex_core/if_stage_i/g_instr_rdata_ra.instr_rdata_id_reg_inst/no_tmr.reg_inst/reg0/data_o[34]_i_3_n_0
    SLICE_X19Y61         LUT5 (Prop_C6LUT_SLICEL_I1_O)
                                                      0.219     8.069 r  iob_soc_memwrapper/iob_core_inst/cpu/u_top/u_ibex_core/if_stage_i/g_instr_rdata_ra.instr_rdata_id_reg_inst/no_tmr.reg_inst/reg0/data_o[34]_i_1/O
                         net (fo=10, routed)          0.746     8.815    iob_soc_memwrapper/iob_core_inst/cpu/u_top/u_ibex_core/if_stage_i/g_instr_rdata_ra.instr_rdata_id_reg_inst/no_tmr.reg_inst/reg0/mem_reg[1][9]
    SLICE_X15Y92         LUT6 (Prop_D6LUT_SLICEM_I4_O)
                                                      0.092     8.907 r  iob_soc_memwrapper/iob_core_inst/cpu/u_top/u_ibex_core/if_stage_i/g_instr_rdata_ra.instr_rdata_id_reg_inst/no_tmr.reg_inst/reg0/i___5_i_12__0/O
                         net (fo=3, routed)           0.569     9.476    iob_soc_memwrapper/iob_core_inst/cpu/u_top/u_ibex_core/ex_block_i/alu_operand_b_ex[8]
    SLICE_X14Y103        LUT3 (Prop_B6LUT_SLICEL_I1_O)
                                                      0.053     9.529 r  iob_soc_memwrapper/iob_core_inst/cpu/u_top/u_ibex_core/ex_block_i/adder_result_ext_o_carry__0_i_15/O
                         net (fo=1, routed)           0.000     9.529    iob_soc_memwrapper/iob_core_inst/cpu/u_top/u_ibex_core/ex_block_i/alu_i/data_o_reg[15][1]
    SLICE_X14Y103        CARRY8 (Prop_CARRY8_SLICEL_S[1]_CO[7])
                                                      0.408     9.937 r  iob_soc_memwrapper/iob_core_inst/cpu/u_top/u_ibex_core/ex_block_i/alu_i/adder_result_ext_o_carry__0/CO[7]
                         net (fo=1, routed)           0.030     9.967    iob_soc_memwrapper/iob_core_inst/cpu/u_top/u_ibex_core/ex_block_i/alu_i/adder_result_ext_o_carry__0_n_0
    SLICE_X14Y104        CARRY8 (Prop_CARRY8_SLICEL_CI_CO[7])
                                                      0.025     9.992 r  iob_soc_memwrapper/iob_core_inst/cpu/u_top/u_ibex_core/ex_block_i/alu_i/adder_result_ext_o_carry__1/CO[7]
                         net (fo=1, routed)           0.030    10.022    iob_soc_memwrapper/iob_core_inst/cpu/u_top/u_ibex_core/ex_block_i/alu_i/adder_result_ext_o_carry__1_n_0
    SLICE_X14Y105        CARRY8 (Prop_CARRY8_SLICEL_CI_O[0])
                                                      0.132    10.154 f  iob_soc_memwrapper/iob_core_inst/cpu/u_top/u_ibex_core/ex_block_i/alu_i/adder_result_ext_o_carry__2/O[0]
                         net (fo=88, routed)          1.394    11.548    iob_soc_memwrapper/iob_core_inst/cpu/u_top/u_ibex_core/cs_registers_i/g_pmp_registers.g_pmp_csrs[8].u_pmp_cfg_csr/rdata_reg_inst/no_tmr.reg_inst/reg0/alu_adder_result_ex_o[22]
    SLICE_X2Y139         LUT6 (Prop_G6LUT_SLICEL_I0_O)
                                                      0.166    11.714 f  iob_soc_memwrapper/iob_core_inst/cpu/u_top/u_ibex_core/cs_registers_i/g_pmp_registers.g_pmp_csrs[8].u_pmp_cfg_csr/rdata_reg_inst/no_tmr.reg_inst/reg0/core_outputs_q_reg[1][data_req]_srl2_i_141/O
                         net (fo=1, routed)           0.475    12.189    iob_soc_memwrapper/iob_core_inst/cpu/u_top/u_ibex_core/g_pmp.pmp_i/core_outputs_q_reg[1][data_req]_srl2_i_13[3]
    SLICE_X3Y139         CARRY8 (Prop_CARRY8_SLICEL_DI[3]_CO[7])
                                                      0.432    12.621 f  iob_soc_memwrapper/iob_core_inst/cpu/u_top/u_ibex_core/g_pmp.pmp_i/core_outputs_q_reg[1][data_req]_srl2_i_42/CO[7]
                         net (fo=1, routed)           0.498    13.119    iob_soc_memwrapper/iob_core_inst/cpu/u_top/u_ibex_core/cs_registers_i/g_pmp_registers.g_pmp_csrs[8].u_pmp_cfg_csr/rdata_reg_inst/no_tmr.reg_inst/reg0/core_outputs_q_reg[1][data_req]_srl2_i_55_1[0]
    SLICE_X5Y135         LUT5 (Prop_D5LUT_SLICEM_I4_O)
                                                      0.171    13.290 f  iob_soc_memwrapper/iob_core_inst/cpu/u_top/u_ibex_core/cs_registers_i/g_pmp_registers.g_pmp_csrs[8].u_pmp_cfg_csr/rdata_reg_inst/no_tmr.reg_inst/reg0/core_outputs_q_reg[1][data_req]_srl2_i_13/O
                         net (fo=5, routed)           0.712    14.002    iob_soc_memwrapper/iob_core_inst/cpu/u_top/u_ibex_core/cs_registers_i/g_pmp_registers.g_pmp_csrs[10].u_pmp_cfg_csr/rdata_reg_inst/no_tmr.reg_inst/reg0/g_access_check[2].g_regions[8].region_match_all_reg[2]_70
    SLICE_X15Y136        LUT6 (Prop_G6LUT_SLICEM_I1_O)
                                                      0.168    14.170 f  iob_soc_memwrapper/iob_core_inst/cpu/u_top/u_ibex_core/cs_registers_i/g_pmp_registers.g_pmp_csrs[10].u_pmp_cfg_csr/rdata_reg_inst/no_tmr.reg_inst/reg0/core_outputs_q_reg[1][data_req]_srl2_i_55/O
                         net (fo=4, routed)           0.095    14.265    iob_soc_memwrapper/iob_core_inst/cpu/u_top/u_ibex_core/cs_registers_i/g_pmp_registers.g_pmp_csrs[13].u_pmp_cfg_csr/rdata_reg_inst/no_tmr.reg_inst/reg0/core_outputs_q_reg[1][data_req]_srl2_i_7
    SLICE_X15Y136        LUT4 (Prop_D5LUT_SLICEM_I2_O)
                                                      0.193    14.458 f  iob_soc_memwrapper/iob_core_inst/cpu/u_top/u_ibex_core/cs_registers_i/g_pmp_registers.g_pmp_csrs[13].u_pmp_cfg_csr/rdata_reg_inst/no_tmr.reg_inst/reg0/core_outputs_q_reg[1][data_req]_srl2_i_24/O
                         net (fo=2, routed)           0.235    14.693    iob_soc_memwrapper/iob_core_inst/cpu/u_top/u_ibex_core/cs_registers_i/g_pmp_registers.g_pmp_csrs[14].u_pmp_cfg_csr/rdata_reg_inst/no_tmr.reg_inst/reg0/core_outputs_q_reg[1][data_req]_srl2_i_3
    SLICE_X16Y136        LUT3 (Prop_B6LUT_SLICEL_I1_O)
                                                      0.053    14.746 r  iob_soc_memwrapper/iob_core_inst/cpu/u_top/u_ibex_core/cs_registers_i/g_pmp_registers.g_pmp_csrs[14].u_pmp_cfg_csr/rdata_reg_inst/no_tmr.reg_inst/reg0/core_outputs_q_reg[1][data_req]_srl2_i_7/O
                         net (fo=2, routed)           0.258    15.004    iob_soc_memwrapper/iob_core_inst/cpu/u_top/u_ibex_core/cs_registers_i/g_pmp_registers.g_pmp_csrs[13].u_pmp_cfg_csr/rdata_reg_inst/no_tmr.reg_inst/reg0/data_o[0]_i_5__5
    SLICE_X15Y135        LUT5 (Prop_E6LUT_SLICEM_I1_O)
                                                      0.225    15.229 f  iob_soc_memwrapper/iob_core_inst/cpu/u_top/u_ibex_core/cs_registers_i/g_pmp_registers.g_pmp_csrs[13].u_pmp_cfg_csr/rdata_reg_inst/no_tmr.reg_inst/reg0/core_outputs_q_reg[1][data_req]_srl2_i_3/O
                         net (fo=4, routed)           0.582    15.811    iob_soc_memwrapper/iob_core_inst/cpu/u_top/u_ibex_core/cs_registers_i/g_pmp_registers.g_pmp_csrs[13].u_pmp_cfg_csr/rdata_reg_inst/no_tmr.reg_inst/reg0/core_outputs_q_reg[1][data_req]_srl2_i_10
    SLICE_X11Y118        LUT6 (Prop_H6LUT_SLICEM_I3_O)
                                                      0.055    15.866 r  iob_soc_memwrapper/iob_core_inst/cpu/u_top/u_ibex_core/cs_registers_i/g_pmp_registers.g_pmp_csrs[13].u_pmp_cfg_csr/rdata_reg_inst/no_tmr.reg_inst/reg0/core_outputs_q_reg[1][data_req]_srl2_i_1/O
                         net (fo=17, routed)          0.916    16.782    iob_soc_memwrapper/iob_core_inst/cpu/u_top/u_ibex_core/if_stage_i/g_instr_rdata_ra.instr_rdata_id_reg_inst/no_tmr.reg_inst/reg0/data_o_reg[0]_38
    SLICE_X3Y99          LUT3 (Prop_D6LUT_SLICEL_I2_O)
                                                      0.090    16.872 f  iob_soc_memwrapper/iob_core_inst/cpu/u_top/u_ibex_core/if_stage_i/g_instr_rdata_ra.instr_rdata_id_reg_inst/no_tmr.reg_inst/reg0/data_o[0]_i_2__34/O
                         net (fo=6, routed)           0.558    17.430    iob_soc_memwrapper/iob_core_inst/iob_axi_full_xbar/iob_axi_merge_0/busy_write_reg_re/reg0/data_o_reg[0]_7
    SLICE_X3Y79          LUT4 (Prop_B5LUT_SLICEL_I1_O)
                                                      0.201    17.631 f  iob_soc_memwrapper/iob_core_inst/iob_axi_full_xbar/iob_axi_merge_0/busy_write_reg_re/reg0/write_count_reg[7]_i_3/O
                         net (fo=11, routed)          0.745    18.376    iob_soc_memwrapper/iob_core_inst/internal_memory/not_MEM_NO_READ_ON_WRITE.mem_reg_3_bram_1
    SLICE_X9Y75          LUT6 (Prop_G6LUT_SLICEL_I2_O)
                                                      0.089    18.465 r  iob_soc_memwrapper/iob_core_inst/internal_memory/not_MEM_NO_READ_ON_WRITE.mem_reg_3_bram_1_i_1/O
                         net (fo=4, routed)           0.601    19.066    iob_soc_memwrapper/ext_mem_mem/not_MEM_NO_READ_ON_WRITE.mem_reg_3_bram_1_0[0]
    RAMB36_X1Y14         RAMB36E2                                     r  iob_soc_memwrapper/ext_mem_mem/not_MEM_NO_READ_ON_WRITE.mem_reg_3_bram_1/ENARDEN
  -------------------------------------------------------------------    -------------------

                         (clock clk_out1_clock_wizard rise edge)
                                                     17.000    17.000 r  
    H22                                               0.000    17.000 r  c0_sys_clk_clk_p_i (IN)
                         net (fo=0)                   0.000    17.000    clk_250_to_100_MHz/clock_wizard_inst/clkin1_ibufds/I
    HPIOBDIFFINBUF_X0Y36 DIFFINBUF (Prop_DIFFINBUF_HPIOBDIFFINBUF_DIFF_IN_P_O)
                                                      0.374    17.374 r  clk_250_to_100_MHz/clock_wizard_inst/clkin1_ibufds/DIFFINBUF_INST/O
                         net (fo=1, routed)           0.055    17.429    clk_250_to_100_MHz/clock_wizard_inst/clkin1_ibufds/OUT
    H22                  IBUFCTRL (Prop_IBUFCTRL_HPIOB_I_O)
                                                      0.000    17.429 r  clk_250_to_100_MHz/clock_wizard_inst/clkin1_ibufds/IBUFCTRL_INST/O
                         net (fo=1, routed)           0.981    18.410    clk_250_to_100_MHz/clock_wizard_inst/clk_in1_clock_wizard
    PLLE3_ADV_X0Y3       PLLE3_ADV (Prop_PLLE3_ADV_CLKIN_CLKOUT0)
                                                      0.250    18.660 r  clk_250_to_100_MHz/clock_wizard_inst/plle3_adv_inst/CLKOUT0
                         net (fo=1, routed)           0.451    19.111    clk_250_to_100_MHz/clock_wizard_inst/clk_out1_clock_wizard
    BUFGCE_X0Y47         BUFGCE (Prop_BUFCE_BUFGCE_I_O)
                                                      0.091    19.202 r  clk_250_to_100_MHz/clock_wizard_inst/clkout1_buf/O
    X0Y1 (CLOCK_ROOT)    net (fo=9788, routed)        1.964    21.166    iob_soc_memwrapper/ext_mem_mem/clk
    RAMB36_X1Y14         RAMB36E2                                     r  iob_soc_memwrapper/ext_mem_mem/not_MEM_NO_READ_ON_WRITE.mem_reg_3_bram_1/CLKARDCLK
                         clock pessimism              0.383    21.549    
                         clock uncertainty           -0.069    21.480    
    RAMB36_X1Y14         RAMB36E2 (Setup_RAMB36E2_RAMB36_CLKARDCLK_ENARDEN)
                                                     -0.535    20.945    iob_soc_memwrapper/ext_mem_mem/not_MEM_NO_READ_ON_WRITE.mem_reg_3_bram_1
  -------------------------------------------------------------------
                         required time                         20.945    
                         arrival time                         -19.066    
  -------------------------------------------------------------------
                         slack                                  1.879    

Slack (MET) :             1.903ns  (required time - arrival time)
  Source:                 iob_soc_memwrapper/iob_core_inst/cpu/u_top/u_ibex_core/if_stage_i/g_instr_rdata_ra.instr_rdata_id_reg_inst/no_tmr.reg_inst/reg0/data_o_reg[22]/C
                            (rising edge-triggered cell FDRE clocked by clk_out1_clock_wizard  {rise@0.000ns fall@8.500ns period=17.000ns})
  Destination:            iob_soc_memwrapper/ext_mem_mem/not_MEM_NO_READ_ON_WRITE.mem_reg_2_bram_1/ENARDEN
                            (rising edge-triggered cell RAMB36E2 clocked by clk_out1_clock_wizard  {rise@0.000ns fall@8.500ns period=17.000ns})
  Path Group:             clk_out1_clock_wizard
  Path Type:              Setup (Max at Slow Process Corner)
  Requirement:            17.000ns  (clk_out1_clock_wizard rise@17.000ns - clk_out1_clock_wizard rise@0.000ns)
  Data Path Delay:        14.302ns  (logic 3.611ns (25.248%)  route 10.691ns (74.752%))
  Logic Levels:           21  (CARRY8=4 LUT3=3 LUT4=3 LUT5=4 LUT6=7)
  Clock Path Skew:        -0.191ns (DCD - SCD + CPR)
    Destination Clock Delay (DCD):    4.157ns = ( 21.157 - 17.000 ) 
    Source Clock Delay      (SCD):    4.731ns
    Clock Pessimism Removal (CPR):    0.383ns
  Clock Uncertainty:      0.069ns  ((TSJ^2 + DJ^2)^1/2) / 2 + PE
    Total System Jitter     (TSJ):    0.071ns
    Discrete Jitter          (DJ):    0.119ns
    Phase Error              (PE):    0.000ns
  Clock Net Delay (Source):      2.291ns (routing 0.396ns, distribution 1.895ns)
  Clock Net Delay (Destination): 1.955ns (routing 0.365ns, distribution 1.590ns)

    Location             Delay type                Incr(ns)  Path(ns)    Netlist Resource(s)
  -------------------------------------------------------------------    -------------------
                         (clock clk_out1_clock_wizard rise edge)
                                                      0.000     0.000 r  
    H22                                               0.000     0.000 r  c0_sys_clk_clk_p_i (IN)
                         net (fo=0)                   0.000     0.000    clk_250_to_100_MHz/clock_wizard_inst/clkin1_ibufds/I
    HPIOBDIFFINBUF_X0Y36 DIFFINBUF (Prop_DIFFINBUF_HPIOBDIFFINBUF_DIFF_IN_P_O)
                                                      0.556     0.556 r  clk_250_to_100_MHz/clock_wizard_inst/clkin1_ibufds/DIFFINBUF_INST/O
                         net (fo=1, routed)           0.104     0.660    clk_250_to_100_MHz/clock_wizard_inst/clkin1_ibufds/OUT
    H22                  IBUFCTRL (Prop_IBUFCTRL_HPIOB_I_O)
                                                      0.000     0.660 r  clk_250_to_100_MHz/clock_wizard_inst/clkin1_ibufds/IBUFCTRL_INST/O
                         net (fo=1, routed)           1.082     1.742    clk_250_to_100_MHz/clock_wizard_inst/clk_in1_clock_wizard
    PLLE3_ADV_X0Y3       PLLE3_ADV (Prop_PLLE3_ADV_CLKIN_CLKOUT0)
                                                      0.068     1.810 r  clk_250_to_100_MHz/clock_wizard_inst/plle3_adv_inst/CLKOUT0
                         net (fo=1, routed)           0.529     2.339    clk_250_to_100_MHz/clock_wizard_inst/clk_out1_clock_wizard
    BUFGCE_X0Y47         BUFGCE (Prop_BUFCE_BUFGCE_I_O)
                                                      0.101     2.440 r  clk_250_to_100_MHz/clock_wizard_inst/clkout1_buf/O
    X0Y1 (CLOCK_ROOT)    net (fo=9788, routed)        2.291     4.731    iob_soc_memwrapper/iob_core_inst/cpu/u_top/u_ibex_core/if_stage_i/g_instr_rdata_ra.instr_rdata_id_reg_inst/no_tmr.reg_inst/reg0/clk
    SLICE_X15Y80         FDRE                                         r  iob_soc_memwrapper/iob_core_inst/cpu/u_top/u_ibex_core/if_stage_i/g_instr_rdata_ra.instr_rdata_id_reg_inst/no_tmr.reg_inst/reg0/data_o_reg[22]/C
  -------------------------------------------------------------------    -------------------
    SLICE_X15Y80         FDRE (Prop_CFF_SLICEM_C_Q)
                                                      0.138     4.869 r  iob_soc_memwrapper/iob_core_inst/cpu/u_top/u_ibex_core/if_stage_i/g_instr_rdata_ra.instr_rdata_id_reg_inst/no_tmr.reg_inst/reg0/data_o_reg[22]/Q
                         net (fo=46, routed)          0.545     5.414    iob_soc_memwrapper/iob_core_inst/cpu/u_top/gen_regfile_fpga.register_file_i/gen_rdata_mux_check.u_prim_onehot_enc_raddr_b/rf_raddr_b[2]
    SLICE_X14Y71         LUT5 (Prop_D5LUT_SLICEL_I1_O)
                                                      0.260     5.674 r  iob_soc_memwrapper/iob_core_inst/cpu/u_top/gen_regfile_fpga.register_file_i/gen_rdata_mux_check.u_prim_onehot_enc_raddr_b/data_o[63]_i_39/O
                         net (fo=39, routed)          0.791     6.465    iob_soc_memwrapper/iob_core_inst/cpu/u_top/u_ibex_core/if_stage_i/g_instr_rdata_ra.instr_rdata_id_reg_inst/no_tmr.reg_inst/reg0/gen_rdata_mux_check.raddr_onehot_b[15]
    SLICE_X12Y58         LUT4 (Prop_G6LUT_SLICEL_I2_O)
                                                      0.089     6.554 r  iob_soc_memwrapper/iob_core_inst/cpu/u_top/u_ibex_core/if_stage_i/g_instr_rdata_ra.instr_rdata_id_reg_inst/no_tmr.reg_inst/reg0/data_o[34]_i_13/O
                         net (fo=1, routed)           0.241     6.795    iob_soc_memwrapper/iob_core_inst/cpu/u_top/u_ibex_core/if_stage_i/g_instr_rdata_ra.instr_rdata_id_reg_inst/no_tmr.reg_inst/reg0/data_o[34]_i_13_n_0
    SLICE_X12Y58         LUT6 (Prop_H6LUT_SLICEL_I0_O)
                                                      0.218     7.013 r  iob_soc_memwrapper/iob_core_inst/cpu/u_top/u_ibex_core/if_stage_i/g_instr_rdata_ra.instr_rdata_id_reg_inst/no_tmr.reg_inst/reg0/data_o[34]_i_8/O
                         net (fo=1, routed)           0.398     7.411    iob_soc_memwrapper/iob_core_inst/cpu/u_top/u_ibex_core/if_stage_i/g_instr_rdata_ra.instr_rdata_id_reg_inst/no_tmr.reg_inst/reg0/data_o[34]_i_8_n_0
    SLICE_X18Y59         LUT6 (Prop_H6LUT_SLICEM_I5_O)
                                                      0.173     7.584 r  iob_soc_memwrapper/iob_core_inst/cpu/u_top/u_ibex_core/if_stage_i/g_instr_rdata_ra.instr_rdata_id_reg_inst/no_tmr.reg_inst/reg0/data_o[34]_i_3/O
                         net (fo=1, routed)           0.266     7.850    iob_soc_memwrapper/iob_core_inst/cpu/u_top/u_ibex_core/if_stage_i/g_instr_rdata_ra.instr_rdata_id_reg_inst/no_tmr.reg_inst/reg0/data_o[34]_i_3_n_0
    SLICE_X19Y61         LUT5 (Prop_C6LUT_SLICEL_I1_O)
                                                      0.219     8.069 r  iob_soc_memwrapper/iob_core_inst/cpu/u_top/u_ibex_core/if_stage_i/g_instr_rdata_ra.instr_rdata_id_reg_inst/no_tmr.reg_inst/reg0/data_o[34]_i_1/O
                         net (fo=10, routed)          0.746     8.815    iob_soc_memwrapper/iob_core_inst/cpu/u_top/u_ibex_core/if_stage_i/g_instr_rdata_ra.instr_rdata_id_reg_inst/no_tmr.reg_inst/reg0/mem_reg[1][9]
    SLICE_X15Y92         LUT6 (Prop_D6LUT_SLICEM_I4_O)
                                                      0.092     8.907 r  iob_soc_memwrapper/iob_core_inst/cpu/u_top/u_ibex_core/if_stage_i/g_instr_rdata_ra.instr_rdata_id_reg_inst/no_tmr.reg_inst/reg0/i___5_i_12__0/O
                         net (fo=3, routed)           0.569     9.476    iob_soc_memwrapper/iob_core_inst/cpu/u_top/u_ibex_core/ex_block_i/alu_operand_b_ex[8]
    SLICE_X14Y103        LUT3 (Prop_B6LUT_SLICEL_I1_O)
                                                      0.053     9.529 r  iob_soc_memwrapper/iob_core_inst/cpu/u_top/u_ibex_core/ex_block_i/adder_result_ext_o_carry__0_i_15/O
                         net (fo=1, routed)           0.000     9.529    iob_soc_memwrapper/iob_core_inst/cpu/u_top/u_ibex_core/ex_block_i/alu_i/data_o_reg[15][1]
    SLICE_X14Y103        CARRY8 (Prop_CARRY8_SLICEL_S[1]_CO[7])
                                                      0.408     9.937 r  iob_soc_memwrapper/iob_core_inst/cpu/u_top/u_ibex_core/ex_block_i/alu_i/adder_result_ext_o_carry__0/CO[7]
                         net (fo=1, routed)           0.030     9.967    iob_soc_memwrapper/iob_core_inst/cpu/u_top/u_ibex_core/ex_block_i/alu_i/adder_result_ext_o_carry__0_n_0
    SLICE_X14Y104        CARRY8 (Prop_CARRY8_SLICEL_CI_CO[7])
                                                      0.025     9.992 r  iob_soc_memwrapper/iob_core_inst/cpu/u_top/u_ibex_core/ex_block_i/alu_i/adder_result_ext_o_carry__1/CO[7]
                         net (fo=1, routed)           0.030    10.022    iob_soc_memwrapper/iob_core_inst/cpu/u_top/u_ibex_core/ex_block_i/alu_i/adder_result_ext_o_carry__1_n_0
    SLICE_X14Y105        CARRY8 (Prop_CARRY8_SLICEL_CI_O[0])
                                                      0.132    10.154 f  iob_soc_memwrapper/iob_core_inst/cpu/u_top/u_ibex_core/ex_block_i/alu_i/adder_result_ext_o_carry__2/O[0]
                         net (fo=88, routed)          1.394    11.548    iob_soc_memwrapper/iob_core_inst/cpu/u_top/u_ibex_core/cs_registers_i/g_pmp_registers.g_pmp_csrs[8].u_pmp_cfg_csr/rdata_reg_inst/no_tmr.reg_inst/reg0/alu_adder_result_ex_o[22]
    SLICE_X2Y139         LUT6 (Prop_G6LUT_SLICEL_I0_O)
                                                      0.166    11.714 f  iob_soc_memwrapper/iob_core_inst/cpu/u_top/u_ibex_core/cs_registers_i/g_pmp_registers.g_pmp_csrs[8].u_pmp_cfg_csr/rdata_reg_inst/no_tmr.reg_inst/reg0/core_outputs_q_reg[1][data_req]_srl2_i_141/O
                         net (fo=1, routed)           0.475    12.189    iob_soc_memwrapper/iob_core_inst/cpu/u_top/u_ibex_core/g_pmp.pmp_i/core_outputs_q_reg[1][data_req]_srl2_i_13[3]
    SLICE_X3Y139         CARRY8 (Prop_CARRY8_SLICEL_DI[3]_CO[7])
                                                      0.432    12.621 f  iob_soc_memwrapper/iob_core_inst/cpu/u_top/u_ibex_core/g_pmp.pmp_i/core_outputs_q_reg[1][data_req]_srl2_i_42/CO[7]
                         net (fo=1, routed)           0.498    13.119    iob_soc_memwrapper/iob_core_inst/cpu/u_top/u_ibex_core/cs_registers_i/g_pmp_registers.g_pmp_csrs[8].u_pmp_cfg_csr/rdata_reg_inst/no_tmr.reg_inst/reg0/core_outputs_q_reg[1][data_req]_srl2_i_55_1[0]
    SLICE_X5Y135         LUT5 (Prop_D5LUT_SLICEM_I4_O)
                                                      0.171    13.290 f  iob_soc_memwrapper/iob_core_inst/cpu/u_top/u_ibex_core/cs_registers_i/g_pmp_registers.g_pmp_csrs[8].u_pmp_cfg_csr/rdata_reg_inst/no_tmr.reg_inst/reg0/core_outputs_q_reg[1][data_req]_srl2_i_13/O
                         net (fo=5, routed)           0.712    14.002    iob_soc_memwrapper/iob_core_inst/cpu/u_top/u_ibex_core/cs_registers_i/g_pmp_registers.g_pmp_csrs[10].u_pmp_cfg_csr/rdata_reg_inst/no_tmr.reg_inst/reg0/g_access_check[2].g_regions[8].region_match_all_reg[2]_70
    SLICE_X15Y136        LUT6 (Prop_G6LUT_SLICEM_I1_O)
                                                      0.168    14.170 f  iob_soc_memwrapper/iob_core_inst/cpu/u_top/u_ibex_core/cs_registers_i/g_pmp_registers.g_pmp_csrs[10].u_pmp_cfg_csr/rdata_reg_inst/no_tmr.reg_inst/reg0/core_outputs_q_reg[1][data_req]_srl2_i_55/O
                         net (fo=4, routed)           0.095    14.265    iob_soc_memwrapper/iob_core_inst/cpu/u_top/u_ibex_core/cs_registers_i/g_pmp_registers.g_pmp_csrs[13].u_pmp_cfg_csr/rdata_reg_inst/no_tmr.reg_inst/reg0/core_outputs_q_reg[1][data_req]_srl2_i_7
    SLICE_X15Y136        LUT4 (Prop_D5LUT_SLICEM_I2_O)
                                                      0.193    14.458 f  iob_soc_memwrapper/iob_core_inst/cpu/u_top/u_ibex_core/cs_registers_i/g_pmp_registers.g_pmp_csrs[13].u_pmp_cfg_csr/rdata_reg_inst/no_tmr.reg_inst/reg0/core_outputs_q_reg[1][data_req]_srl2_i_24/O
                         net (fo=2, routed)           0.235    14.693    iob_soc_memwrapper/iob_core_inst/cpu/u_top/u_ibex_core/cs_registers_i/g_pmp_registers.g_pmp_csrs[14].u_pmp_cfg_csr/rdata_reg_inst/no_tmr.reg_inst/reg0/core_outputs_q_reg[1][data_req]_srl2_i_3
    SLICE_X16Y136        LUT3 (Prop_B6LUT_SLICEL_I1_O)
                                                      0.053    14.746 r  iob_soc_memwrapper/iob_core_inst/cpu/u_top/u_ibex_core/cs_registers_i/g_pmp_registers.g_pmp_csrs[14].u_pmp_cfg_csr/rdata_reg_inst/no_tmr.reg_inst/reg0/core_outputs_q_reg[1][data_req]_srl2_i_7/O
                         net (fo=2, routed)           0.258    15.004    iob_soc_memwrapper/iob_core_inst/cpu/u_top/u_ibex_core/cs_registers_i/g_pmp_registers.g_pmp_csrs[13].u_pmp_cfg_csr/rdata_reg_inst/no_tmr.reg_inst/reg0/data_o[0]_i_5__5
    SLICE_X15Y135        LUT5 (Prop_E6LUT_SLICEM_I1_O)
                                                      0.225    15.229 f  iob_soc_memwrapper/iob_core_inst/cpu/u_top/u_ibex_core/cs_registers_i/g_pmp_registers.g_pmp_csrs[13].u_pmp_cfg_csr/rdata_reg_inst/no_tmr.reg_inst/reg0/core_outputs_q_reg[1][data_req]_srl2_i_3/O
                         net (fo=4, routed)           0.582    15.811    iob_soc_memwrapper/iob_core_inst/cpu/u_top/u_ibex_core/cs_registers_i/g_pmp_registers.g_pmp_csrs[13].u_pmp_cfg_csr/rdata_reg_inst/no_tmr.reg_inst/reg0/core_outputs_q_reg[1][data_req]_srl2_i_10
    SLICE_X11Y118        LUT6 (Prop_H6LUT_SLICEM_I3_O)
                                                      0.055    15.866 r  iob_soc_memwrapper/iob_core_inst/cpu/u_top/u_ibex_core/cs_registers_i/g_pmp_registers.g_pmp_csrs[13].u_pmp_cfg_csr/rdata_reg_inst/no_tmr.reg_inst/reg0/core_outputs_q_reg[1][data_req]_srl2_i_1/O
                         net (fo=17, routed)          0.916    16.782    iob_soc_memwrapper/iob_core_inst/cpu/u_top/u_ibex_core/if_stage_i/g_instr_rdata_ra.instr_rdata_id_reg_inst/no_tmr.reg_inst/reg0/data_o_reg[0]_38
    SLICE_X3Y99          LUT3 (Prop_D6LUT_SLICEL_I2_O)
                                                      0.090    16.872 f  iob_soc_memwrapper/iob_core_inst/cpu/u_top/u_ibex_core/if_stage_i/g_instr_rdata_ra.instr_rdata_id_reg_inst/no_tmr.reg_inst/reg0/data_o[0]_i_2__34/O
                         net (fo=6, routed)           0.558    17.430    iob_soc_memwrapper/iob_core_inst/iob_axi_full_xbar/iob_axi_merge_0/busy_write_reg_re/reg0/data_o_reg[0]_7
    SLICE_X3Y79          LUT4 (Prop_B5LUT_SLICEL_I1_O)
                                                      0.201    17.631 f  iob_soc_memwrapper/iob_core_inst/iob_axi_full_xbar/iob_axi_merge_0/busy_write_reg_re/reg0/write_count_reg[7]_i_3/O
                         net (fo=11, routed)          0.737    18.368    iob_soc_memwrapper/iob_core_inst/internal_memory/not_MEM_NO_READ_ON_WRITE.mem_reg_3_bram_1
    SLICE_X9Y82          LUT6 (Prop_E6LUT_SLICEL_I2_O)
                                                      0.050    18.418 r  iob_soc_memwrapper/iob_core_inst/internal_memory/not_MEM_NO_READ_ON_WRITE.mem_reg_2_bram_1_i_1/O
                         net (fo=4, routed)           0.615    19.033    iob_soc_memwrapper/ext_mem_mem/not_MEM_NO_READ_ON_WRITE.mem_reg_2_bram_1_1[0]
    RAMB36_X1Y16         RAMB36E2                                     r  iob_soc_memwrapper/ext_mem_mem/not_MEM_NO_READ_ON_WRITE.mem_reg_2_bram_1/ENARDEN
  -------------------------------------------------------------------    -------------------

                         (clock clk_out1_clock_wizard rise edge)
                                                     17.000    17.000 r  
    H22                                               0.000    17.000 r  c0_sys_clk_clk_p_i (IN)
                         net (fo=0)                   0.000    17.000    clk_250_to_100_MHz/clock_wizard_inst/clkin1_ibufds/I
    HPIOBDIFFINBUF_X0Y36 DIFFINBUF (Prop_DIFFINBUF_HPIOBDIFFINBUF_DIFF_IN_P_O)
                                                      0.374    17.374 r  clk_250_to_100_MHz/clock_wizard_inst/clkin1_ibufds/DIFFINBUF_INST/O
                         net (fo=1, routed)           0.055    17.429    clk_250_to_100_MHz/clock_wizard_inst/clkin1_ibufds/OUT
    H22                  IBUFCTRL (Prop_IBUFCTRL_HPIOB_I_O)
                                                      0.000    17.429 r  clk_250_to_100_MHz/clock_wizard_inst/clkin1_ibufds/IBUFCTRL_INST/O
                         net (fo=1, routed)           0.981    18.410    clk_250_to_100_MHz/clock_wizard_inst/clk_in1_clock_wizard
    PLLE3_ADV_X0Y3       PLLE3_ADV (Prop_PLLE3_ADV_CLKIN_CLKOUT0)
                                                      0.250    18.660 r  clk_250_to_100_MHz/clock_wizard_inst/plle3_adv_inst/CLKOUT0
                         net (fo=1, routed)           0.451    19.111    clk_250_to_100_MHz/clock_wizard_inst/clk_out1_clock_wizard
    BUFGCE_X0Y47         BUFGCE (Prop_BUFCE_BUFGCE_I_O)
                                                      0.091    19.202 r  clk_250_to_100_MHz/clock_wizard_inst/clkout1_buf/O
    X0Y1 (CLOCK_ROOT)    net (fo=9788, routed)        1.955    21.157    iob_soc_memwrapper/ext_mem_mem/clk
    RAMB36_X1Y16         RAMB36E2                                     r  iob_soc_memwrapper/ext_mem_mem/not_MEM_NO_READ_ON_WRITE.mem_reg_2_bram_1/CLKARDCLK
                         clock pessimism              0.383    21.540    
                         clock uncertainty           -0.069    21.471    
    RAMB36_X1Y16         RAMB36E2 (Setup_RAMB36E2_RAMB36_CLKARDCLK_ENARDEN)
                                                     -0.535    20.936    iob_soc_memwrapper/ext_mem_mem/not_MEM_NO_READ_ON_WRITE.mem_reg_2_bram_1
  -------------------------------------------------------------------
                         required time                         20.936    
                         arrival time                         -19.033    
  -------------------------------------------------------------------
                         slack                                  1.903    

Slack (MET) :             1.920ns  (required time - arrival time)
  Source:                 iob_soc_memwrapper/iob_core_inst/cpu/u_top/u_ibex_core/if_stage_i/g_instr_rdata_ra.instr_rdata_id_reg_inst/no_tmr.reg_inst/reg0/data_o_reg[22]/C
                            (rising edge-triggered cell FDRE clocked by clk_out1_clock_wizard  {rise@0.000ns fall@8.500ns period=17.000ns})
  Destination:            iob_soc_memwrapper/ext_mem_mem/not_MEM_NO_READ_ON_WRITE.mem_reg_2_bram_0/WEA[0]
                            (rising edge-triggered cell RAMB36E2 clocked by clk_out1_clock_wizard  {rise@0.000ns fall@8.500ns period=17.000ns})
  Path Group:             clk_out1_clock_wizard
  Path Type:              Setup (Max at Slow Process Corner)
  Requirement:            17.000ns  (clk_out1_clock_wizard rise@17.000ns - clk_out1_clock_wizard rise@0.000ns)
  Data Path Delay:        14.132ns  (logic 3.708ns (26.238%)  route 10.424ns (73.762%))
  Logic Levels:           21  (CARRY8=4 LUT3=3 LUT4=3 LUT5=4 LUT6=7)
  Clock Path Skew:        -0.186ns (DCD - SCD + CPR)
    Destination Clock Delay (DCD):    4.162ns = ( 21.162 - 17.000 ) 
    Source Clock Delay      (SCD):    4.731ns
    Clock Pessimism Removal (CPR):    0.383ns
  Clock Uncertainty:      0.069ns  ((TSJ^2 + DJ^2)^1/2) / 2 + PE
    Total System Jitter     (TSJ):    0.071ns
    Discrete Jitter          (DJ):    0.119ns
    Phase Error              (PE):    0.000ns
  Clock Net Delay (Source):      2.291ns (routing 0.396ns, distribution 1.895ns)
  Clock Net Delay (Destination): 1.960ns (routing 0.365ns, distribution 1.595ns)

    Location             Delay type                Incr(ns)  Path(ns)    Netlist Resource(s)
  -------------------------------------------------------------------    -------------------
                         (clock clk_out1_clock_wizard rise edge)
                                                      0.000     0.000 r  
    H22                                               0.000     0.000 r  c0_sys_clk_clk_p_i (IN)
                         net (fo=0)                   0.000     0.000    clk_250_to_100_MHz/clock_wizard_inst/clkin1_ibufds/I
    HPIOBDIFFINBUF_X0Y36 DIFFINBUF (Prop_DIFFINBUF_HPIOBDIFFINBUF_DIFF_IN_P_O)
                                                      0.556     0.556 r  clk_250_to_100_MHz/clock_wizard_inst/clkin1_ibufds/DIFFINBUF_INST/O
                         net (fo=1, routed)           0.104     0.660    clk_250_to_100_MHz/clock_wizard_inst/clkin1_ibufds/OUT
    H22                  IBUFCTRL (Prop_IBUFCTRL_HPIOB_I_O)
                                                      0.000     0.660 r  clk_250_to_100_MHz/clock_wizard_inst/clkin1_ibufds/IBUFCTRL_INST/O
                         net (fo=1, routed)           1.082     1.742    clk_250_to_100_MHz/clock_wizard_inst/clk_in1_clock_wizard
    PLLE3_ADV_X0Y3       PLLE3_ADV (Prop_PLLE3_ADV_CLKIN_CLKOUT0)
                                                      0.068     1.810 r  clk_250_to_100_MHz/clock_wizard_inst/plle3_adv_inst/CLKOUT0
                         net (fo=1, routed)           0.529     2.339    clk_250_to_100_MHz/clock_wizard_inst/clk_out1_clock_wizard
    BUFGCE_X0Y47         BUFGCE (Prop_BUFCE_BUFGCE_I_O)
                                                      0.101     2.440 r  clk_250_to_100_MHz/clock_wizard_inst/clkout1_buf/O
    X0Y1 (CLOCK_ROOT)    net (fo=9788, routed)        2.291     4.731    iob_soc_memwrapper/iob_core_inst/cpu/u_top/u_ibex_core/if_stage_i/g_instr_rdata_ra.instr_rdata_id_reg_inst/no_tmr.reg_inst/reg0/clk
    SLICE_X15Y80         FDRE                                         r  iob_soc_memwrapper/iob_core_inst/cpu/u_top/u_ibex_core/if_stage_i/g_instr_rdata_ra.instr_rdata_id_reg_inst/no_tmr.reg_inst/reg0/data_o_reg[22]/C
  -------------------------------------------------------------------    -------------------
    SLICE_X15Y80         FDRE (Prop_CFF_SLICEM_C_Q)
                                                      0.138     4.869 r  iob_soc_memwrapper/iob_core_inst/cpu/u_top/u_ibex_core/if_stage_i/g_instr_rdata_ra.instr_rdata_id_reg_inst/no_tmr.reg_inst/reg0/data_o_reg[22]/Q
                         net (fo=46, routed)          0.545     5.414    iob_soc_memwrapper/iob_core_inst/cpu/u_top/gen_regfile_fpga.register_file_i/gen_rdata_mux_check.u_prim_onehot_enc_raddr_b/rf_raddr_b[2]
    SLICE_X14Y71         LUT5 (Prop_D5LUT_SLICEL_I1_O)
                                                      0.260     5.674 r  iob_soc_memwrapper/iob_core_inst/cpu/u_top/gen_regfile_fpga.register_file_i/gen_rdata_mux_check.u_prim_onehot_enc_raddr_b/data_o[63]_i_39/O
                         net (fo=39, routed)          0.791     6.465    iob_soc_memwrapper/iob_core_inst/cpu/u_top/u_ibex_core/if_stage_i/g_instr_rdata_ra.instr_rdata_id_reg_inst/no_tmr.reg_inst/reg0/gen_rdata_mux_check.raddr_onehot_b[15]
    SLICE_X12Y58         LUT4 (Prop_G6LUT_SLICEL_I2_O)
                                                      0.089     6.554 r  iob_soc_memwrapper/iob_core_inst/cpu/u_top/u_ibex_core/if_stage_i/g_instr_rdata_ra.instr_rdata_id_reg_inst/no_tmr.reg_inst/reg0/data_o[34]_i_13/O
                         net (fo=1, routed)           0.241     6.795    iob_soc_memwrapper/iob_core_inst/cpu/u_top/u_ibex_core/if_stage_i/g_instr_rdata_ra.instr_rdata_id_reg_inst/no_tmr.reg_inst/reg0/data_o[34]_i_13_n_0
    SLICE_X12Y58         LUT6 (Prop_H6LUT_SLICEL_I0_O)
                                                      0.218     7.013 r  iob_soc_memwrapper/iob_core_inst/cpu/u_top/u_ibex_core/if_stage_i/g_instr_rdata_ra.instr_rdata_id_reg_inst/no_tmr.reg_inst/reg0/data_o[34]_i_8/O
                         net (fo=1, routed)           0.398     7.411    iob_soc_memwrapper/iob_core_inst/cpu/u_top/u_ibex_core/if_stage_i/g_instr_rdata_ra.instr_rdata_id_reg_inst/no_tmr.reg_inst/reg0/data_o[34]_i_8_n_0
    SLICE_X18Y59         LUT6 (Prop_H6LUT_SLICEM_I5_O)
                                                      0.173     7.584 r  iob_soc_memwrapper/iob_core_inst/cpu/u_top/u_ibex_core/if_stage_i/g_instr_rdata_ra.instr_rdata_id_reg_inst/no_tmr.reg_inst/reg0/data_o[34]_i_3/O
                         net (fo=1, routed)           0.266     7.850    iob_soc_memwrapper/iob_core_inst/cpu/u_top/u_ibex_core/if_stage_i/g_instr_rdata_ra.instr_rdata_id_reg_inst/no_tmr.reg_inst/reg0/data_o[34]_i_3_n_0
    SLICE_X19Y61         LUT5 (Prop_C6LUT_SLICEL_I1_O)
                                                      0.219     8.069 r  iob_soc_memwrapper/iob_core_inst/cpu/u_top/u_ibex_core/if_stage_i/g_instr_rdata_ra.instr_rdata_id_reg_inst/no_tmr.reg_inst/reg0/data_o[34]_i_1/O
                         net (fo=10, routed)          0.746     8.815    iob_soc_memwrapper/iob_core_inst/cpu/u_top/u_ibex_core/if_stage_i/g_instr_rdata_ra.instr_rdata_id_reg_inst/no_tmr.reg_inst/reg0/mem_reg[1][9]
    SLICE_X15Y92         LUT6 (Prop_D6LUT_SLICEM_I4_O)
                                                      0.092     8.907 r  iob_soc_memwrapper/iob_core_inst/cpu/u_top/u_ibex_core/if_stage_i/g_instr_rdata_ra.instr_rdata_id_reg_inst/no_tmr.reg_inst/reg0/i___5_i_12__0/O
                         net (fo=3, routed)           0.569     9.476    iob_soc_memwrapper/iob_core_inst/cpu/u_top/u_ibex_core/ex_block_i/alu_operand_b_ex[8]
    SLICE_X14Y103        LUT3 (Prop_B6LUT_SLICEL_I1_O)
                                                      0.053     9.529 r  iob_soc_memwrapper/iob_core_inst/cpu/u_top/u_ibex_core/ex_block_i/adder_result_ext_o_carry__0_i_15/O
                         net (fo=1, routed)           0.000     9.529    iob_soc_memwrapper/iob_core_inst/cpu/u_top/u_ibex_core/ex_block_i/alu_i/data_o_reg[15][1]
    SLICE_X14Y103        CARRY8 (Prop_CARRY8_SLICEL_S[1]_CO[7])
                                                      0.408     9.937 r  iob_soc_memwrapper/iob_core_inst/cpu/u_top/u_ibex_core/ex_block_i/alu_i/adder_result_ext_o_carry__0/CO[7]
                         net (fo=1, routed)           0.030     9.967    iob_soc_memwrapper/iob_core_inst/cpu/u_top/u_ibex_core/ex_block_i/alu_i/adder_result_ext_o_carry__0_n_0
    SLICE_X14Y104        CARRY8 (Prop_CARRY8_SLICEL_CI_CO[7])
                                                      0.025     9.992 r  iob_soc_memwrapper/iob_core_inst/cpu/u_top/u_ibex_core/ex_block_i/alu_i/adder_result_ext_o_carry__1/CO[7]
                         net (fo=1, routed)           0.030    10.022    iob_soc_memwrapper/iob_core_inst/cpu/u_top/u_ibex_core/ex_block_i/alu_i/adder_result_ext_o_carry__1_n_0
    SLICE_X14Y105        CARRY8 (Prop_CARRY8_SLICEL_CI_O[0])
                                                      0.132    10.154 f  iob_soc_memwrapper/iob_core_inst/cpu/u_top/u_ibex_core/ex_block_i/alu_i/adder_result_ext_o_carry__2/O[0]
                         net (fo=88, routed)          1.394    11.548    iob_soc_memwrapper/iob_core_inst/cpu/u_top/u_ibex_core/cs_registers_i/g_pmp_registers.g_pmp_csrs[8].u_pmp_cfg_csr/rdata_reg_inst/no_tmr.reg_inst/reg0/alu_adder_result_ex_o[22]
    SLICE_X2Y139         LUT6 (Prop_G6LUT_SLICEL_I0_O)
                                                      0.166    11.714 f  iob_soc_memwrapper/iob_core_inst/cpu/u_top/u_ibex_core/cs_registers_i/g_pmp_registers.g_pmp_csrs[8].u_pmp_cfg_csr/rdata_reg_inst/no_tmr.reg_inst/reg0/core_outputs_q_reg[1][data_req]_srl2_i_141/O
                         net (fo=1, routed)           0.475    12.189    iob_soc_memwrapper/iob_core_inst/cpu/u_top/u_ibex_core/g_pmp.pmp_i/core_outputs_q_reg[1][data_req]_srl2_i_13[3]
    SLICE_X3Y139         CARRY8 (Prop_CARRY8_SLICEL_DI[3]_CO[7])
                                                      0.432    12.621 f  iob_soc_memwrapper/iob_core_inst/cpu/u_top/u_ibex_core/g_pmp.pmp_i/core_outputs_q_reg[1][data_req]_srl2_i_42/CO[7]
                         net (fo=1, routed)           0.498    13.119    iob_soc_memwrapper/iob_core_inst/cpu/u_top/u_ibex_core/cs_registers_i/g_pmp_registers.g_pmp_csrs[8].u_pmp_cfg_csr/rdata_reg_inst/no_tmr.reg_inst/reg0/core_outputs_q_reg[1][data_req]_srl2_i_55_1[0]
    SLICE_X5Y135         LUT5 (Prop_D5LUT_SLICEM_I4_O)
                                                      0.171    13.290 f  iob_soc_memwrapper/iob_core_inst/cpu/u_top/u_ibex_core/cs_registers_i/g_pmp_registers.g_pmp_csrs[8].u_pmp_cfg_csr/rdata_reg_inst/no_tmr.reg_inst/reg0/core_outputs_q_reg[1][data_req]_srl2_i_13/O
                         net (fo=5, routed)           0.712    14.002    iob_soc_memwrapper/iob_core_inst/cpu/u_top/u_ibex_core/cs_registers_i/g_pmp_registers.g_pmp_csrs[10].u_pmp_cfg_csr/rdata_reg_inst/no_tmr.reg_inst/reg0/g_access_check[2].g_regions[8].region_match_all_reg[2]_70
    SLICE_X15Y136        LUT6 (Prop_G6LUT_SLICEM_I1_O)
                                                      0.168    14.170 f  iob_soc_memwrapper/iob_core_inst/cpu/u_top/u_ibex_core/cs_registers_i/g_pmp_registers.g_pmp_csrs[10].u_pmp_cfg_csr/rdata_reg_inst/no_tmr.reg_inst/reg0/core_outputs_q_reg[1][data_req]_srl2_i_55/O
                         net (fo=4, routed)           0.095    14.265    iob_soc_memwrapper/iob_core_inst/cpu/u_top/u_ibex_core/cs_registers_i/g_pmp_registers.g_pmp_csrs[13].u_pmp_cfg_csr/rdata_reg_inst/no_tmr.reg_inst/reg0/core_outputs_q_reg[1][data_req]_srl2_i_7
    SLICE_X15Y136        LUT4 (Prop_D5LUT_SLICEM_I2_O)
                                                      0.193    14.458 f  iob_soc_memwrapper/iob_core_inst/cpu/u_top/u_ibex_core/cs_registers_i/g_pmp_registers.g_pmp_csrs[13].u_pmp_cfg_csr/rdata_reg_inst/no_tmr.reg_inst/reg0/core_outputs_q_reg[1][data_req]_srl2_i_24/O
                         net (fo=2, routed)           0.235    14.693    iob_soc_memwrapper/iob_core_inst/cpu/u_top/u_ibex_core/cs_registers_i/g_pmp_registers.g_pmp_csrs[14].u_pmp_cfg_csr/rdata_reg_inst/no_tmr.reg_inst/reg0/core_outputs_q_reg[1][data_req]_srl2_i_3
    SLICE_X16Y136        LUT3 (Prop_B6LUT_SLICEL_I1_O)
                                                      0.053    14.746 r  iob_soc_memwrapper/iob_core_inst/cpu/u_top/u_ibex_core/cs_registers_i/g_pmp_registers.g_pmp_csrs[14].u_pmp_cfg_csr/rdata_reg_inst/no_tmr.reg_inst/reg0/core_outputs_q_reg[1][data_req]_srl2_i_7/O
                         net (fo=2, routed)           0.258    15.004    iob_soc_memwrapper/iob_core_inst/cpu/u_top/u_ibex_core/cs_registers_i/g_pmp_registers.g_pmp_csrs[13].u_pmp_cfg_csr/rdata_reg_inst/no_tmr.reg_inst/reg0/data_o[0]_i_5__5
    SLICE_X15Y135        LUT5 (Prop_E6LUT_SLICEM_I1_O)
                                                      0.225    15.229 f  iob_soc_memwrapper/iob_core_inst/cpu/u_top/u_ibex_core/cs_registers_i/g_pmp_registers.g_pmp_csrs[13].u_pmp_cfg_csr/rdata_reg_inst/no_tmr.reg_inst/reg0/core_outputs_q_reg[1][data_req]_srl2_i_3/O
                         net (fo=4, routed)           0.582    15.811    iob_soc_memwrapper/iob_core_inst/cpu/u_top/u_ibex_core/cs_registers_i/g_pmp_registers.g_pmp_csrs[13].u_pmp_cfg_csr/rdata_reg_inst/no_tmr.reg_inst/reg0/core_outputs_q_reg[1][data_req]_srl2_i_10
    SLICE_X11Y118        LUT6 (Prop_H6LUT_SLICEM_I3_O)
                                                      0.055    15.866 r  iob_soc_memwrapper/iob_core_inst/cpu/u_top/u_ibex_core/cs_registers_i/g_pmp_registers.g_pmp_csrs[13].u_pmp_cfg_csr/rdata_reg_inst/no_tmr.reg_inst/reg0/core_outputs_q_reg[1][data_req]_srl2_i_1/O
                         net (fo=17, routed)          0.916    16.782    iob_soc_memwrapper/iob_core_inst/cpu/u_top/u_ibex_core/if_stage_i/g_instr_rdata_ra.instr_rdata_id_reg_inst/no_tmr.reg_inst/reg0/data_o_reg[0]_38
    SLICE_X3Y99          LUT3 (Prop_D6LUT_SLICEL_I2_O)
                                                      0.090    16.872 f  iob_soc_memwrapper/iob_core_inst/cpu/u_top/u_ibex_core/if_stage_i/g_instr_rdata_ra.instr_rdata_id_reg_inst/no_tmr.reg_inst/reg0/data_o[0]_i_2__34/O
                         net (fo=6, routed)           0.558    17.430    iob_soc_memwrapper/iob_core_inst/iob_axi_full_xbar/iob_axi_merge_0/busy_write_reg_re/reg0/data_o_reg[0]_7
    SLICE_X3Y79          LUT4 (Prop_B5LUT_SLICEL_I1_O)
                                                      0.201    17.631 f  iob_soc_memwrapper/iob_core_inst/iob_axi_full_xbar/iob_axi_merge_0/busy_write_reg_re/reg0/write_count_reg[7]_i_3/O
                         net (fo=11, routed)          0.651    18.282    iob_soc_memwrapper/iob_core_inst/internal_memory/not_MEM_NO_READ_ON_WRITE.mem_reg_3_bram_1
    SLICE_X9Y77          LUT6 (Prop_G6LUT_SLICEL_I2_O)
                                                      0.147    18.429 r  iob_soc_memwrapper/iob_core_inst/internal_memory/not_MEM_NO_READ_ON_WRITE.mem_reg_2_bram_0_i_9/O
                         net (fo=4, routed)           0.434    18.863    iob_soc_memwrapper/ext_mem_mem/not_MEM_NO_READ_ON_WRITE.mem_reg_2_bram_0_1[0]
    RAMB36_X1Y15         RAMB36E2                                     r  iob_soc_memwrapper/ext_mem_mem/not_MEM_NO_READ_ON_WRITE.mem_reg_2_bram_0/WEA[0]
  -------------------------------------------------------------------    -------------------

                         (clock clk_out1_clock_wizard rise edge)
                                                     17.000    17.000 r  
    H22                                               0.000    17.000 r  c0_sys_clk_clk_p_i (IN)
                         net (fo=0)                   0.000    17.000    clk_250_to_100_MHz/clock_wizard_inst/clkin1_ibufds/I
    HPIOBDIFFINBUF_X0Y36 DIFFINBUF (Prop_DIFFINBUF_HPIOBDIFFINBUF_DIFF_IN_P_O)
                                                      0.374    17.374 r  clk_250_to_100_MHz/clock_wizard_inst/clkin1_ibufds/DIFFINBUF_INST/O
                         net (fo=1, routed)           0.055    17.429    clk_250_to_100_MHz/clock_wizard_inst/clkin1_ibufds/OUT
    H22                  IBUFCTRL (Prop_IBUFCTRL_HPIOB_I_O)
                                                      0.000    17.429 r  clk_250_to_100_MHz/clock_wizard_inst/clkin1_ibufds/IBUFCTRL_INST/O
                         net (fo=1, routed)           0.981    18.410    clk_250_to_100_MHz/clock_wizard_inst/clk_in1_clock_wizard
    PLLE3_ADV_X0Y3       PLLE3_ADV (Prop_PLLE3_ADV_CLKIN_CLKOUT0)
                                                      0.250    18.660 r  clk_250_to_100_MHz/clock_wizard_inst/plle3_adv_inst/CLKOUT0
                         net (fo=1, routed)           0.451    19.111    clk_250_to_100_MHz/clock_wizard_inst/clk_out1_clock_wizard
    BUFGCE_X0Y47         BUFGCE (Prop_BUFCE_BUFGCE_I_O)
                                                      0.091    19.202 r  clk_250_to_100_MHz/clock_wizard_inst/clkout1_buf/O
    X0Y1 (CLOCK_ROOT)    net (fo=9788, routed)        1.960    21.162    iob_soc_memwrapper/ext_mem_mem/clk
    RAMB36_X1Y15         RAMB36E2                                     r  iob_soc_memwrapper/ext_mem_mem/not_MEM_NO_READ_ON_WRITE.mem_reg_2_bram_0/CLKARDCLK
                         clock pessimism              0.383    21.545    
                         clock uncertainty           -0.069    21.476    
    RAMB36_X1Y15         RAMB36E2 (Setup_RAMB36E2_RAMB36_CLKARDCLK_WEA[0])
                                                     -0.693    20.783    iob_soc_memwrapper/ext_mem_mem/not_MEM_NO_READ_ON_WRITE.mem_reg_2_bram_0
  -------------------------------------------------------------------
                         required time                         20.783    
                         arrival time                         -18.863    
  -------------------------------------------------------------------
                         slack                                  1.920    

Slack (MET) :             2.056ns  (required time - arrival time)
  Source:                 iob_soc_memwrapper/iob_core_inst/cpu/u_top/u_ibex_core/if_stage_i/g_instr_rdata_ra.instr_rdata_id_reg_inst/no_tmr.reg_inst/reg0/data_o_reg[22]/C
                            (rising edge-triggered cell FDRE clocked by clk_out1_clock_wizard  {rise@0.000ns fall@8.500ns period=17.000ns})
  Destination:            iob_soc_memwrapper/ext_mem_mem/not_MEM_NO_READ_ON_WRITE.mem_reg_2_bram_1/WEA[0]
                            (rising edge-triggered cell RAMB36E2 clocked by clk_out1_clock_wizard  {rise@0.000ns fall@8.500ns period=17.000ns})
  Path Group:             clk_out1_clock_wizard
  Path Type:              Setup (Max at Slow Process Corner)
  Requirement:            17.000ns  (clk_out1_clock_wizard rise@17.000ns - clk_out1_clock_wizard rise@0.000ns)
  Data Path Delay:        13.991ns  (logic 3.611ns (25.809%)  route 10.380ns (74.191%))
  Logic Levels:           21  (CARRY8=4 LUT3=3 LUT4=3 LUT5=4 LUT6=7)
  Clock Path Skew:        -0.191ns (DCD - SCD + CPR)
    Destination Clock Delay (DCD):    4.157ns = ( 21.157 - 17.000 ) 
    Source Clock Delay      (SCD):    4.731ns
    Clock Pessimism Removal (CPR):    0.383ns
  Clock Uncertainty:      0.069ns  ((TSJ^2 + DJ^2)^1/2) / 2 + PE
    Total System Jitter     (TSJ):    0.071ns
    Discrete Jitter          (DJ):    0.119ns
    Phase Error              (PE):    0.000ns
  Clock Net Delay (Source):      2.291ns (routing 0.396ns, distribution 1.895ns)
  Clock Net Delay (Destination): 1.955ns (routing 0.365ns, distribution 1.590ns)

    Location             Delay type                Incr(ns)  Path(ns)    Netlist Resource(s)
  -------------------------------------------------------------------    -------------------
                         (clock clk_out1_clock_wizard rise edge)
                                                      0.000     0.000 r  
    H22                                               0.000     0.000 r  c0_sys_clk_clk_p_i (IN)
                         net (fo=0)                   0.000     0.000    clk_250_to_100_MHz/clock_wizard_inst/clkin1_ibufds/I
    HPIOBDIFFINBUF_X0Y36 DIFFINBUF (Prop_DIFFINBUF_HPIOBDIFFINBUF_DIFF_IN_P_O)
                                                      0.556     0.556 r  clk_250_to_100_MHz/clock_wizard_inst/clkin1_ibufds/DIFFINBUF_INST/O
                         net (fo=1, routed)           0.104     0.660    clk_250_to_100_MHz/clock_wizard_inst/clkin1_ibufds/OUT
    H22                  IBUFCTRL (Prop_IBUFCTRL_HPIOB_I_O)
                                                      0.000     0.660 r  clk_250_to_100_MHz/clock_wizard_inst/clkin1_ibufds/IBUFCTRL_INST/O
                         net (fo=1, routed)           1.082     1.742    clk_250_to_100_MHz/clock_wizard_inst/clk_in1_clock_wizard
    PLLE3_ADV_X0Y3       PLLE3_ADV (Prop_PLLE3_ADV_CLKIN_CLKOUT0)
                                                      0.068     1.810 r  clk_250_to_100_MHz/clock_wizard_inst/plle3_adv_inst/CLKOUT0
                         net (fo=1, routed)           0.529     2.339    clk_250_to_100_MHz/clock_wizard_inst/clk_out1_clock_wizard
    BUFGCE_X0Y47         BUFGCE (Prop_BUFCE_BUFGCE_I_O)
                                                      0.101     2.440 r  clk_250_to_100_MHz/clock_wizard_inst/clkout1_buf/O
    X0Y1 (CLOCK_ROOT)    net (fo=9788, routed)        2.291     4.731    iob_soc_memwrapper/iob_core_inst/cpu/u_top/u_ibex_core/if_stage_i/g_instr_rdata_ra.instr_rdata_id_reg_inst/no_tmr.reg_inst/reg0/clk
    SLICE_X15Y80         FDRE                                         r  iob_soc_memwrapper/iob_core_inst/cpu/u_top/u_ibex_core/if_stage_i/g_instr_rdata_ra.instr_rdata_id_reg_inst/no_tmr.reg_inst/reg0/data_o_reg[22]/C
  -------------------------------------------------------------------    -------------------
    SLICE_X15Y80         FDRE (Prop_CFF_SLICEM_C_Q)
                                                      0.138     4.869 r  iob_soc_memwrapper/iob_core_inst/cpu/u_top/u_ibex_core/if_stage_i/g_instr_rdata_ra.instr_rdata_id_reg_inst/no_tmr.reg_inst/reg0/data_o_reg[22]/Q
                         net (fo=46, routed)          0.545     5.414    iob_soc_memwrapper/iob_core_inst/cpu/u_top/gen_regfile_fpga.register_file_i/gen_rdata_mux_check.u_prim_onehot_enc_raddr_b/rf_raddr_b[2]
    SLICE_X14Y71         LUT5 (Prop_D5LUT_SLICEL_I1_O)
                                                      0.260     5.674 r  iob_soc_memwrapper/iob_core_inst/cpu/u_top/gen_regfile_fpga.register_file_i/gen_rdata_mux_check.u_prim_onehot_enc_raddr_b/data_o[63]_i_39/O
                         net (fo=39, routed)          0.791     6.465    iob_soc_memwrapper/iob_core_inst/cpu/u_top/u_ibex_core/if_stage_i/g_instr_rdata_ra.instr_rdata_id_reg_inst/no_tmr.reg_inst/reg0/gen_rdata_mux_check.raddr_onehot_b[15]
    SLICE_X12Y58         LUT4 (Prop_G6LUT_SLICEL_I2_O)
                                                      0.089     6.554 r  iob_soc_memwrapper/iob_core_inst/cpu/u_top/u_ibex_core/if_stage_i/g_instr_rdata_ra.instr_rdata_id_reg_inst/no_tmr.reg_inst/reg0/data_o[34]_i_13/O
                         net (fo=1, routed)           0.241     6.795    iob_soc_memwrapper/iob_core_inst/cpu/u_top/u_ibex_core/if_stage_i/g_instr_rdata_ra.instr_rdata_id_reg_inst/no_tmr.reg_inst/reg0/data_o[34]_i_13_n_0
    SLICE_X12Y58         LUT6 (Prop_H6LUT_SLICEL_I0_O)
                                                      0.218     7.013 r  iob_soc_memwrapper/iob_core_inst/cpu/u_top/u_ibex_core/if_stage_i/g_instr_rdata_ra.instr_rdata_id_reg_inst/no_tmr.reg_inst/reg0/data_o[34]_i_8/O
                         net (fo=1, routed)           0.398     7.411    iob_soc_memwrapper/iob_core_inst/cpu/u_top/u_ibex_core/if_stage_i/g_instr_rdata_ra.instr_rdata_id_reg_inst/no_tmr.reg_inst/reg0/data_o[34]_i_8_n_0
    SLICE_X18Y59         LUT6 (Prop_H6LUT_SLICEM_I5_O)
                                                      0.173     7.584 r  iob_soc_memwrapper/iob_core_inst/cpu/u_top/u_ibex_core/if_stage_i/g_instr_rdata_ra.instr_rdata_id_reg_inst/no_tmr.reg_inst/reg0/data_o[34]_i_3/O
                         net (fo=1, routed)           0.266     7.850    iob_soc_memwrapper/iob_core_inst/cpu/u_top/u_ibex_core/if_stage_i/g_instr_rdata_ra.instr_rdata_id_reg_inst/no_tmr.reg_inst/reg0/data_o[34]_i_3_n_0
    SLICE_X19Y61         LUT5 (Prop_C6LUT_SLICEL_I1_O)
                                                      0.219     8.069 r  iob_soc_memwrapper/iob_core_inst/cpu/u_top/u_ibex_core/if_stage_i/g_instr_rdata_ra.instr_rdata_id_reg_inst/no_tmr.reg_inst/reg0/data_o[34]_i_1/O
                         net (fo=10, routed)          0.746     8.815    iob_soc_memwrapper/iob_core_inst/cpu/u_top/u_ibex_core/if_stage_i/g_instr_rdata_ra.instr_rdata_id_reg_inst/no_tmr.reg_inst/reg0/mem_reg[1][9]
    SLICE_X15Y92         LUT6 (Prop_D6LUT_SLICEM_I4_O)
                                                      0.092     8.907 r  iob_soc_memwrapper/iob_core_inst/cpu/u_top/u_ibex_core/if_stage_i/g_instr_rdata_ra.instr_rdata_id_reg_inst/no_tmr.reg_inst/reg0/i___5_i_12__0/O
                         net (fo=3, routed)           0.569     9.476    iob_soc_memwrapper/iob_core_inst/cpu/u_top/u_ibex_core/ex_block_i/alu_operand_b_ex[8]
    SLICE_X14Y103        LUT3 (Prop_B6LUT_SLICEL_I1_O)
                                                      0.053     9.529 r  iob_soc_memwrapper/iob_core_inst/cpu/u_top/u_ibex_core/ex_block_i/adder_result_ext_o_carry__0_i_15/O
                         net (fo=1, routed)           0.000     9.529    iob_soc_memwrapper/iob_core_inst/cpu/u_top/u_ibex_core/ex_block_i/alu_i/data_o_reg[15][1]
    SLICE_X14Y103        CARRY8 (Prop_CARRY8_SLICEL_S[1]_CO[7])
                                                      0.408     9.937 r  iob_soc_memwrapper/iob_core_inst/cpu/u_top/u_ibex_core/ex_block_i/alu_i/adder_result_ext_o_carry__0/CO[7]
                         net (fo=1, routed)           0.030     9.967    iob_soc_memwrapper/iob_core_inst/cpu/u_top/u_ibex_core/ex_block_i/alu_i/adder_result_ext_o_carry__0_n_0
    SLICE_X14Y104        CARRY8 (Prop_CARRY8_SLICEL_CI_CO[7])
                                                      0.025     9.992 r  iob_soc_memwrapper/iob_core_inst/cpu/u_top/u_ibex_core/ex_block_i/alu_i/adder_result_ext_o_carry__1/CO[7]
                         net (fo=1, routed)           0.030    10.022    iob_soc_memwrapper/iob_core_inst/cpu/u_top/u_ibex_core/ex_block_i/alu_i/adder_result_ext_o_carry__1_n_0
    SLICE_X14Y105        CARRY8 (Prop_CARRY8_SLICEL_CI_O[0])
                                                      0.132    10.154 f  iob_soc_memwrapper/iob_core_inst/cpu/u_top/u_ibex_core/ex_block_i/alu_i/adder_result_ext_o_carry__2/O[0]
                         net (fo=88, routed)          1.394    11.548    iob_soc_memwrapper/iob_core_inst/cpu/u_top/u_ibex_core/cs_registers_i/g_pmp_registers.g_pmp_csrs[8].u_pmp_cfg_csr/rdata_reg_inst/no_tmr.reg_inst/reg0/alu_adder_result_ex_o[22]
    SLICE_X2Y139         LUT6 (Prop_G6LUT_SLICEL_I0_O)
                                                      0.166    11.714 f  iob_soc_memwrapper/iob_core_inst/cpu/u_top/u_ibex_core/cs_registers_i/g_pmp_registers.g_pmp_csrs[8].u_pmp_cfg_csr/rdata_reg_inst/no_tmr.reg_inst/reg0/core_outputs_q_reg[1][data_req]_srl2_i_141/O
                         net (fo=1, routed)           0.475    12.189    iob_soc_memwrapper/iob_core_inst/cpu/u_top/u_ibex_core/g_pmp.pmp_i/core_outputs_q_reg[1][data_req]_srl2_i_13[3]
    SLICE_X3Y139         CARRY8 (Prop_CARRY8_SLICEL_DI[3]_CO[7])
                                                      0.432    12.621 f  iob_soc_memwrapper/iob_core_inst/cpu/u_top/u_ibex_core/g_pmp.pmp_i/core_outputs_q_reg[1][data_req]_srl2_i_42/CO[7]
                         net (fo=1, routed)           0.498    13.119    iob_soc_memwrapper/iob_core_inst/cpu/u_top/u_ibex_core/cs_registers_i/g_pmp_registers.g_pmp_csrs[8].u_pmp_cfg_csr/rdata_reg_inst/no_tmr.reg_inst/reg0/core_outputs_q_reg[1][data_req]_srl2_i_55_1[0]
    SLICE_X5Y135         LUT5 (Prop_D5LUT_SLICEM_I4_O)
                                                      0.171    13.290 f  iob_soc_memwrapper/iob_core_inst/cpu/u_top/u_ibex_core/cs_registers_i/g_pmp_registers.g_pmp_csrs[8].u_pmp_cfg_csr/rdata_reg_inst/no_tmr.reg_inst/reg0/core_outputs_q_reg[1][data_req]_srl2_i_13/O
                         net (fo=5, routed)           0.712    14.002    iob_soc_memwrapper/iob_core_inst/cpu/u_top/u_ibex_core/cs_registers_i/g_pmp_registers.g_pmp_csrs[10].u_pmp_cfg_csr/rdata_reg_inst/no_tmr.reg_inst/reg0/g_access_check[2].g_regions[8].region_match_all_reg[2]_70
    SLICE_X15Y136        LUT6 (Prop_G6LUT_SLICEM_I1_O)
                                                      0.168    14.170 f  iob_soc_memwrapper/iob_core_inst/cpu/u_top/u_ibex_core/cs_registers_i/g_pmp_registers.g_pmp_csrs[10].u_pmp_cfg_csr/rdata_reg_inst/no_tmr.reg_inst/reg0/core_outputs_q_reg[1][data_req]_srl2_i_55/O
                         net (fo=4, routed)           0.095    14.265    iob_soc_memwrapper/iob_core_inst/cpu/u_top/u_ibex_core/cs_registers_i/g_pmp_registers.g_pmp_csrs[13].u_pmp_cfg_csr/rdata_reg_inst/no_tmr.reg_inst/reg0/core_outputs_q_reg[1][data_req]_srl2_i_7
    SLICE_X15Y136        LUT4 (Prop_D5LUT_SLICEM_I2_O)
                                                      0.193    14.458 f  iob_soc_memwrapper/iob_core_inst/cpu/u_top/u_ibex_core/cs_registers_i/g_pmp_registers.g_pmp_csrs[13].u_pmp_cfg_csr/rdata_reg_inst/no_tmr.reg_inst/reg0/core_outputs_q_reg[1][data_req]_srl2_i_24/O
                         net (fo=2, routed)           0.235    14.693    iob_soc_memwrapper/iob_core_inst/cpu/u_top/u_ibex_core/cs_registers_i/g_pmp_registers.g_pmp_csrs[14].u_pmp_cfg_csr/rdata_reg_inst/no_tmr.reg_inst/reg0/core_outputs_q_reg[1][data_req]_srl2_i_3
    SLICE_X16Y136        LUT3 (Prop_B6LUT_SLICEL_I1_O)
                                                      0.053    14.746 r  iob_soc_memwrapper/iob_core_inst/cpu/u_top/u_ibex_core/cs_registers_i/g_pmp_registers.g_pmp_csrs[14].u_pmp_cfg_csr/rdata_reg_inst/no_tmr.reg_inst/reg0/core_outputs_q_reg[1][data_req]_srl2_i_7/O
                         net (fo=2, routed)           0.258    15.004    iob_soc_memwrapper/iob_core_inst/cpu/u_top/u_ibex_core/cs_registers_i/g_pmp_registers.g_pmp_csrs[13].u_pmp_cfg_csr/rdata_reg_inst/no_tmr.reg_inst/reg0/data_o[0]_i_5__5
    SLICE_X15Y135        LUT5 (Prop_E6LUT_SLICEM_I1_O)
                                                      0.225    15.229 f  iob_soc_memwrapper/iob_core_inst/cpu/u_top/u_ibex_core/cs_registers_i/g_pmp_registers.g_pmp_csrs[13].u_pmp_cfg_csr/rdata_reg_inst/no_tmr.reg_inst/reg0/core_outputs_q_reg[1][data_req]_srl2_i_3/O
                         net (fo=4, routed)           0.582    15.811    iob_soc_memwrapper/iob_core_inst/cpu/u_top/u_ibex_core/cs_registers_i/g_pmp_registers.g_pmp_csrs[13].u_pmp_cfg_csr/rdata_reg_inst/no_tmr.reg_inst/reg0/core_outputs_q_reg[1][data_req]_srl2_i_10
    SLICE_X11Y118        LUT6 (Prop_H6LUT_SLICEM_I3_O)
                                                      0.055    15.866 r  iob_soc_memwrapper/iob_core_inst/cpu/u_top/u_ibex_core/cs_registers_i/g_pmp_registers.g_pmp_csrs[13].u_pmp_cfg_csr/rdata_reg_inst/no_tmr.reg_inst/reg0/core_outputs_q_reg[1][data_req]_srl2_i_1/O
                         net (fo=17, routed)          0.916    16.782    iob_soc_memwrapper/iob_core_inst/cpu/u_top/u_ibex_core/if_stage_i/g_instr_rdata_ra.instr_rdata_id_reg_inst/no_tmr.reg_inst/reg0/data_o_reg[0]_38
    SLICE_X3Y99          LUT3 (Prop_D6LUT_SLICEL_I2_O)
                                                      0.090    16.872 f  iob_soc_memwrapper/iob_core_inst/cpu/u_top/u_ibex_core/if_stage_i/g_instr_rdata_ra.instr_rdata_id_reg_inst/no_tmr.reg_inst/reg0/data_o[0]_i_2__34/O
                         net (fo=6, routed)           0.558    17.430    iob_soc_memwrapper/iob_core_inst/iob_axi_full_xbar/iob_axi_merge_0/busy_write_reg_re/reg0/data_o_reg[0]_7
    SLICE_X3Y79          LUT4 (Prop_B5LUT_SLICEL_I1_O)
                                                      0.201    17.631 f  iob_soc_memwrapper/iob_core_inst/iob_axi_full_xbar/iob_axi_merge_0/busy_write_reg_re/reg0/write_count_reg[7]_i_3/O
                         net (fo=11, routed)          0.737    18.368    iob_soc_memwrapper/iob_core_inst/internal_memory/not_MEM_NO_READ_ON_WRITE.mem_reg_3_bram_1
    SLICE_X9Y82          LUT6 (Prop_E6LUT_SLICEL_I2_O)
                                                      0.050    18.418 r  iob_soc_memwrapper/iob_core_inst/internal_memory/not_MEM_NO_READ_ON_WRITE.mem_reg_2_bram_1_i_1/O
                         net (fo=4, routed)           0.304    18.722    iob_soc_memwrapper/ext_mem_mem/not_MEM_NO_READ_ON_WRITE.mem_reg_2_bram_1_1[0]
    RAMB36_X1Y16         RAMB36E2                                     r  iob_soc_memwrapper/ext_mem_mem/not_MEM_NO_READ_ON_WRITE.mem_reg_2_bram_1/WEA[0]
  -------------------------------------------------------------------    -------------------

                         (clock clk_out1_clock_wizard rise edge)
                                                     17.000    17.000 r  
    H22                                               0.000    17.000 r  c0_sys_clk_clk_p_i (IN)
                         net (fo=0)                   0.000    17.000    clk_250_to_100_MHz/clock_wizard_inst/clkin1_ibufds/I
    HPIOBDIFFINBUF_X0Y36 DIFFINBUF (Prop_DIFFINBUF_HPIOBDIFFINBUF_DIFF_IN_P_O)
                                                      0.374    17.374 r  clk_250_to_100_MHz/clock_wizard_inst/clkin1_ibufds/DIFFINBUF_INST/O
                         net (fo=1, routed)           0.055    17.429    clk_250_to_100_MHz/clock_wizard_inst/clkin1_ibufds/OUT
    H22                  IBUFCTRL (Prop_IBUFCTRL_HPIOB_I_O)
                                                      0.000    17.429 r  clk_250_to_100_MHz/clock_wizard_inst/clkin1_ibufds/IBUFCTRL_INST/O
                         net (fo=1, routed)           0.981    18.410    clk_250_to_100_MHz/clock_wizard_inst/clk_in1_clock_wizard
    PLLE3_ADV_X0Y3       PLLE3_ADV (Prop_PLLE3_ADV_CLKIN_CLKOUT0)
                                                      0.250    18.660 r  clk_250_to_100_MHz/clock_wizard_inst/plle3_adv_inst/CLKOUT0
                         net (fo=1, routed)           0.451    19.111    clk_250_to_100_MHz/clock_wizard_inst/clk_out1_clock_wizard
    BUFGCE_X0Y47         BUFGCE (Prop_BUFCE_BUFGCE_I_O)
                                                      0.091    19.202 r  clk_250_to_100_MHz/clock_wizard_inst/clkout1_buf/O
    X0Y1 (CLOCK_ROOT)    net (fo=9788, routed)        1.955    21.157    iob_soc_memwrapper/ext_mem_mem/clk
    RAMB36_X1Y16         RAMB36E2                                     r  iob_soc_memwrapper/ext_mem_mem/not_MEM_NO_READ_ON_WRITE.mem_reg_2_bram_1/CLKARDCLK
                         clock pessimism              0.383    21.540    
                         clock uncertainty           -0.069    21.471    
    RAMB36_X1Y16         RAMB36E2 (Setup_RAMB36E2_RAMB36_CLKARDCLK_WEA[0])
                                                     -0.693    20.778    iob_soc_memwrapper/ext_mem_mem/not_MEM_NO_READ_ON_WRITE.mem_reg_2_bram_1
  -------------------------------------------------------------------
                         required time                         20.778    
                         arrival time                         -18.722    
  -------------------------------------------------------------------
                         slack                                  2.056    

Slack (MET) :             2.192ns  (required time - arrival time)
  Source:                 iob_soc_memwrapper/iob_core_inst/cpu/u_top/u_ibex_core/if_stage_i/g_instr_rdata_ra.instr_rdata_id_reg_inst/no_tmr.reg_inst/reg0/data_o_reg[22]/C
                            (rising edge-triggered cell FDRE clocked by clk_out1_clock_wizard  {rise@0.000ns fall@8.500ns period=17.000ns})
  Destination:            iob_soc_memwrapper/ext_mem_mem/not_MEM_NO_READ_ON_WRITE.mem_reg_1_bram_0/WEA[0]
                            (rising edge-triggered cell RAMB36E2 clocked by clk_out1_clock_wizard  {rise@0.000ns fall@8.500ns period=17.000ns})
  Path Group:             clk_out1_clock_wizard
  Path Type:              Setup (Max at Slow Process Corner)
  Requirement:            17.000ns  (clk_out1_clock_wizard rise@17.000ns - clk_out1_clock_wizard rise@0.000ns)
  Data Path Delay:        13.830ns  (logic 3.728ns (26.956%)  route 10.102ns (73.044%))
  Logic Levels:           21  (CARRY8=4 LUT3=3 LUT4=3 LUT5=4 LUT6=7)
  Clock Path Skew:        -0.216ns (DCD - SCD + CPR)
    Destination Clock Delay (DCD):    4.132ns = ( 21.132 - 17.000 ) 
    Source Clock Delay      (SCD):    4.731ns
    Clock Pessimism Removal (CPR):    0.383ns
  Clock Uncertainty:      0.069ns  ((TSJ^2 + DJ^2)^1/2) / 2 + PE
    Total System Jitter     (TSJ):    0.071ns
    Discrete Jitter          (DJ):    0.119ns
    Phase Error              (PE):    0.000ns
  Clock Net Delay (Source):      2.291ns (routing 0.396ns, distribution 1.895ns)
  Clock Net Delay (Destination): 1.930ns (routing 0.365ns, distribution 1.565ns)

    Location             Delay type                Incr(ns)  Path(ns)    Netlist Resource(s)
  -------------------------------------------------------------------    -------------------
                         (clock clk_out1_clock_wizard rise edge)
                                                      0.000     0.000 r  
    H22                                               0.000     0.000 r  c0_sys_clk_clk_p_i (IN)
                         net (fo=0)                   0.000     0.000    clk_250_to_100_MHz/clock_wizard_inst/clkin1_ibufds/I
    HPIOBDIFFINBUF_X0Y36 DIFFINBUF (Prop_DIFFINBUF_HPIOBDIFFINBUF_DIFF_IN_P_O)
                                                      0.556     0.556 r  clk_250_to_100_MHz/clock_wizard_inst/clkin1_ibufds/DIFFINBUF_INST/O
                         net (fo=1, routed)           0.104     0.660    clk_250_to_100_MHz/clock_wizard_inst/clkin1_ibufds/OUT
    H22                  IBUFCTRL (Prop_IBUFCTRL_HPIOB_I_O)
                                                      0.000     0.660 r  clk_250_to_100_MHz/clock_wizard_inst/clkin1_ibufds/IBUFCTRL_INST/O
                         net (fo=1, routed)           1.082     1.742    clk_250_to_100_MHz/clock_wizard_inst/clk_in1_clock_wizard
    PLLE3_ADV_X0Y3       PLLE3_ADV (Prop_PLLE3_ADV_CLKIN_CLKOUT0)
                                                      0.068     1.810 r  clk_250_to_100_MHz/clock_wizard_inst/plle3_adv_inst/CLKOUT0
                         net (fo=1, routed)           0.529     2.339    clk_250_to_100_MHz/clock_wizard_inst/clk_out1_clock_wizard
    BUFGCE_X0Y47         BUFGCE (Prop_BUFCE_BUFGCE_I_O)
                                                      0.101     2.440 r  clk_250_to_100_MHz/clock_wizard_inst/clkout1_buf/O
    X0Y1 (CLOCK_ROOT)    net (fo=9788, routed)        2.291     4.731    iob_soc_memwrapper/iob_core_inst/cpu/u_top/u_ibex_core/if_stage_i/g_instr_rdata_ra.instr_rdata_id_reg_inst/no_tmr.reg_inst/reg0/clk
    SLICE_X15Y80         FDRE                                         r  iob_soc_memwrapper/iob_core_inst/cpu/u_top/u_ibex_core/if_stage_i/g_instr_rdata_ra.instr_rdata_id_reg_inst/no_tmr.reg_inst/reg0/data_o_reg[22]/C
  -------------------------------------------------------------------    -------------------
    SLICE_X15Y80         FDRE (Prop_CFF_SLICEM_C_Q)
                                                      0.138     4.869 r  iob_soc_memwrapper/iob_core_inst/cpu/u_top/u_ibex_core/if_stage_i/g_instr_rdata_ra.instr_rdata_id_reg_inst/no_tmr.reg_inst/reg0/data_o_reg[22]/Q
                         net (fo=46, routed)          0.545     5.414    iob_soc_memwrapper/iob_core_inst/cpu/u_top/gen_regfile_fpga.register_file_i/gen_rdata_mux_check.u_prim_onehot_enc_raddr_b/rf_raddr_b[2]
    SLICE_X14Y71         LUT5 (Prop_D5LUT_SLICEL_I1_O)
                                                      0.260     5.674 r  iob_soc_memwrapper/iob_core_inst/cpu/u_top/gen_regfile_fpga.register_file_i/gen_rdata_mux_check.u_prim_onehot_enc_raddr_b/data_o[63]_i_39/O
                         net (fo=39, routed)          0.791     6.465    iob_soc_memwrapper/iob_core_inst/cpu/u_top/u_ibex_core/if_stage_i/g_instr_rdata_ra.instr_rdata_id_reg_inst/no_tmr.reg_inst/reg0/gen_rdata_mux_check.raddr_onehot_b[15]
    SLICE_X12Y58         LUT4 (Prop_G6LUT_SLICEL_I2_O)
                                                      0.089     6.554 r  iob_soc_memwrapper/iob_core_inst/cpu/u_top/u_ibex_core/if_stage_i/g_instr_rdata_ra.instr_rdata_id_reg_inst/no_tmr.reg_inst/reg0/data_o[34]_i_13/O
                         net (fo=1, routed)           0.241     6.795    iob_soc_memwrapper/iob_core_inst/cpu/u_top/u_ibex_core/if_stage_i/g_instr_rdata_ra.instr_rdata_id_reg_inst/no_tmr.reg_inst/reg0/data_o[34]_i_13_n_0
    SLICE_X12Y58         LUT6 (Prop_H6LUT_SLICEL_I0_O)
                                                      0.218     7.013 r  iob_soc_memwrapper/iob_core_inst/cpu/u_top/u_ibex_core/if_stage_i/g_instr_rdata_ra.instr_rdata_id_reg_inst/no_tmr.reg_inst/reg0/data_o[34]_i_8/O
                         net (fo=1, routed)           0.398     7.411    iob_soc_memwrapper/iob_core_inst/cpu/u_top/u_ibex_core/if_stage_i/g_instr_rdata_ra.instr_rdata_id_reg_inst/no_tmr.reg_inst/reg0/data_o[34]_i_8_n_0
    SLICE_X18Y59         LUT6 (Prop_H6LUT_SLICEM_I5_O)
                                                      0.173     7.584 r  iob_soc_memwrapper/iob_core_inst/cpu/u_top/u_ibex_core/if_stage_i/g_instr_rdata_ra.instr_rdata_id_reg_inst/no_tmr.reg_inst/reg0/data_o[34]_i_3/O
                         net (fo=1, routed)           0.266     7.850    iob_soc_memwrapper/iob_core_inst/cpu/u_top/u_ibex_core/if_stage_i/g_instr_rdata_ra.instr_rdata_id_reg_inst/no_tmr.reg_inst/reg0/data_o[34]_i_3_n_0
    SLICE_X19Y61         LUT5 (Prop_C6LUT_SLICEL_I1_O)
                                                      0.219     8.069 r  iob_soc_memwrapper/iob_core_inst/cpu/u_top/u_ibex_core/if_stage_i/g_instr_rdata_ra.instr_rdata_id_reg_inst/no_tmr.reg_inst/reg0/data_o[34]_i_1/O
                         net (fo=10, routed)          0.746     8.815    iob_soc_memwrapper/iob_core_inst/cpu/u_top/u_ibex_core/if_stage_i/g_instr_rdata_ra.instr_rdata_id_reg_inst/no_tmr.reg_inst/reg0/mem_reg[1][9]
    SLICE_X15Y92         LUT6 (Prop_D6LUT_SLICEM_I4_O)
                                                      0.092     8.907 r  iob_soc_memwrapper/iob_core_inst/cpu/u_top/u_ibex_core/if_stage_i/g_instr_rdata_ra.instr_rdata_id_reg_inst/no_tmr.reg_inst/reg0/i___5_i_12__0/O
                         net (fo=3, routed)           0.569     9.476    iob_soc_memwrapper/iob_core_inst/cpu/u_top/u_ibex_core/ex_block_i/alu_operand_b_ex[8]
    SLICE_X14Y103        LUT3 (Prop_B6LUT_SLICEL_I1_O)
                                                      0.053     9.529 r  iob_soc_memwrapper/iob_core_inst/cpu/u_top/u_ibex_core/ex_block_i/adder_result_ext_o_carry__0_i_15/O
                         net (fo=1, routed)           0.000     9.529    iob_soc_memwrapper/iob_core_inst/cpu/u_top/u_ibex_core/ex_block_i/alu_i/data_o_reg[15][1]
    SLICE_X14Y103        CARRY8 (Prop_CARRY8_SLICEL_S[1]_CO[7])
                                                      0.408     9.937 r  iob_soc_memwrapper/iob_core_inst/cpu/u_top/u_ibex_core/ex_block_i/alu_i/adder_result_ext_o_carry__0/CO[7]
                         net (fo=1, routed)           0.030     9.967    iob_soc_memwrapper/iob_core_inst/cpu/u_top/u_ibex_core/ex_block_i/alu_i/adder_result_ext_o_carry__0_n_0
    SLICE_X14Y104        CARRY8 (Prop_CARRY8_SLICEL_CI_CO[7])
                                                      0.025     9.992 r  iob_soc_memwrapper/iob_core_inst/cpu/u_top/u_ibex_core/ex_block_i/alu_i/adder_result_ext_o_carry__1/CO[7]
                         net (fo=1, routed)           0.030    10.022    iob_soc_memwrapper/iob_core_inst/cpu/u_top/u_ibex_core/ex_block_i/alu_i/adder_result_ext_o_carry__1_n_0
    SLICE_X14Y105        CARRY8 (Prop_CARRY8_SLICEL_CI_O[0])
                                                      0.132    10.154 f  iob_soc_memwrapper/iob_core_inst/cpu/u_top/u_ibex_core/ex_block_i/alu_i/adder_result_ext_o_carry__2/O[0]
                         net (fo=88, routed)          1.394    11.548    iob_soc_memwrapper/iob_core_inst/cpu/u_top/u_ibex_core/cs_registers_i/g_pmp_registers.g_pmp_csrs[8].u_pmp_cfg_csr/rdata_reg_inst/no_tmr.reg_inst/reg0/alu_adder_result_ex_o[22]
    SLICE_X2Y139         LUT6 (Prop_G6LUT_SLICEL_I0_O)
                                                      0.166    11.714 f  iob_soc_memwrapper/iob_core_inst/cpu/u_top/u_ibex_core/cs_registers_i/g_pmp_registers.g_pmp_csrs[8].u_pmp_cfg_csr/rdata_reg_inst/no_tmr.reg_inst/reg0/core_outputs_q_reg[1][data_req]_srl2_i_141/O
                         net (fo=1, routed)           0.475    12.189    iob_soc_memwrapper/iob_core_inst/cpu/u_top/u_ibex_core/g_pmp.pmp_i/core_outputs_q_reg[1][data_req]_srl2_i_13[3]
    SLICE_X3Y139         CARRY8 (Prop_CARRY8_SLICEL_DI[3]_CO[7])
                                                      0.432    12.621 f  iob_soc_memwrapper/iob_core_inst/cpu/u_top/u_ibex_core/g_pmp.pmp_i/core_outputs_q_reg[1][data_req]_srl2_i_42/CO[7]
                         net (fo=1, routed)           0.498    13.119    iob_soc_memwrapper/iob_core_inst/cpu/u_top/u_ibex_core/cs_registers_i/g_pmp_registers.g_pmp_csrs[8].u_pmp_cfg_csr/rdata_reg_inst/no_tmr.reg_inst/reg0/core_outputs_q_reg[1][data_req]_srl2_i_55_1[0]
    SLICE_X5Y135         LUT5 (Prop_D5LUT_SLICEM_I4_O)
                                                      0.171    13.290 f  iob_soc_memwrapper/iob_core_inst/cpu/u_top/u_ibex_core/cs_registers_i/g_pmp_registers.g_pmp_csrs[8].u_pmp_cfg_csr/rdata_reg_inst/no_tmr.reg_inst/reg0/core_outputs_q_reg[1][data_req]_srl2_i_13/O
                         net (fo=5, routed)           0.712    14.002    iob_soc_memwrapper/iob_core_inst/cpu/u_top/u_ibex_core/cs_registers_i/g_pmp_registers.g_pmp_csrs[10].u_pmp_cfg_csr/rdata_reg_inst/no_tmr.reg_inst/reg0/g_access_check[2].g_regions[8].region_match_all_reg[2]_70
    SLICE_X15Y136        LUT6 (Prop_G6LUT_SLICEM_I1_O)
                                                      0.168    14.170 f  iob_soc_memwrapper/iob_core_inst/cpu/u_top/u_ibex_core/cs_registers_i/g_pmp_registers.g_pmp_csrs[10].u_pmp_cfg_csr/rdata_reg_inst/no_tmr.reg_inst/reg0/core_outputs_q_reg[1][data_req]_srl2_i_55/O
                         net (fo=4, routed)           0.095    14.265    iob_soc_memwrapper/iob_core_inst/cpu/u_top/u_ibex_core/cs_registers_i/g_pmp_registers.g_pmp_csrs[13].u_pmp_cfg_csr/rdata_reg_inst/no_tmr.reg_inst/reg0/core_outputs_q_reg[1][data_req]_srl2_i_7
    SLICE_X15Y136        LUT4 (Prop_D5LUT_SLICEM_I2_O)
                                                      0.193    14.458 f  iob_soc_memwrapper/iob_core_inst/cpu/u_top/u_ibex_core/cs_registers_i/g_pmp_registers.g_pmp_csrs[13].u_pmp_cfg_csr/rdata_reg_inst/no_tmr.reg_inst/reg0/core_outputs_q_reg[1][data_req]_srl2_i_24/O
                         net (fo=2, routed)           0.235    14.693    iob_soc_memwrapper/iob_core_inst/cpu/u_top/u_ibex_core/cs_registers_i/g_pmp_registers.g_pmp_csrs[14].u_pmp_cfg_csr/rdata_reg_inst/no_tmr.reg_inst/reg0/core_outputs_q_reg[1][data_req]_srl2_i_3
    SLICE_X16Y136        LUT3 (Prop_B6LUT_SLICEL_I1_O)
                                                      0.053    14.746 r  iob_soc_memwrapper/iob_core_inst/cpu/u_top/u_ibex_core/cs_registers_i/g_pmp_registers.g_pmp_csrs[14].u_pmp_cfg_csr/rdata_reg_inst/no_tmr.reg_inst/reg0/core_outputs_q_reg[1][data_req]_srl2_i_7/O
                         net (fo=2, routed)           0.258    15.004    iob_soc_memwrapper/iob_core_inst/cpu/u_top/u_ibex_core/cs_registers_i/g_pmp_registers.g_pmp_csrs[13].u_pmp_cfg_csr/rdata_reg_inst/no_tmr.reg_inst/reg0/data_o[0]_i_5__5
    SLICE_X15Y135        LUT5 (Prop_E6LUT_SLICEM_I1_O)
                                                      0.225    15.229 f  iob_soc_memwrapper/iob_core_inst/cpu/u_top/u_ibex_core/cs_registers_i/g_pmp_registers.g_pmp_csrs[13].u_pmp_cfg_csr/rdata_reg_inst/no_tmr.reg_inst/reg0/core_outputs_q_reg[1][data_req]_srl2_i_3/O
                         net (fo=4, routed)           0.582    15.811    iob_soc_memwrapper/iob_core_inst/cpu/u_top/u_ibex_core/cs_registers_i/g_pmp_registers.g_pmp_csrs[13].u_pmp_cfg_csr/rdata_reg_inst/no_tmr.reg_inst/reg0/core_outputs_q_reg[1][data_req]_srl2_i_10
    SLICE_X11Y118        LUT6 (Prop_H6LUT_SLICEM_I3_O)
                                                      0.055    15.866 r  iob_soc_memwrapper/iob_core_inst/cpu/u_top/u_ibex_core/cs_registers_i/g_pmp_registers.g_pmp_csrs[13].u_pmp_cfg_csr/rdata_reg_inst/no_tmr.reg_inst/reg0/core_outputs_q_reg[1][data_req]_srl2_i_1/O
                         net (fo=17, routed)          0.916    16.782    iob_soc_memwrapper/iob_core_inst/cpu/u_top/u_ibex_core/if_stage_i/g_instr_rdata_ra.instr_rdata_id_reg_inst/no_tmr.reg_inst/reg0/data_o_reg[0]_38
    SLICE_X3Y99          LUT3 (Prop_D6LUT_SLICEL_I2_O)
                                                      0.090    16.872 f  iob_soc_memwrapper/iob_core_inst/cpu/u_top/u_ibex_core/if_stage_i/g_instr_rdata_ra.instr_rdata_id_reg_inst/no_tmr.reg_inst/reg0/data_o[0]_i_2__34/O
                         net (fo=6, routed)           0.558    17.430    iob_soc_memwrapper/iob_core_inst/iob_axi_full_xbar/iob_axi_merge_0/busy_write_reg_re/reg0/data_o_reg[0]_7
    SLICE_X3Y79          LUT4 (Prop_B5LUT_SLICEL_I1_O)
                                                      0.201    17.631 f  iob_soc_memwrapper/iob_core_inst/iob_axi_full_xbar/iob_axi_merge_0/busy_write_reg_re/reg0/write_count_reg[7]_i_3/O
                         net (fo=11, routed)          0.257    17.888    iob_soc_memwrapper/iob_core_inst/internal_memory/not_MEM_NO_READ_ON_WRITE.mem_reg_3_bram_1
    SLICE_X3Y78          LUT6 (Prop_H6LUT_SLICEL_I2_O)
                                                      0.167    18.055 r  iob_soc_memwrapper/iob_core_inst/internal_memory/not_MEM_NO_READ_ON_WRITE.mem_reg_1_bram_0_i_9/O
                         net (fo=4, routed)           0.506    18.561    iob_soc_memwrapper/ext_mem_mem/not_MEM_NO_READ_ON_WRITE.mem_reg_1_bram_0_0[0]
    RAMB36_X0Y14         RAMB36E2                                     r  iob_soc_memwrapper/ext_mem_mem/not_MEM_NO_READ_ON_WRITE.mem_reg_1_bram_0/WEA[0]
  -------------------------------------------------------------------    -------------------

                         (clock clk_out1_clock_wizard rise edge)
                                                     17.000    17.000 r  
    H22                                               0.000    17.000 r  c0_sys_clk_clk_p_i (IN)
                         net (fo=0)                   0.000    17.000    clk_250_to_100_MHz/clock_wizard_inst/clkin1_ibufds/I
    HPIOBDIFFINBUF_X0Y36 DIFFINBUF (Prop_DIFFINBUF_HPIOBDIFFINBUF_DIFF_IN_P_O)
                                                      0.374    17.374 r  clk_250_to_100_MHz/clock_wizard_inst/clkin1_ibufds/DIFFINBUF_INST/O
                         net (fo=1, routed)           0.055    17.429    clk_250_to_100_MHz/clock_wizard_inst/clkin1_ibufds/OUT
    H22                  IBUFCTRL (Prop_IBUFCTRL_HPIOB_I_O)
                                                      0.000    17.429 r  clk_250_to_100_MHz/clock_wizard_inst/clkin1_ibufds/IBUFCTRL_INST/O
                         net (fo=1, routed)           0.981    18.410    clk_250_to_100_MHz/clock_wizard_inst/clk_in1_clock_wizard
    PLLE3_ADV_X0Y3       PLLE3_ADV (Prop_PLLE3_ADV_CLKIN_CLKOUT0)
                                                      0.250    18.660 r  clk_250_to_100_MHz/clock_wizard_inst/plle3_adv_inst/CLKOUT0
                         net (fo=1, routed)           0.451    19.111    clk_250_to_100_MHz/clock_wizard_inst/clk_out1_clock_wizard
    BUFGCE_X0Y47         BUFGCE (Prop_BUFCE_BUFGCE_I_O)
                                                      0.091    19.202 r  clk_250_to_100_MHz/clock_wizard_inst/clkout1_buf/O
    X0Y1 (CLOCK_ROOT)    net (fo=9788, routed)        1.930    21.132    iob_soc_memwrapper/ext_mem_mem/clk
    RAMB36_X0Y14         RAMB36E2                                     r  iob_soc_memwrapper/ext_mem_mem/not_MEM_NO_READ_ON_WRITE.mem_reg_1_bram_0/CLKARDCLK
                         clock pessimism              0.383    21.515    
                         clock uncertainty           -0.069    21.446    
    RAMB36_X0Y14         RAMB36E2 (Setup_RAMB36E2_RAMB36_CLKARDCLK_WEA[0])
                                                     -0.693    20.753    iob_soc_memwrapper/ext_mem_mem/not_MEM_NO_READ_ON_WRITE.mem_reg_1_bram_0
  -------------------------------------------------------------------
                         required time                         20.753    
                         arrival time                         -18.561    
  -------------------------------------------------------------------
                         slack                                  2.192    

Slack (MET) :             2.227ns  (required time - arrival time)
  Source:                 iob_soc_memwrapper/iob_core_inst/cpu/u_top/u_ibex_core/if_stage_i/g_instr_rdata_ra.instr_rdata_id_reg_inst/no_tmr.reg_inst/reg0/data_o_reg[22]/C
                            (rising edge-triggered cell FDRE clocked by clk_out1_clock_wizard  {rise@0.000ns fall@8.500ns period=17.000ns})
  Destination:            iob_soc_memwrapper/ext_mem_mem/not_MEM_NO_READ_ON_WRITE.mem_reg_1_bram_1/WEA[0]
                            (rising edge-triggered cell RAMB36E2 clocked by clk_out1_clock_wizard  {rise@0.000ns fall@8.500ns period=17.000ns})
  Path Group:             clk_out1_clock_wizard
  Path Type:              Setup (Max at Slow Process Corner)
  Requirement:            17.000ns  (clk_out1_clock_wizard rise@17.000ns - clk_out1_clock_wizard rise@0.000ns)
  Data Path Delay:        13.808ns  (logic 3.727ns (26.992%)  route 10.081ns (73.008%))
  Logic Levels:           21  (CARRY8=4 LUT3=3 LUT4=3 LUT5=4 LUT6=7)
  Clock Path Skew:        -0.203ns (DCD - SCD + CPR)
    Destination Clock Delay (DCD):    4.145ns = ( 21.145 - 17.000 ) 
    Source Clock Delay      (SCD):    4.731ns
    Clock Pessimism Removal (CPR):    0.383ns
  Clock Uncertainty:      0.069ns  ((TSJ^2 + DJ^2)^1/2) / 2 + PE
    Total System Jitter     (TSJ):    0.071ns
    Discrete Jitter          (DJ):    0.119ns
    Phase Error              (PE):    0.000ns
  Clock Net Delay (Source):      2.291ns (routing 0.396ns, distribution 1.895ns)
  Clock Net Delay (Destination): 1.943ns (routing 0.365ns, distribution 1.578ns)

    Location             Delay type                Incr(ns)  Path(ns)    Netlist Resource(s)
  -------------------------------------------------------------------    -------------------
                         (clock clk_out1_clock_wizard rise edge)
                                                      0.000     0.000 r  
    H22                                               0.000     0.000 r  c0_sys_clk_clk_p_i (IN)
                         net (fo=0)                   0.000     0.000    clk_250_to_100_MHz/clock_wizard_inst/clkin1_ibufds/I
    HPIOBDIFFINBUF_X0Y36 DIFFINBUF (Prop_DIFFINBUF_HPIOBDIFFINBUF_DIFF_IN_P_O)
                                                      0.556     0.556 r  clk_250_to_100_MHz/clock_wizard_inst/clkin1_ibufds/DIFFINBUF_INST/O
                         net (fo=1, routed)           0.104     0.660    clk_250_to_100_MHz/clock_wizard_inst/clkin1_ibufds/OUT
    H22                  IBUFCTRL (Prop_IBUFCTRL_HPIOB_I_O)
                                                      0.000     0.660 r  clk_250_to_100_MHz/clock_wizard_inst/clkin1_ibufds/IBUFCTRL_INST/O
                         net (fo=1, routed)           1.082     1.742    clk_250_to_100_MHz/clock_wizard_inst/clk_in1_clock_wizard
    PLLE3_ADV_X0Y3       PLLE3_ADV (Prop_PLLE3_ADV_CLKIN_CLKOUT0)
                                                      0.068     1.810 r  clk_250_to_100_MHz/clock_wizard_inst/plle3_adv_inst/CLKOUT0
                         net (fo=1, routed)           0.529     2.339    clk_250_to_100_MHz/clock_wizard_inst/clk_out1_clock_wizard
    BUFGCE_X0Y47         BUFGCE (Prop_BUFCE_BUFGCE_I_O)
                                                      0.101     2.440 r  clk_250_to_100_MHz/clock_wizard_inst/clkout1_buf/O
    X0Y1 (CLOCK_ROOT)    net (fo=9788, routed)        2.291     4.731    iob_soc_memwrapper/iob_core_inst/cpu/u_top/u_ibex_core/if_stage_i/g_instr_rdata_ra.instr_rdata_id_reg_inst/no_tmr.reg_inst/reg0/clk
    SLICE_X15Y80         FDRE                                         r  iob_soc_memwrapper/iob_core_inst/cpu/u_top/u_ibex_core/if_stage_i/g_instr_rdata_ra.instr_rdata_id_reg_inst/no_tmr.reg_inst/reg0/data_o_reg[22]/C
  -------------------------------------------------------------------    -------------------
    SLICE_X15Y80         FDRE (Prop_CFF_SLICEM_C_Q)
                                                      0.138     4.869 r  iob_soc_memwrapper/iob_core_inst/cpu/u_top/u_ibex_core/if_stage_i/g_instr_rdata_ra.instr_rdata_id_reg_inst/no_tmr.reg_inst/reg0/data_o_reg[22]/Q
                         net (fo=46, routed)          0.545     5.414    iob_soc_memwrapper/iob_core_inst/cpu/u_top/gen_regfile_fpga.register_file_i/gen_rdata_mux_check.u_prim_onehot_enc_raddr_b/rf_raddr_b[2]
    SLICE_X14Y71         LUT5 (Prop_D5LUT_SLICEL_I1_O)
                                                      0.260     5.674 r  iob_soc_memwrapper/iob_core_inst/cpu/u_top/gen_regfile_fpga.register_file_i/gen_rdata_mux_check.u_prim_onehot_enc_raddr_b/data_o[63]_i_39/O
                         net (fo=39, routed)          0.791     6.465    iob_soc_memwrapper/iob_core_inst/cpu/u_top/u_ibex_core/if_stage_i/g_instr_rdata_ra.instr_rdata_id_reg_inst/no_tmr.reg_inst/reg0/gen_rdata_mux_check.raddr_onehot_b[15]
    SLICE_X12Y58         LUT4 (Prop_G6LUT_SLICEL_I2_O)
                                                      0.089     6.554 r  iob_soc_memwrapper/iob_core_inst/cpu/u_top/u_ibex_core/if_stage_i/g_instr_rdata_ra.instr_rdata_id_reg_inst/no_tmr.reg_inst/reg0/data_o[34]_i_13/O
                         net (fo=1, routed)           0.241     6.795    iob_soc_memwrapper/iob_core_inst/cpu/u_top/u_ibex_core/if_stage_i/g_instr_rdata_ra.instr_rdata_id_reg_inst/no_tmr.reg_inst/reg0/data_o[34]_i_13_n_0
    SLICE_X12Y58         LUT6 (Prop_H6LUT_SLICEL_I0_O)
                                                      0.218     7.013 r  iob_soc_memwrapper/iob_core_inst/cpu/u_top/u_ibex_core/if_stage_i/g_instr_rdata_ra.instr_rdata_id_reg_inst/no_tmr.reg_inst/reg0/data_o[34]_i_8/O
                         net (fo=1, routed)           0.398     7.411    iob_soc_memwrapper/iob_core_inst/cpu/u_top/u_ibex_core/if_stage_i/g_instr_rdata_ra.instr_rdata_id_reg_inst/no_tmr.reg_inst/reg0/data_o[34]_i_8_n_0
    SLICE_X18Y59         LUT6 (Prop_H6LUT_SLICEM_I5_O)
                                                      0.173     7.584 r  iob_soc_memwrapper/iob_core_inst/cpu/u_top/u_ibex_core/if_stage_i/g_instr_rdata_ra.instr_rdata_id_reg_inst/no_tmr.reg_inst/reg0/data_o[34]_i_3/O
                         net (fo=1, routed)           0.266     7.850    iob_soc_memwrapper/iob_core_inst/cpu/u_top/u_ibex_core/if_stage_i/g_instr_rdata_ra.instr_rdata_id_reg_inst/no_tmr.reg_inst/reg0/data_o[34]_i_3_n_0
    SLICE_X19Y61         LUT5 (Prop_C6LUT_SLICEL_I1_O)
                                                      0.219     8.069 r  iob_soc_memwrapper/iob_core_inst/cpu/u_top/u_ibex_core/if_stage_i/g_instr_rdata_ra.instr_rdata_id_reg_inst/no_tmr.reg_inst/reg0/data_o[34]_i_1/O
                         net (fo=10, routed)          0.746     8.815    iob_soc_memwrapper/iob_core_inst/cpu/u_top/u_ibex_core/if_stage_i/g_instr_rdata_ra.instr_rdata_id_reg_inst/no_tmr.reg_inst/reg0/mem_reg[1][9]
    SLICE_X15Y92         LUT6 (Prop_D6LUT_SLICEM_I4_O)
                                                      0.092     8.907 r  iob_soc_memwrapper/iob_core_inst/cpu/u_top/u_ibex_core/if_stage_i/g_instr_rdata_ra.instr_rdata_id_reg_inst/no_tmr.reg_inst/reg0/i___5_i_12__0/O
                         net (fo=3, routed)           0.569     9.476    iob_soc_memwrapper/iob_core_inst/cpu/u_top/u_ibex_core/ex_block_i/alu_operand_b_ex[8]
    SLICE_X14Y103        LUT3 (Prop_B6LUT_SLICEL_I1_O)
                                                      0.053     9.529 r  iob_soc_memwrapper/iob_core_inst/cpu/u_top/u_ibex_core/ex_block_i/adder_result_ext_o_carry__0_i_15/O
                         net (fo=1, routed)           0.000     9.529    iob_soc_memwrapper/iob_core_inst/cpu/u_top/u_ibex_core/ex_block_i/alu_i/data_o_reg[15][1]
    SLICE_X14Y103        CARRY8 (Prop_CARRY8_SLICEL_S[1]_CO[7])
                                                      0.408     9.937 r  iob_soc_memwrapper/iob_core_inst/cpu/u_top/u_ibex_core/ex_block_i/alu_i/adder_result_ext_o_carry__0/CO[7]
                         net (fo=1, routed)           0.030     9.967    iob_soc_memwrapper/iob_core_inst/cpu/u_top/u_ibex_core/ex_block_i/alu_i/adder_result_ext_o_carry__0_n_0
    SLICE_X14Y104        CARRY8 (Prop_CARRY8_SLICEL_CI_CO[7])
                                                      0.025     9.992 r  iob_soc_memwrapper/iob_core_inst/cpu/u_top/u_ibex_core/ex_block_i/alu_i/adder_result_ext_o_carry__1/CO[7]
                         net (fo=1, routed)           0.030    10.022    iob_soc_memwrapper/iob_core_inst/cpu/u_top/u_ibex_core/ex_block_i/alu_i/adder_result_ext_o_carry__1_n_0
    SLICE_X14Y105        CARRY8 (Prop_CARRY8_SLICEL_CI_O[0])
                                                      0.132    10.154 f  iob_soc_memwrapper/iob_core_inst/cpu/u_top/u_ibex_core/ex_block_i/alu_i/adder_result_ext_o_carry__2/O[0]
                         net (fo=88, routed)          1.394    11.548    iob_soc_memwrapper/iob_core_inst/cpu/u_top/u_ibex_core/cs_registers_i/g_pmp_registers.g_pmp_csrs[8].u_pmp_cfg_csr/rdata_reg_inst/no_tmr.reg_inst/reg0/alu_adder_result_ex_o[22]
    SLICE_X2Y139         LUT6 (Prop_G6LUT_SLICEL_I0_O)
                                                      0.166    11.714 f  iob_soc_memwrapper/iob_core_inst/cpu/u_top/u_ibex_core/cs_registers_i/g_pmp_registers.g_pmp_csrs[8].u_pmp_cfg_csr/rdata_reg_inst/no_tmr.reg_inst/reg0/core_outputs_q_reg[1][data_req]_srl2_i_141/O
                         net (fo=1, routed)           0.475    12.189    iob_soc_memwrapper/iob_core_inst/cpu/u_top/u_ibex_core/g_pmp.pmp_i/core_outputs_q_reg[1][data_req]_srl2_i_13[3]
    SLICE_X3Y139         CARRY8 (Prop_CARRY8_SLICEL_DI[3]_CO[7])
                                                      0.432    12.621 f  iob_soc_memwrapper/iob_core_inst/cpu/u_top/u_ibex_core/g_pmp.pmp_i/core_outputs_q_reg[1][data_req]_srl2_i_42/CO[7]
                         net (fo=1, routed)           0.498    13.119    iob_soc_memwrapper/iob_core_inst/cpu/u_top/u_ibex_core/cs_registers_i/g_pmp_registers.g_pmp_csrs[8].u_pmp_cfg_csr/rdata_reg_inst/no_tmr.reg_inst/reg0/core_outputs_q_reg[1][data_req]_srl2_i_55_1[0]
    SLICE_X5Y135         LUT5 (Prop_D5LUT_SLICEM_I4_O)
                                                      0.171    13.290 f  iob_soc_memwrapper/iob_core_inst/cpu/u_top/u_ibex_core/cs_registers_i/g_pmp_registers.g_pmp_csrs[8].u_pmp_cfg_csr/rdata_reg_inst/no_tmr.reg_inst/reg0/core_outputs_q_reg[1][data_req]_srl2_i_13/O
                         net (fo=5, routed)           0.712    14.002    iob_soc_memwrapper/iob_core_inst/cpu/u_top/u_ibex_core/cs_registers_i/g_pmp_registers.g_pmp_csrs[10].u_pmp_cfg_csr/rdata_reg_inst/no_tmr.reg_inst/reg0/g_access_check[2].g_regions[8].region_match_all_reg[2]_70
    SLICE_X15Y136        LUT6 (Prop_G6LUT_SLICEM_I1_O)
                                                      0.168    14.170 f  iob_soc_memwrapper/iob_core_inst/cpu/u_top/u_ibex_core/cs_registers_i/g_pmp_registers.g_pmp_csrs[10].u_pmp_cfg_csr/rdata_reg_inst/no_tmr.reg_inst/reg0/core_outputs_q_reg[1][data_req]_srl2_i_55/O
                         net (fo=4, routed)           0.095    14.265    iob_soc_memwrapper/iob_core_inst/cpu/u_top/u_ibex_core/cs_registers_i/g_pmp_registers.g_pmp_csrs[13].u_pmp_cfg_csr/rdata_reg_inst/no_tmr.reg_inst/reg0/core_outputs_q_reg[1][data_req]_srl2_i_7
    SLICE_X15Y136        LUT4 (Prop_D5LUT_SLICEM_I2_O)
                                                      0.193    14.458 f  iob_soc_memwrapper/iob_core_inst/cpu/u_top/u_ibex_core/cs_registers_i/g_pmp_registers.g_pmp_csrs[13].u_pmp_cfg_csr/rdata_reg_inst/no_tmr.reg_inst/reg0/core_outputs_q_reg[1][data_req]_srl2_i_24/O
                         net (fo=2, routed)           0.235    14.693    iob_soc_memwrapper/iob_core_inst/cpu/u_top/u_ibex_core/cs_registers_i/g_pmp_registers.g_pmp_csrs[14].u_pmp_cfg_csr/rdata_reg_inst/no_tmr.reg_inst/reg0/core_outputs_q_reg[1][data_req]_srl2_i_3
    SLICE_X16Y136        LUT3 (Prop_B6LUT_SLICEL_I1_O)
                                                      0.053    14.746 r  iob_soc_memwrapper/iob_core_inst/cpu/u_top/u_ibex_core/cs_registers_i/g_pmp_registers.g_pmp_csrs[14].u_pmp_cfg_csr/rdata_reg_inst/no_tmr.reg_inst/reg0/core_outputs_q_reg[1][data_req]_srl2_i_7/O
                         net (fo=2, routed)           0.258    15.004    iob_soc_memwrapper/iob_core_inst/cpu/u_top/u_ibex_core/cs_registers_i/g_pmp_registers.g_pmp_csrs[13].u_pmp_cfg_csr/rdata_reg_inst/no_tmr.reg_inst/reg0/data_o[0]_i_5__5
    SLICE_X15Y135        LUT5 (Prop_E6LUT_SLICEM_I1_O)
                                                      0.225    15.229 f  iob_soc_memwrapper/iob_core_inst/cpu/u_top/u_ibex_core/cs_registers_i/g_pmp_registers.g_pmp_csrs[13].u_pmp_cfg_csr/rdata_reg_inst/no_tmr.reg_inst/reg0/core_outputs_q_reg[1][data_req]_srl2_i_3/O
                         net (fo=4, routed)           0.582    15.811    iob_soc_memwrapper/iob_core_inst/cpu/u_top/u_ibex_core/cs_registers_i/g_pmp_registers.g_pmp_csrs[13].u_pmp_cfg_csr/rdata_reg_inst/no_tmr.reg_inst/reg0/core_outputs_q_reg[1][data_req]_srl2_i_10
    SLICE_X11Y118        LUT6 (Prop_H6LUT_SLICEM_I3_O)
                                                      0.055    15.866 r  iob_soc_memwrapper/iob_core_inst/cpu/u_top/u_ibex_core/cs_registers_i/g_pmp_registers.g_pmp_csrs[13].u_pmp_cfg_csr/rdata_reg_inst/no_tmr.reg_inst/reg0/core_outputs_q_reg[1][data_req]_srl2_i_1/O
                         net (fo=17, routed)          0.916    16.782    iob_soc_memwrapper/iob_core_inst/cpu/u_top/u_ibex_core/if_stage_i/g_instr_rdata_ra.instr_rdata_id_reg_inst/no_tmr.reg_inst/reg0/data_o_reg[0]_38
    SLICE_X3Y99          LUT3 (Prop_D6LUT_SLICEL_I2_O)
                                                      0.090    16.872 f  iob_soc_memwrapper/iob_core_inst/cpu/u_top/u_ibex_core/if_stage_i/g_instr_rdata_ra.instr_rdata_id_reg_inst/no_tmr.reg_inst/reg0/data_o[0]_i_2__34/O
                         net (fo=6, routed)           0.558    17.430    iob_soc_memwrapper/iob_core_inst/iob_axi_full_xbar/iob_axi_merge_0/busy_write_reg_re/reg0/data_o_reg[0]_7
    SLICE_X3Y79          LUT4 (Prop_B5LUT_SLICEL_I1_O)
                                                      0.201    17.631 f  iob_soc_memwrapper/iob_core_inst/iob_axi_full_xbar/iob_axi_merge_0/busy_write_reg_re/reg0/write_count_reg[7]_i_3/O
                         net (fo=11, routed)          0.257    17.888    iob_soc_memwrapper/iob_core_inst/internal_memory/not_MEM_NO_READ_ON_WRITE.mem_reg_3_bram_1
    SLICE_X3Y78          LUT6 (Prop_G6LUT_SLICEL_I2_O)
                                                      0.166    18.054 r  iob_soc_memwrapper/iob_core_inst/internal_memory/not_MEM_NO_READ_ON_WRITE.mem_reg_1_bram_1_i_1/O
                         net (fo=4, routed)           0.485    18.539    iob_soc_memwrapper/ext_mem_mem/not_MEM_NO_READ_ON_WRITE.mem_reg_1_bram_1_0[0]
    RAMB36_X0Y15         RAMB36E2                                     r  iob_soc_memwrapper/ext_mem_mem/not_MEM_NO_READ_ON_WRITE.mem_reg_1_bram_1/WEA[0]
  -------------------------------------------------------------------    -------------------

                         (clock clk_out1_clock_wizard rise edge)
                                                     17.000    17.000 r  
    H22                                               0.000    17.000 r  c0_sys_clk_clk_p_i (IN)
                         net (fo=0)                   0.000    17.000    clk_250_to_100_MHz/clock_wizard_inst/clkin1_ibufds/I
    HPIOBDIFFINBUF_X0Y36 DIFFINBUF (Prop_DIFFINBUF_HPIOBDIFFINBUF_DIFF_IN_P_O)
                                                      0.374    17.374 r  clk_250_to_100_MHz/clock_wizard_inst/clkin1_ibufds/DIFFINBUF_INST/O
                         net (fo=1, routed)           0.055    17.429    clk_250_to_100_MHz/clock_wizard_inst/clkin1_ibufds/OUT
    H22                  IBUFCTRL (Prop_IBUFCTRL_HPIOB_I_O)
                                                      0.000    17.429 r  clk_250_to_100_MHz/clock_wizard_inst/clkin1_ibufds/IBUFCTRL_INST/O
                         net (fo=1, routed)           0.981    18.410    clk_250_to_100_MHz/clock_wizard_inst/clk_in1_clock_wizard
    PLLE3_ADV_X0Y3       PLLE3_ADV (Prop_PLLE3_ADV_CLKIN_CLKOUT0)
                                                      0.250    18.660 r  clk_250_to_100_MHz/clock_wizard_inst/plle3_adv_inst/CLKOUT0
                         net (fo=1, routed)           0.451    19.111    clk_250_to_100_MHz/clock_wizard_inst/clk_out1_clock_wizard
    BUFGCE_X0Y47         BUFGCE (Prop_BUFCE_BUFGCE_I_O)
                                                      0.091    19.202 r  clk_250_to_100_MHz/clock_wizard_inst/clkout1_buf/O
    X0Y1 (CLOCK_ROOT)    net (fo=9788, routed)        1.943    21.145    iob_soc_memwrapper/ext_mem_mem/clk
    RAMB36_X0Y15         RAMB36E2                                     r  iob_soc_memwrapper/ext_mem_mem/not_MEM_NO_READ_ON_WRITE.mem_reg_1_bram_1/CLKARDCLK
                         clock pessimism              0.383    21.528    
                         clock uncertainty           -0.069    21.459    
    RAMB36_X0Y15         RAMB36E2 (Setup_RAMB36E2_RAMB36_CLKARDCLK_WEA[0])
                                                     -0.693    20.766    iob_soc_memwrapper/ext_mem_mem/not_MEM_NO_READ_ON_WRITE.mem_reg_1_bram_1
  -------------------------------------------------------------------
                         required time                         20.766    
                         arrival time                         -18.539    
  -------------------------------------------------------------------
                         slack                                  2.227    

Slack (MET) :             2.262ns  (required time - arrival time)
  Source:                 iob_soc_memwrapper/iob_core_inst/cpu/u_top/u_ibex_core/if_stage_i/g_instr_rdata_ra.instr_rdata_id_reg_inst/no_tmr.reg_inst/reg0/data_o_reg[22]/C
                            (rising edge-triggered cell FDRE clocked by clk_out1_clock_wizard  {rise@0.000ns fall@8.500ns period=17.000ns})
  Destination:            iob_soc_memwrapper/iob_core_inst/periphs_axi2iob/w_addr_reg_reg[3]/CE
                            (rising edge-triggered cell FDCE clocked by clk_out1_clock_wizard  {rise@0.000ns fall@8.500ns period=17.000ns})
  Path Group:             clk_out1_clock_wizard
  Path Type:              Setup (Max at Slow Process Corner)
  Requirement:            17.000ns  (clk_out1_clock_wizard rise@17.000ns - clk_out1_clock_wizard rise@0.000ns)
  Data Path Delay:        14.414ns  (logic 3.890ns (26.988%)  route 10.524ns (73.012%))
  Logic Levels:           22  (CARRY8=4 LUT3=3 LUT4=5 LUT5=4 LUT6=6)
  Clock Path Skew:        -0.201ns (DCD - SCD + CPR)
    Destination Clock Delay (DCD):    4.147ns = ( 21.147 - 17.000 ) 
    Source Clock Delay      (SCD):    4.731ns
    Clock Pessimism Removal (CPR):    0.383ns
  Clock Uncertainty:      0.069ns  ((TSJ^2 + DJ^2)^1/2) / 2 + PE
    Total System Jitter     (TSJ):    0.071ns
    Discrete Jitter          (DJ):    0.119ns
    Phase Error              (PE):    0.000ns
  Clock Net Delay (Source):      2.291ns (routing 0.396ns, distribution 1.895ns)
  Clock Net Delay (Destination): 1.945ns (routing 0.365ns, distribution 1.580ns)

    Location             Delay type                Incr(ns)  Path(ns)    Netlist Resource(s)
  -------------------------------------------------------------------    -------------------
                         (clock clk_out1_clock_wizard rise edge)
                                                      0.000     0.000 r  
    H22                                               0.000     0.000 r  c0_sys_clk_clk_p_i (IN)
                         net (fo=0)                   0.000     0.000    clk_250_to_100_MHz/clock_wizard_inst/clkin1_ibufds/I
    HPIOBDIFFINBUF_X0Y36 DIFFINBUF (Prop_DIFFINBUF_HPIOBDIFFINBUF_DIFF_IN_P_O)
                                                      0.556     0.556 r  clk_250_to_100_MHz/clock_wizard_inst/clkin1_ibufds/DIFFINBUF_INST/O
                         net (fo=1, routed)           0.104     0.660    clk_250_to_100_MHz/clock_wizard_inst/clkin1_ibufds/OUT
    H22                  IBUFCTRL (Prop_IBUFCTRL_HPIOB_I_O)
                                                      0.000     0.660 r  clk_250_to_100_MHz/clock_wizard_inst/clkin1_ibufds/IBUFCTRL_INST/O
                         net (fo=1, routed)           1.082     1.742    clk_250_to_100_MHz/clock_wizard_inst/clk_in1_clock_wizard
    PLLE3_ADV_X0Y3       PLLE3_ADV (Prop_PLLE3_ADV_CLKIN_CLKOUT0)
                                                      0.068     1.810 r  clk_250_to_100_MHz/clock_wizard_inst/plle3_adv_inst/CLKOUT0
                         net (fo=1, routed)           0.529     2.339    clk_250_to_100_MHz/clock_wizard_inst/clk_out1_clock_wizard
    BUFGCE_X0Y47         BUFGCE (Prop_BUFCE_BUFGCE_I_O)
                                                      0.101     2.440 r  clk_250_to_100_MHz/clock_wizard_inst/clkout1_buf/O
    X0Y1 (CLOCK_ROOT)    net (fo=9788, routed)        2.291     4.731    iob_soc_memwrapper/iob_core_inst/cpu/u_top/u_ibex_core/if_stage_i/g_instr_rdata_ra.instr_rdata_id_reg_inst/no_tmr.reg_inst/reg0/clk
    SLICE_X15Y80         FDRE                                         r  iob_soc_memwrapper/iob_core_inst/cpu/u_top/u_ibex_core/if_stage_i/g_instr_rdata_ra.instr_rdata_id_reg_inst/no_tmr.reg_inst/reg0/data_o_reg[22]/C
  -------------------------------------------------------------------    -------------------
    SLICE_X15Y80         FDRE (Prop_CFF_SLICEM_C_Q)
                                                      0.138     4.869 r  iob_soc_memwrapper/iob_core_inst/cpu/u_top/u_ibex_core/if_stage_i/g_instr_rdata_ra.instr_rdata_id_reg_inst/no_tmr.reg_inst/reg0/data_o_reg[22]/Q
                         net (fo=46, routed)          0.545     5.414    iob_soc_memwrapper/iob_core_inst/cpu/u_top/gen_regfile_fpga.register_file_i/gen_rdata_mux_check.u_prim_onehot_enc_raddr_b/rf_raddr_b[2]
    SLICE_X14Y71         LUT5 (Prop_D5LUT_SLICEL_I1_O)
                                                      0.260     5.674 r  iob_soc_memwrapper/iob_core_inst/cpu/u_top/gen_regfile_fpga.register_file_i/gen_rdata_mux_check.u_prim_onehot_enc_raddr_b/data_o[63]_i_39/O
                         net (fo=39, routed)          0.791     6.465    iob_soc_memwrapper/iob_core_inst/cpu/u_top/u_ibex_core/if_stage_i/g_instr_rdata_ra.instr_rdata_id_reg_inst/no_tmr.reg_inst/reg0/gen_rdata_mux_check.raddr_onehot_b[15]
    SLICE_X12Y58         LUT4 (Prop_G6LUT_SLICEL_I2_O)
                                                      0.089     6.554 r  iob_soc_memwrapper/iob_core_inst/cpu/u_top/u_ibex_core/if_stage_i/g_instr_rdata_ra.instr_rdata_id_reg_inst/no_tmr.reg_inst/reg0/data_o[34]_i_13/O
                         net (fo=1, routed)           0.241     6.795    iob_soc_memwrapper/iob_core_inst/cpu/u_top/u_ibex_core/if_stage_i/g_instr_rdata_ra.instr_rdata_id_reg_inst/no_tmr.reg_inst/reg0/data_o[34]_i_13_n_0
    SLICE_X12Y58         LUT6 (Prop_H6LUT_SLICEL_I0_O)
                                                      0.218     7.013 r  iob_soc_memwrapper/iob_core_inst/cpu/u_top/u_ibex_core/if_stage_i/g_instr_rdata_ra.instr_rdata_id_reg_inst/no_tmr.reg_inst/reg0/data_o[34]_i_8/O
                         net (fo=1, routed)           0.398     7.411    iob_soc_memwrapper/iob_core_inst/cpu/u_top/u_ibex_core/if_stage_i/g_instr_rdata_ra.instr_rdata_id_reg_inst/no_tmr.reg_inst/reg0/data_o[34]_i_8_n_0
    SLICE_X18Y59         LUT6 (Prop_H6LUT_SLICEM_I5_O)
                                                      0.173     7.584 r  iob_soc_memwrapper/iob_core_inst/cpu/u_top/u_ibex_core/if_stage_i/g_instr_rdata_ra.instr_rdata_id_reg_inst/no_tmr.reg_inst/reg0/data_o[34]_i_3/O
                         net (fo=1, routed)           0.266     7.850    iob_soc_memwrapper/iob_core_inst/cpu/u_top/u_ibex_core/if_stage_i/g_instr_rdata_ra.instr_rdata_id_reg_inst/no_tmr.reg_inst/reg0/data_o[34]_i_3_n_0
    SLICE_X19Y61         LUT5 (Prop_C6LUT_SLICEL_I1_O)
                                                      0.219     8.069 r  iob_soc_memwrapper/iob_core_inst/cpu/u_top/u_ibex_core/if_stage_i/g_instr_rdata_ra.instr_rdata_id_reg_inst/no_tmr.reg_inst/reg0/data_o[34]_i_1/O
                         net (fo=10, routed)          0.746     8.815    iob_soc_memwrapper/iob_core_inst/cpu/u_top/u_ibex_core/if_stage_i/g_instr_rdata_ra.instr_rdata_id_reg_inst/no_tmr.reg_inst/reg0/mem_reg[1][9]
    SLICE_X15Y92         LUT6 (Prop_D6LUT_SLICEM_I4_O)
                                                      0.092     8.907 r  iob_soc_memwrapper/iob_core_inst/cpu/u_top/u_ibex_core/if_stage_i/g_instr_rdata_ra.instr_rdata_id_reg_inst/no_tmr.reg_inst/reg0/i___5_i_12__0/O
                         net (fo=3, routed)           0.569     9.476    iob_soc_memwrapper/iob_core_inst/cpu/u_top/u_ibex_core/ex_block_i/alu_operand_b_ex[8]
    SLICE_X14Y103        LUT3 (Prop_B6LUT_SLICEL_I1_O)
                                                      0.053     9.529 r  iob_soc_memwrapper/iob_core_inst/cpu/u_top/u_ibex_core/ex_block_i/adder_result_ext_o_carry__0_i_15/O
                         net (fo=1, routed)           0.000     9.529    iob_soc_memwrapper/iob_core_inst/cpu/u_top/u_ibex_core/ex_block_i/alu_i/data_o_reg[15][1]
    SLICE_X14Y103        CARRY8 (Prop_CARRY8_SLICEL_S[1]_CO[7])
                                                      0.408     9.937 r  iob_soc_memwrapper/iob_core_inst/cpu/u_top/u_ibex_core/ex_block_i/alu_i/adder_result_ext_o_carry__0/CO[7]
                         net (fo=1, routed)           0.030     9.967    iob_soc_memwrapper/iob_core_inst/cpu/u_top/u_ibex_core/ex_block_i/alu_i/adder_result_ext_o_carry__0_n_0
    SLICE_X14Y104        CARRY8 (Prop_CARRY8_SLICEL_CI_CO[7])
                                                      0.025     9.992 r  iob_soc_memwrapper/iob_core_inst/cpu/u_top/u_ibex_core/ex_block_i/alu_i/adder_result_ext_o_carry__1/CO[7]
                         net (fo=1, routed)           0.030    10.022    iob_soc_memwrapper/iob_core_inst/cpu/u_top/u_ibex_core/ex_block_i/alu_i/adder_result_ext_o_carry__1_n_0
    SLICE_X14Y105        CARRY8 (Prop_CARRY8_SLICEL_CI_O[0])
                                                      0.132    10.154 f  iob_soc_memwrapper/iob_core_inst/cpu/u_top/u_ibex_core/ex_block_i/alu_i/adder_result_ext_o_carry__2/O[0]
                         net (fo=88, routed)          1.394    11.548    iob_soc_memwrapper/iob_core_inst/cpu/u_top/u_ibex_core/cs_registers_i/g_pmp_registers.g_pmp_csrs[8].u_pmp_cfg_csr/rdata_reg_inst/no_tmr.reg_inst/reg0/alu_adder_result_ex_o[22]
    SLICE_X2Y139         LUT6 (Prop_G6LUT_SLICEL_I0_O)
                                                      0.166    11.714 f  iob_soc_memwrapper/iob_core_inst/cpu/u_top/u_ibex_core/cs_registers_i/g_pmp_registers.g_pmp_csrs[8].u_pmp_cfg_csr/rdata_reg_inst/no_tmr.reg_inst/reg0/core_outputs_q_reg[1][data_req]_srl2_i_141/O
                         net (fo=1, routed)           0.475    12.189    iob_soc_memwrapper/iob_core_inst/cpu/u_top/u_ibex_core/g_pmp.pmp_i/core_outputs_q_reg[1][data_req]_srl2_i_13[3]
    SLICE_X3Y139         CARRY8 (Prop_CARRY8_SLICEL_DI[3]_CO[7])
                                                      0.432    12.621 f  iob_soc_memwrapper/iob_core_inst/cpu/u_top/u_ibex_core/g_pmp.pmp_i/core_outputs_q_reg[1][data_req]_srl2_i_42/CO[7]
                         net (fo=1, routed)           0.498    13.119    iob_soc_memwrapper/iob_core_inst/cpu/u_top/u_ibex_core/cs_registers_i/g_pmp_registers.g_pmp_csrs[8].u_pmp_cfg_csr/rdata_reg_inst/no_tmr.reg_inst/reg0/core_outputs_q_reg[1][data_req]_srl2_i_55_1[0]
    SLICE_X5Y135         LUT5 (Prop_D5LUT_SLICEM_I4_O)
                                                      0.171    13.290 f  iob_soc_memwrapper/iob_core_inst/cpu/u_top/u_ibex_core/cs_registers_i/g_pmp_registers.g_pmp_csrs[8].u_pmp_cfg_csr/rdata_reg_inst/no_tmr.reg_inst/reg0/core_outputs_q_reg[1][data_req]_srl2_i_13/O
                         net (fo=5, routed)           0.712    14.002    iob_soc_memwrapper/iob_core_inst/cpu/u_top/u_ibex_core/cs_registers_i/g_pmp_registers.g_pmp_csrs[10].u_pmp_cfg_csr/rdata_reg_inst/no_tmr.reg_inst/reg0/g_access_check[2].g_regions[8].region_match_all_reg[2]_70
    SLICE_X15Y136        LUT6 (Prop_G6LUT_SLICEM_I1_O)
                                                      0.168    14.170 f  iob_soc_memwrapper/iob_core_inst/cpu/u_top/u_ibex_core/cs_registers_i/g_pmp_registers.g_pmp_csrs[10].u_pmp_cfg_csr/rdata_reg_inst/no_tmr.reg_inst/reg0/core_outputs_q_reg[1][data_req]_srl2_i_55/O
                         net (fo=4, routed)           0.095    14.265    iob_soc_memwrapper/iob_core_inst/cpu/u_top/u_ibex_core/cs_registers_i/g_pmp_registers.g_pmp_csrs[13].u_pmp_cfg_csr/rdata_reg_inst/no_tmr.reg_inst/reg0/core_outputs_q_reg[1][data_req]_srl2_i_7
    SLICE_X15Y136        LUT4 (Prop_D5LUT_SLICEM_I2_O)
                                                      0.193    14.458 f  iob_soc_memwrapper/iob_core_inst/cpu/u_top/u_ibex_core/cs_registers_i/g_pmp_registers.g_pmp_csrs[13].u_pmp_cfg_csr/rdata_reg_inst/no_tmr.reg_inst/reg0/core_outputs_q_reg[1][data_req]_srl2_i_24/O
                         net (fo=2, routed)           0.235    14.693    iob_soc_memwrapper/iob_core_inst/cpu/u_top/u_ibex_core/cs_registers_i/g_pmp_registers.g_pmp_csrs[14].u_pmp_cfg_csr/rdata_reg_inst/no_tmr.reg_inst/reg0/core_outputs_q_reg[1][data_req]_srl2_i_3
    SLICE_X16Y136        LUT3 (Prop_B6LUT_SLICEL_I1_O)
                                                      0.053    14.746 r  iob_soc_memwrapper/iob_core_inst/cpu/u_top/u_ibex_core/cs_registers_i/g_pmp_registers.g_pmp_csrs[14].u_pmp_cfg_csr/rdata_reg_inst/no_tmr.reg_inst/reg0/core_outputs_q_reg[1][data_req]_srl2_i_7/O
                         net (fo=2, routed)           0.258    15.004    iob_soc_memwrapper/iob_core_inst/cpu/u_top/u_ibex_core/cs_registers_i/g_pmp_registers.g_pmp_csrs[13].u_pmp_cfg_csr/rdata_reg_inst/no_tmr.reg_inst/reg0/data_o[0]_i_5__5
    SLICE_X15Y135        LUT5 (Prop_E6LUT_SLICEM_I1_O)
                                                      0.225    15.229 f  iob_soc_memwrapper/iob_core_inst/cpu/u_top/u_ibex_core/cs_registers_i/g_pmp_registers.g_pmp_csrs[13].u_pmp_cfg_csr/rdata_reg_inst/no_tmr.reg_inst/reg0/core_outputs_q_reg[1][data_req]_srl2_i_3/O
                         net (fo=4, routed)           0.559    15.788    iob_soc_memwrapper/iob_core_inst/cpu/u_top/u_ibex_core/cs_registers_i/g_pmp_registers.g_pmp_csrs[13].u_pmp_cfg_csr/rdata_reg_inst/no_tmr.reg_inst/reg0/core_outputs_q_reg[1][data_req]_srl2_i_10
    SLICE_X12Y118        LUT6 (Prop_H6LUT_SLICEL_I3_O)
                                                      0.089    15.877 f  iob_soc_memwrapper/iob_core_inst/cpu/u_top/u_ibex_core/cs_registers_i/g_pmp_registers.g_pmp_csrs[13].u_pmp_cfg_csr/rdata_reg_inst/no_tmr.reg_inst/reg0/data_o[0]_i_3__30/O
                         net (fo=14, routed)          0.666    16.543    iob_soc_memwrapper/iob_core_inst/iob_axi_full_xbar/iob_axi_merge_2/busy_write_reg_re/reg0/data_o_reg[0]_3
    SLICE_X8Y105         LUT4 (Prop_G6LUT_SLICEL_I0_O)
                                                      0.089    16.632 f  iob_soc_memwrapper/iob_core_inst/iob_axi_full_xbar/iob_axi_merge_2/busy_write_reg_re/reg0/data_o[0]_i_2__31/O
                         net (fo=71, routed)          0.778    17.410    iob_soc_memwrapper/iob_core_inst/iob_axi_full_xbar/iob_axi_merge_2/busy_write_reg_re/reg0/data_o_reg[0]_0
    SLICE_X3Y79          LUT4 (Prop_A6LUT_SLICEL_I0_O)
                                                      0.166    17.576 f  iob_soc_memwrapper/iob_core_inst/iob_axi_full_xbar/iob_axi_merge_2/busy_write_reg_re/reg0/FSM_sequential_w_state_reg[0]_i_3/O
                         net (fo=3, routed)           0.232    17.808    iob_soc_memwrapper/iob_core_inst/periphs_axi2iob/s_axi_wready_reg_reg_0
    SLICE_X2Y79          LUT3 (Prop_C6LUT_SLICEL_I0_O)
                                                      0.088    17.896 r  iob_soc_memwrapper/iob_core_inst/periphs_axi2iob/m_axil_wstrb_reg[3]_i_1__0/O
                         net (fo=33, routed)          0.279    18.175    iob_soc_memwrapper/iob_core_inst/periphs_axi2iob/m_axil_wdata_next
    SLICE_X2Y79          LUT4 (Prop_C5LUT_SLICEL_I3_O)
                                                      0.243    18.418 r  iob_soc_memwrapper/iob_core_inst/periphs_axi2iob/w_burst_reg[7]_i_1__0/O
                         net (fo=37, routed)          0.727    19.145    iob_soc_memwrapper/iob_core_inst/periphs_axi2iob/w_burst_reg[7]_i_1__0_n_0
    SLICE_X4Y76          FDCE                                         r  iob_soc_memwrapper/iob_core_inst/periphs_axi2iob/w_addr_reg_reg[3]/CE
  -------------------------------------------------------------------    -------------------

                         (clock clk_out1_clock_wizard rise edge)
                                                     17.000    17.000 r  
    H22                                               0.000    17.000 r  c0_sys_clk_clk_p_i (IN)
                         net (fo=0)                   0.000    17.000    clk_250_to_100_MHz/clock_wizard_inst/clkin1_ibufds/I
    HPIOBDIFFINBUF_X0Y36 DIFFINBUF (Prop_DIFFINBUF_HPIOBDIFFINBUF_DIFF_IN_P_O)
                                                      0.374    17.374 r  clk_250_to_100_MHz/clock_wizard_inst/clkin1_ibufds/DIFFINBUF_INST/O
                         net (fo=1, routed)           0.055    17.429    clk_250_to_100_MHz/clock_wizard_inst/clkin1_ibufds/OUT
    H22                  IBUFCTRL (Prop_IBUFCTRL_HPIOB_I_O)
                                                      0.000    17.429 r  clk_250_to_100_MHz/clock_wizard_inst/clkin1_ibufds/IBUFCTRL_INST/O
                         net (fo=1, routed)           0.981    18.410    clk_250_to_100_MHz/clock_wizard_inst/clk_in1_clock_wizard
    PLLE3_ADV_X0Y3       PLLE3_ADV (Prop_PLLE3_ADV_CLKIN_CLKOUT0)
                                                      0.250    18.660 r  clk_250_to_100_MHz/clock_wizard_inst/plle3_adv_inst/CLKOUT0
                         net (fo=1, routed)           0.451    19.111    clk_250_to_100_MHz/clock_wizard_inst/clk_out1_clock_wizard
    BUFGCE_X0Y47         BUFGCE (Prop_BUFCE_BUFGCE_I_O)
                                                      0.091    19.202 r  clk_250_to_100_MHz/clock_wizard_inst/clkout1_buf/O
    X0Y1 (CLOCK_ROOT)    net (fo=9788, routed)        1.945    21.147    iob_soc_memwrapper/iob_core_inst/periphs_axi2iob/clk
    SLICE_X4Y76          FDCE                                         r  iob_soc_memwrapper/iob_core_inst/periphs_axi2iob/w_addr_reg_reg[3]/C
                         clock pessimism              0.383    21.530    
                         clock uncertainty           -0.069    21.461    
    SLICE_X4Y76          FDCE (Setup_DFF_SLICEM_C_CE)
                                                     -0.054    21.407    iob_soc_memwrapper/iob_core_inst/periphs_axi2iob/w_addr_reg_reg[3]
  -------------------------------------------------------------------
                         required time                         21.407    
                         arrival time                         -19.145    
  -------------------------------------------------------------------
                         slack                                  2.262    

Slack (MET) :             2.262ns  (required time - arrival time)
  Source:                 iob_soc_memwrapper/iob_core_inst/cpu/u_top/u_ibex_core/if_stage_i/g_instr_rdata_ra.instr_rdata_id_reg_inst/no_tmr.reg_inst/reg0/data_o_reg[22]/C
                            (rising edge-triggered cell FDRE clocked by clk_out1_clock_wizard  {rise@0.000ns fall@8.500ns period=17.000ns})
  Destination:            iob_soc_memwrapper/iob_core_inst/periphs_axi2iob/w_addr_reg_reg[4]/CE
                            (rising edge-triggered cell FDCE clocked by clk_out1_clock_wizard  {rise@0.000ns fall@8.500ns period=17.000ns})
  Path Group:             clk_out1_clock_wizard
  Path Type:              Setup (Max at Slow Process Corner)
  Requirement:            17.000ns  (clk_out1_clock_wizard rise@17.000ns - clk_out1_clock_wizard rise@0.000ns)
  Data Path Delay:        14.414ns  (logic 3.890ns (26.988%)  route 10.524ns (73.012%))
  Logic Levels:           22  (CARRY8=4 LUT3=3 LUT4=5 LUT5=4 LUT6=6)
  Clock Path Skew:        -0.201ns (DCD - SCD + CPR)
    Destination Clock Delay (DCD):    4.147ns = ( 21.147 - 17.000 ) 
    Source Clock Delay      (SCD):    4.731ns
    Clock Pessimism Removal (CPR):    0.383ns
  Clock Uncertainty:      0.069ns  ((TSJ^2 + DJ^2)^1/2) / 2 + PE
    Total System Jitter     (TSJ):    0.071ns
    Discrete Jitter          (DJ):    0.119ns
    Phase Error              (PE):    0.000ns
  Clock Net Delay (Source):      2.291ns (routing 0.396ns, distribution 1.895ns)
  Clock Net Delay (Destination): 1.945ns (routing 0.365ns, distribution 1.580ns)

    Location             Delay type                Incr(ns)  Path(ns)    Netlist Resource(s)
  -------------------------------------------------------------------    -------------------
                         (clock clk_out1_clock_wizard rise edge)
                                                      0.000     0.000 r  
    H22                                               0.000     0.000 r  c0_sys_clk_clk_p_i (IN)
                         net (fo=0)                   0.000     0.000    clk_250_to_100_MHz/clock_wizard_inst/clkin1_ibufds/I
    HPIOBDIFFINBUF_X0Y36 DIFFINBUF (Prop_DIFFINBUF_HPIOBDIFFINBUF_DIFF_IN_P_O)
                                                      0.556     0.556 r  clk_250_to_100_MHz/clock_wizard_inst/clkin1_ibufds/DIFFINBUF_INST/O
                         net (fo=1, routed)           0.104     0.660    clk_250_to_100_MHz/clock_wizard_inst/clkin1_ibufds/OUT
    H22                  IBUFCTRL (Prop_IBUFCTRL_HPIOB_I_O)
                                                      0.000     0.660 r  clk_250_to_100_MHz/clock_wizard_inst/clkin1_ibufds/IBUFCTRL_INST/O
                         net (fo=1, routed)           1.082     1.742    clk_250_to_100_MHz/clock_wizard_inst/clk_in1_clock_wizard
    PLLE3_ADV_X0Y3       PLLE3_ADV (Prop_PLLE3_ADV_CLKIN_CLKOUT0)
                                                      0.068     1.810 r  clk_250_to_100_MHz/clock_wizard_inst/plle3_adv_inst/CLKOUT0
                         net (fo=1, routed)           0.529     2.339    clk_250_to_100_MHz/clock_wizard_inst/clk_out1_clock_wizard
    BUFGCE_X0Y47         BUFGCE (Prop_BUFCE_BUFGCE_I_O)
                                                      0.101     2.440 r  clk_250_to_100_MHz/clock_wizard_inst/clkout1_buf/O
    X0Y1 (CLOCK_ROOT)    net (fo=9788, routed)        2.291     4.731    iob_soc_memwrapper/iob_core_inst/cpu/u_top/u_ibex_core/if_stage_i/g_instr_rdata_ra.instr_rdata_id_reg_inst/no_tmr.reg_inst/reg0/clk
    SLICE_X15Y80         FDRE                                         r  iob_soc_memwrapper/iob_core_inst/cpu/u_top/u_ibex_core/if_stage_i/g_instr_rdata_ra.instr_rdata_id_reg_inst/no_tmr.reg_inst/reg0/data_o_reg[22]/C
  -------------------------------------------------------------------    -------------------
    SLICE_X15Y80         FDRE (Prop_CFF_SLICEM_C_Q)
                                                      0.138     4.869 r  iob_soc_memwrapper/iob_core_inst/cpu/u_top/u_ibex_core/if_stage_i/g_instr_rdata_ra.instr_rdata_id_reg_inst/no_tmr.reg_inst/reg0/data_o_reg[22]/Q
                         net (fo=46, routed)          0.545     5.414    iob_soc_memwrapper/iob_core_inst/cpu/u_top/gen_regfile_fpga.register_file_i/gen_rdata_mux_check.u_prim_onehot_enc_raddr_b/rf_raddr_b[2]
    SLICE_X14Y71         LUT5 (Prop_D5LUT_SLICEL_I1_O)
                                                      0.260     5.674 r  iob_soc_memwrapper/iob_core_inst/cpu/u_top/gen_regfile_fpga.register_file_i/gen_rdata_mux_check.u_prim_onehot_enc_raddr_b/data_o[63]_i_39/O
                         net (fo=39, routed)          0.791     6.465    iob_soc_memwrapper/iob_core_inst/cpu/u_top/u_ibex_core/if_stage_i/g_instr_rdata_ra.instr_rdata_id_reg_inst/no_tmr.reg_inst/reg0/gen_rdata_mux_check.raddr_onehot_b[15]
    SLICE_X12Y58         LUT4 (Prop_G6LUT_SLICEL_I2_O)
                                                      0.089     6.554 r  iob_soc_memwrapper/iob_core_inst/cpu/u_top/u_ibex_core/if_stage_i/g_instr_rdata_ra.instr_rdata_id_reg_inst/no_tmr.reg_inst/reg0/data_o[34]_i_13/O
                         net (fo=1, routed)           0.241     6.795    iob_soc_memwrapper/iob_core_inst/cpu/u_top/u_ibex_core/if_stage_i/g_instr_rdata_ra.instr_rdata_id_reg_inst/no_tmr.reg_inst/reg0/data_o[34]_i_13_n_0
    SLICE_X12Y58         LUT6 (Prop_H6LUT_SLICEL_I0_O)
                                                      0.218     7.013 r  iob_soc_memwrapper/iob_core_inst/cpu/u_top/u_ibex_core/if_stage_i/g_instr_rdata_ra.instr_rdata_id_reg_inst/no_tmr.reg_inst/reg0/data_o[34]_i_8/O
                         net (fo=1, routed)           0.398     7.411    iob_soc_memwrapper/iob_core_inst/cpu/u_top/u_ibex_core/if_stage_i/g_instr_rdata_ra.instr_rdata_id_reg_inst/no_tmr.reg_inst/reg0/data_o[34]_i_8_n_0
    SLICE_X18Y59         LUT6 (Prop_H6LUT_SLICEM_I5_O)
                                                      0.173     7.584 r  iob_soc_memwrapper/iob_core_inst/cpu/u_top/u_ibex_core/if_stage_i/g_instr_rdata_ra.instr_rdata_id_reg_inst/no_tmr.reg_inst/reg0/data_o[34]_i_3/O
                         net (fo=1, routed)           0.266     7.850    iob_soc_memwrapper/iob_core_inst/cpu/u_top/u_ibex_core/if_stage_i/g_instr_rdata_ra.instr_rdata_id_reg_inst/no_tmr.reg_inst/reg0/data_o[34]_i_3_n_0
    SLICE_X19Y61         LUT5 (Prop_C6LUT_SLICEL_I1_O)
                                                      0.219     8.069 r  iob_soc_memwrapper/iob_core_inst/cpu/u_top/u_ibex_core/if_stage_i/g_instr_rdata_ra.instr_rdata_id_reg_inst/no_tmr.reg_inst/reg0/data_o[34]_i_1/O
                         net (fo=10, routed)          0.746     8.815    iob_soc_memwrapper/iob_core_inst/cpu/u_top/u_ibex_core/if_stage_i/g_instr_rdata_ra.instr_rdata_id_reg_inst/no_tmr.reg_inst/reg0/mem_reg[1][9]
    SLICE_X15Y92         LUT6 (Prop_D6LUT_SLICEM_I4_O)
                                                      0.092     8.907 r  iob_soc_memwrapper/iob_core_inst/cpu/u_top/u_ibex_core/if_stage_i/g_instr_rdata_ra.instr_rdata_id_reg_inst/no_tmr.reg_inst/reg0/i___5_i_12__0/O
                         net (fo=3, routed)           0.569     9.476    iob_soc_memwrapper/iob_core_inst/cpu/u_top/u_ibex_core/ex_block_i/alu_operand_b_ex[8]
    SLICE_X14Y103        LUT3 (Prop_B6LUT_SLICEL_I1_O)
                                                      0.053     9.529 r  iob_soc_memwrapper/iob_core_inst/cpu/u_top/u_ibex_core/ex_block_i/adder_result_ext_o_carry__0_i_15/O
                         net (fo=1, routed)           0.000     9.529    iob_soc_memwrapper/iob_core_inst/cpu/u_top/u_ibex_core/ex_block_i/alu_i/data_o_reg[15][1]
    SLICE_X14Y103        CARRY8 (Prop_CARRY8_SLICEL_S[1]_CO[7])
                                                      0.408     9.937 r  iob_soc_memwrapper/iob_core_inst/cpu/u_top/u_ibex_core/ex_block_i/alu_i/adder_result_ext_o_carry__0/CO[7]
                         net (fo=1, routed)           0.030     9.967    iob_soc_memwrapper/iob_core_inst/cpu/u_top/u_ibex_core/ex_block_i/alu_i/adder_result_ext_o_carry__0_n_0
    SLICE_X14Y104        CARRY8 (Prop_CARRY8_SLICEL_CI_CO[7])
                                                      0.025     9.992 r  iob_soc_memwrapper/iob_core_inst/cpu/u_top/u_ibex_core/ex_block_i/alu_i/adder_result_ext_o_carry__1/CO[7]
                         net (fo=1, routed)           0.030    10.022    iob_soc_memwrapper/iob_core_inst/cpu/u_top/u_ibex_core/ex_block_i/alu_i/adder_result_ext_o_carry__1_n_0
    SLICE_X14Y105        CARRY8 (Prop_CARRY8_SLICEL_CI_O[0])
                                                      0.132    10.154 f  iob_soc_memwrapper/iob_core_inst/cpu/u_top/u_ibex_core/ex_block_i/alu_i/adder_result_ext_o_carry__2/O[0]
                         net (fo=88, routed)          1.394    11.548    iob_soc_memwrapper/iob_core_inst/cpu/u_top/u_ibex_core/cs_registers_i/g_pmp_registers.g_pmp_csrs[8].u_pmp_cfg_csr/rdata_reg_inst/no_tmr.reg_inst/reg0/alu_adder_result_ex_o[22]
    SLICE_X2Y139         LUT6 (Prop_G6LUT_SLICEL_I0_O)
                                                      0.166    11.714 f  iob_soc_memwrapper/iob_core_inst/cpu/u_top/u_ibex_core/cs_registers_i/g_pmp_registers.g_pmp_csrs[8].u_pmp_cfg_csr/rdata_reg_inst/no_tmr.reg_inst/reg0/core_outputs_q_reg[1][data_req]_srl2_i_141/O
                         net (fo=1, routed)           0.475    12.189    iob_soc_memwrapper/iob_core_inst/cpu/u_top/u_ibex_core/g_pmp.pmp_i/core_outputs_q_reg[1][data_req]_srl2_i_13[3]
    SLICE_X3Y139         CARRY8 (Prop_CARRY8_SLICEL_DI[3]_CO[7])
                                                      0.432    12.621 f  iob_soc_memwrapper/iob_core_inst/cpu/u_top/u_ibex_core/g_pmp.pmp_i/core_outputs_q_reg[1][data_req]_srl2_i_42/CO[7]
                         net (fo=1, routed)           0.498    13.119    iob_soc_memwrapper/iob_core_inst/cpu/u_top/u_ibex_core/cs_registers_i/g_pmp_registers.g_pmp_csrs[8].u_pmp_cfg_csr/rdata_reg_inst/no_tmr.reg_inst/reg0/core_outputs_q_reg[1][data_req]_srl2_i_55_1[0]
    SLICE_X5Y135         LUT5 (Prop_D5LUT_SLICEM_I4_O)
                                                      0.171    13.290 f  iob_soc_memwrapper/iob_core_inst/cpu/u_top/u_ibex_core/cs_registers_i/g_pmp_registers.g_pmp_csrs[8].u_pmp_cfg_csr/rdata_reg_inst/no_tmr.reg_inst/reg0/core_outputs_q_reg[1][data_req]_srl2_i_13/O
                         net (fo=5, routed)           0.712    14.002    iob_soc_memwrapper/iob_core_inst/cpu/u_top/u_ibex_core/cs_registers_i/g_pmp_registers.g_pmp_csrs[10].u_pmp_cfg_csr/rdata_reg_inst/no_tmr.reg_inst/reg0/g_access_check[2].g_regions[8].region_match_all_reg[2]_70
    SLICE_X15Y136        LUT6 (Prop_G6LUT_SLICEM_I1_O)
                                                      0.168    14.170 f  iob_soc_memwrapper/iob_core_inst/cpu/u_top/u_ibex_core/cs_registers_i/g_pmp_registers.g_pmp_csrs[10].u_pmp_cfg_csr/rdata_reg_inst/no_tmr.reg_inst/reg0/core_outputs_q_reg[1][data_req]_srl2_i_55/O
                         net (fo=4, routed)           0.095    14.265    iob_soc_memwrapper/iob_core_inst/cpu/u_top/u_ibex_core/cs_registers_i/g_pmp_registers.g_pmp_csrs[13].u_pmp_cfg_csr/rdata_reg_inst/no_tmr.reg_inst/reg0/core_outputs_q_reg[1][data_req]_srl2_i_7
    SLICE_X15Y136        LUT4 (Prop_D5LUT_SLICEM_I2_O)
                                                      0.193    14.458 f  iob_soc_memwrapper/iob_core_inst/cpu/u_top/u_ibex_core/cs_registers_i/g_pmp_registers.g_pmp_csrs[13].u_pmp_cfg_csr/rdata_reg_inst/no_tmr.reg_inst/reg0/core_outputs_q_reg[1][data_req]_srl2_i_24/O
                         net (fo=2, routed)           0.235    14.693    iob_soc_memwrapper/iob_core_inst/cpu/u_top/u_ibex_core/cs_registers_i/g_pmp_registers.g_pmp_csrs[14].u_pmp_cfg_csr/rdata_reg_inst/no_tmr.reg_inst/reg0/core_outputs_q_reg[1][data_req]_srl2_i_3
    SLICE_X16Y136        LUT3 (Prop_B6LUT_SLICEL_I1_O)
                                                      0.053    14.746 r  iob_soc_memwrapper/iob_core_inst/cpu/u_top/u_ibex_core/cs_registers_i/g_pmp_registers.g_pmp_csrs[14].u_pmp_cfg_csr/rdata_reg_inst/no_tmr.reg_inst/reg0/core_outputs_q_reg[1][data_req]_srl2_i_7/O
                         net (fo=2, routed)           0.258    15.004    iob_soc_memwrapper/iob_core_inst/cpu/u_top/u_ibex_core/cs_registers_i/g_pmp_registers.g_pmp_csrs[13].u_pmp_cfg_csr/rdata_reg_inst/no_tmr.reg_inst/reg0/data_o[0]_i_5__5
    SLICE_X15Y135        LUT5 (Prop_E6LUT_SLICEM_I1_O)
                                                      0.225    15.229 f  iob_soc_memwrapper/iob_core_inst/cpu/u_top/u_ibex_core/cs_registers_i/g_pmp_registers.g_pmp_csrs[13].u_pmp_cfg_csr/rdata_reg_inst/no_tmr.reg_inst/reg0/core_outputs_q_reg[1][data_req]_srl2_i_3/O
                         net (fo=4, routed)           0.559    15.788    iob_soc_memwrapper/iob_core_inst/cpu/u_top/u_ibex_core/cs_registers_i/g_pmp_registers.g_pmp_csrs[13].u_pmp_cfg_csr/rdata_reg_inst/no_tmr.reg_inst/reg0/core_outputs_q_reg[1][data_req]_srl2_i_10
    SLICE_X12Y118        LUT6 (Prop_H6LUT_SLICEL_I3_O)
                                                      0.089    15.877 f  iob_soc_memwrapper/iob_core_inst/cpu/u_top/u_ibex_core/cs_registers_i/g_pmp_registers.g_pmp_csrs[13].u_pmp_cfg_csr/rdata_reg_inst/no_tmr.reg_inst/reg0/data_o[0]_i_3__30/O
                         net (fo=14, routed)          0.666    16.543    iob_soc_memwrapper/iob_core_inst/iob_axi_full_xbar/iob_axi_merge_2/busy_write_reg_re/reg0/data_o_reg[0]_3
    SLICE_X8Y105         LUT4 (Prop_G6LUT_SLICEL_I0_O)
                                                      0.089    16.632 f  iob_soc_memwrapper/iob_core_inst/iob_axi_full_xbar/iob_axi_merge_2/busy_write_reg_re/reg0/data_o[0]_i_2__31/O
                         net (fo=71, routed)          0.778    17.410    iob_soc_memwrapper/iob_core_inst/iob_axi_full_xbar/iob_axi_merge_2/busy_write_reg_re/reg0/data_o_reg[0]_0
    SLICE_X3Y79          LUT4 (Prop_A6LUT_SLICEL_I0_O)
                                                      0.166    17.576 f  iob_soc_memwrapper/iob_core_inst/iob_axi_full_xbar/iob_axi_merge_2/busy_write_reg_re/reg0/FSM_sequential_w_state_reg[0]_i_3/O
                         net (fo=3, routed)           0.232    17.808    iob_soc_memwrapper/iob_core_inst/periphs_axi2iob/s_axi_wready_reg_reg_0
    SLICE_X2Y79          LUT3 (Prop_C6LUT_SLICEL_I0_O)
                                                      0.088    17.896 r  iob_soc_memwrapper/iob_core_inst/periphs_axi2iob/m_axil_wstrb_reg[3]_i_1__0/O
                         net (fo=33, routed)          0.279    18.175    iob_soc_memwrapper/iob_core_inst/periphs_axi2iob/m_axil_wdata_next
    SLICE_X2Y79          LUT4 (Prop_C5LUT_SLICEL_I3_O)
                                                      0.243    18.418 r  iob_soc_memwrapper/iob_core_inst/periphs_axi2iob/w_burst_reg[7]_i_1__0/O
                         net (fo=37, routed)          0.727    19.145    iob_soc_memwrapper/iob_core_inst/periphs_axi2iob/w_burst_reg[7]_i_1__0_n_0
    SLICE_X4Y76          FDCE                                         r  iob_soc_memwrapper/iob_core_inst/periphs_axi2iob/w_addr_reg_reg[4]/CE
  -------------------------------------------------------------------    -------------------

                         (clock clk_out1_clock_wizard rise edge)
                                                     17.000    17.000 r  
    H22                                               0.000    17.000 r  c0_sys_clk_clk_p_i (IN)
                         net (fo=0)                   0.000    17.000    clk_250_to_100_MHz/clock_wizard_inst/clkin1_ibufds/I
    HPIOBDIFFINBUF_X0Y36 DIFFINBUF (Prop_DIFFINBUF_HPIOBDIFFINBUF_DIFF_IN_P_O)
                                                      0.374    17.374 r  clk_250_to_100_MHz/clock_wizard_inst/clkin1_ibufds/DIFFINBUF_INST/O
                         net (fo=1, routed)           0.055    17.429    clk_250_to_100_MHz/clock_wizard_inst/clkin1_ibufds/OUT
    H22                  IBUFCTRL (Prop_IBUFCTRL_HPIOB_I_O)
                                                      0.000    17.429 r  clk_250_to_100_MHz/clock_wizard_inst/clkin1_ibufds/IBUFCTRL_INST/O
                         net (fo=1, routed)           0.981    18.410    clk_250_to_100_MHz/clock_wizard_inst/clk_in1_clock_wizard
    PLLE3_ADV_X0Y3       PLLE3_ADV (Prop_PLLE3_ADV_CLKIN_CLKOUT0)
                                                      0.250    18.660 r  clk_250_to_100_MHz/clock_wizard_inst/plle3_adv_inst/CLKOUT0
                         net (fo=1, routed)           0.451    19.111    clk_250_to_100_MHz/clock_wizard_inst/clk_out1_clock_wizard
    BUFGCE_X0Y47         BUFGCE (Prop_BUFCE_BUFGCE_I_O)
                                                      0.091    19.202 r  clk_250_to_100_MHz/clock_wizard_inst/clkout1_buf/O
    X0Y1 (CLOCK_ROOT)    net (fo=9788, routed)        1.945    21.147    iob_soc_memwrapper/iob_core_inst/periphs_axi2iob/clk
    SLICE_X4Y76          FDCE                                         r  iob_soc_memwrapper/iob_core_inst/periphs_axi2iob/w_addr_reg_reg[4]/C
                         clock pessimism              0.383    21.530    
                         clock uncertainty           -0.069    21.461    
    SLICE_X4Y76          FDCE (Setup_CFF_SLICEM_C_CE)
                                                     -0.054    21.407    iob_soc_memwrapper/iob_core_inst/periphs_axi2iob/w_addr_reg_reg[4]
  -------------------------------------------------------------------
                         required time                         21.407    
                         arrival time                         -19.145    
  -------------------------------------------------------------------
                         slack                                  2.262    

Slack (MET) :             2.315ns  (required time - arrival time)
  Source:                 iob_soc_memwrapper/iob_core_inst/cpu/u_top/u_ibex_core/if_stage_i/g_instr_rdata_ra.instr_rdata_id_reg_inst/no_tmr.reg_inst/reg0/data_o_reg[22]/C
                            (rising edge-triggered cell FDRE clocked by clk_out1_clock_wizard  {rise@0.000ns fall@8.500ns period=17.000ns})
  Destination:            iob_soc_memwrapper/iob_core_inst/periphs_axi2iob/w_burst_reg_reg[7]/CE
                            (rising edge-triggered cell FDCE clocked by clk_out1_clock_wizard  {rise@0.000ns fall@8.500ns period=17.000ns})
  Path Group:             clk_out1_clock_wizard
  Path Type:              Setup (Max at Slow Process Corner)
  Requirement:            17.000ns  (clk_out1_clock_wizard rise@17.000ns - clk_out1_clock_wizard rise@0.000ns)
  Data Path Delay:        14.327ns  (logic 3.890ns (27.152%)  route 10.437ns (72.848%))
  Logic Levels:           22  (CARRY8=4 LUT3=3 LUT4=5 LUT5=4 LUT6=6)
  Clock Path Skew:        -0.234ns (DCD - SCD + CPR)
    Destination Clock Delay (DCD):    4.114ns = ( 21.114 - 17.000 ) 
    Source Clock Delay      (SCD):    4.731ns
    Clock Pessimism Removal (CPR):    0.383ns
  Clock Uncertainty:      0.069ns  ((TSJ^2 + DJ^2)^1/2) / 2 + PE
    Total System Jitter     (TSJ):    0.071ns
    Discrete Jitter          (DJ):    0.119ns
    Phase Error              (PE):    0.000ns
  Clock Net Delay (Source):      2.291ns (routing 0.396ns, distribution 1.895ns)
  Clock Net Delay (Destination): 1.912ns (routing 0.365ns, distribution 1.547ns)

    Location             Delay type                Incr(ns)  Path(ns)    Netlist Resource(s)
  -------------------------------------------------------------------    -------------------
                         (clock clk_out1_clock_wizard rise edge)
                                                      0.000     0.000 r  
    H22                                               0.000     0.000 r  c0_sys_clk_clk_p_i (IN)
                         net (fo=0)                   0.000     0.000    clk_250_to_100_MHz/clock_wizard_inst/clkin1_ibufds/I
    HPIOBDIFFINBUF_X0Y36 DIFFINBUF (Prop_DIFFINBUF_HPIOBDIFFINBUF_DIFF_IN_P_O)
                                                      0.556     0.556 r  clk_250_to_100_MHz/clock_wizard_inst/clkin1_ibufds/DIFFINBUF_INST/O
                         net (fo=1, routed)           0.104     0.660    clk_250_to_100_MHz/clock_wizard_inst/clkin1_ibufds/OUT
    H22                  IBUFCTRL (Prop_IBUFCTRL_HPIOB_I_O)
                                                      0.000     0.660 r  clk_250_to_100_MHz/clock_wizard_inst/clkin1_ibufds/IBUFCTRL_INST/O
                         net (fo=1, routed)           1.082     1.742    clk_250_to_100_MHz/clock_wizard_inst/clk_in1_clock_wizard
    PLLE3_ADV_X0Y3       PLLE3_ADV (Prop_PLLE3_ADV_CLKIN_CLKOUT0)
                                                      0.068     1.810 r  clk_250_to_100_MHz/clock_wizard_inst/plle3_adv_inst/CLKOUT0
                         net (fo=1, routed)           0.529     2.339    clk_250_to_100_MHz/clock_wizard_inst/clk_out1_clock_wizard
    BUFGCE_X0Y47         BUFGCE (Prop_BUFCE_BUFGCE_I_O)
                                                      0.101     2.440 r  clk_250_to_100_MHz/clock_wizard_inst/clkout1_buf/O
    X0Y1 (CLOCK_ROOT)    net (fo=9788, routed)        2.291     4.731    iob_soc_memwrapper/iob_core_inst/cpu/u_top/u_ibex_core/if_stage_i/g_instr_rdata_ra.instr_rdata_id_reg_inst/no_tmr.reg_inst/reg0/clk
    SLICE_X15Y80         FDRE                                         r  iob_soc_memwrapper/iob_core_inst/cpu/u_top/u_ibex_core/if_stage_i/g_instr_rdata_ra.instr_rdata_id_reg_inst/no_tmr.reg_inst/reg0/data_o_reg[22]/C
  -------------------------------------------------------------------    -------------------
    SLICE_X15Y80         FDRE (Prop_CFF_SLICEM_C_Q)
                                                      0.138     4.869 r  iob_soc_memwrapper/iob_core_inst/cpu/u_top/u_ibex_core/if_stage_i/g_instr_rdata_ra.instr_rdata_id_reg_inst/no_tmr.reg_inst/reg0/data_o_reg[22]/Q
                         net (fo=46, routed)          0.545     5.414    iob_soc_memwrapper/iob_core_inst/cpu/u_top/gen_regfile_fpga.register_file_i/gen_rdata_mux_check.u_prim_onehot_enc_raddr_b/rf_raddr_b[2]
    SLICE_X14Y71         LUT5 (Prop_D5LUT_SLICEL_I1_O)
                                                      0.260     5.674 r  iob_soc_memwrapper/iob_core_inst/cpu/u_top/gen_regfile_fpga.register_file_i/gen_rdata_mux_check.u_prim_onehot_enc_raddr_b/data_o[63]_i_39/O
                         net (fo=39, routed)          0.791     6.465    iob_soc_memwrapper/iob_core_inst/cpu/u_top/u_ibex_core/if_stage_i/g_instr_rdata_ra.instr_rdata_id_reg_inst/no_tmr.reg_inst/reg0/gen_rdata_mux_check.raddr_onehot_b[15]
    SLICE_X12Y58         LUT4 (Prop_G6LUT_SLICEL_I2_O)
                                                      0.089     6.554 r  iob_soc_memwrapper/iob_core_inst/cpu/u_top/u_ibex_core/if_stage_i/g_instr_rdata_ra.instr_rdata_id_reg_inst/no_tmr.reg_inst/reg0/data_o[34]_i_13/O
                         net (fo=1, routed)           0.241     6.795    iob_soc_memwrapper/iob_core_inst/cpu/u_top/u_ibex_core/if_stage_i/g_instr_rdata_ra.instr_rdata_id_reg_inst/no_tmr.reg_inst/reg0/data_o[34]_i_13_n_0
    SLICE_X12Y58         LUT6 (Prop_H6LUT_SLICEL_I0_O)
                                                      0.218     7.013 r  iob_soc_memwrapper/iob_core_inst/cpu/u_top/u_ibex_core/if_stage_i/g_instr_rdata_ra.instr_rdata_id_reg_inst/no_tmr.reg_inst/reg0/data_o[34]_i_8/O
                         net (fo=1, routed)           0.398     7.411    iob_soc_memwrapper/iob_core_inst/cpu/u_top/u_ibex_core/if_stage_i/g_instr_rdata_ra.instr_rdata_id_reg_inst/no_tmr.reg_inst/reg0/data_o[34]_i_8_n_0
    SLICE_X18Y59         LUT6 (Prop_H6LUT_SLICEM_I5_O)
                                                      0.173     7.584 r  iob_soc_memwrapper/iob_core_inst/cpu/u_top/u_ibex_core/if_stage_i/g_instr_rdata_ra.instr_rdata_id_reg_inst/no_tmr.reg_inst/reg0/data_o[34]_i_3/O
                         net (fo=1, routed)           0.266     7.850    iob_soc_memwrapper/iob_core_inst/cpu/u_top/u_ibex_core/if_stage_i/g_instr_rdata_ra.instr_rdata_id_reg_inst/no_tmr.reg_inst/reg0/data_o[34]_i_3_n_0
    SLICE_X19Y61         LUT5 (Prop_C6LUT_SLICEL_I1_O)
                                                      0.219     8.069 r  iob_soc_memwrapper/iob_core_inst/cpu/u_top/u_ibex_core/if_stage_i/g_instr_rdata_ra.instr_rdata_id_reg_inst/no_tmr.reg_inst/reg0/data_o[34]_i_1/O
                         net (fo=10, routed)          0.746     8.815    iob_soc_memwrapper/iob_core_inst/cpu/u_top/u_ibex_core/if_stage_i/g_instr_rdata_ra.instr_rdata_id_reg_inst/no_tmr.reg_inst/reg0/mem_reg[1][9]
    SLICE_X15Y92         LUT6 (Prop_D6LUT_SLICEM_I4_O)
                                                      0.092     8.907 r  iob_soc_memwrapper/iob_core_inst/cpu/u_top/u_ibex_core/if_stage_i/g_instr_rdata_ra.instr_rdata_id_reg_inst/no_tmr.reg_inst/reg0/i___5_i_12__0/O
                         net (fo=3, routed)           0.569     9.476    iob_soc_memwrapper/iob_core_inst/cpu/u_top/u_ibex_core/ex_block_i/alu_operand_b_ex[8]
    SLICE_X14Y103        LUT3 (Prop_B6LUT_SLICEL_I1_O)
                                                      0.053     9.529 r  iob_soc_memwrapper/iob_core_inst/cpu/u_top/u_ibex_core/ex_block_i/adder_result_ext_o_carry__0_i_15/O
                         net (fo=1, routed)           0.000     9.529    iob_soc_memwrapper/iob_core_inst/cpu/u_top/u_ibex_core/ex_block_i/alu_i/data_o_reg[15][1]
    SLICE_X14Y103        CARRY8 (Prop_CARRY8_SLICEL_S[1]_CO[7])
                                                      0.408     9.937 r  iob_soc_memwrapper/iob_core_inst/cpu/u_top/u_ibex_core/ex_block_i/alu_i/adder_result_ext_o_carry__0/CO[7]
                         net (fo=1, routed)           0.030     9.967    iob_soc_memwrapper/iob_core_inst/cpu/u_top/u_ibex_core/ex_block_i/alu_i/adder_result_ext_o_carry__0_n_0
    SLICE_X14Y104        CARRY8 (Prop_CARRY8_SLICEL_CI_CO[7])
                                                      0.025     9.992 r  iob_soc_memwrapper/iob_core_inst/cpu/u_top/u_ibex_core/ex_block_i/alu_i/adder_result_ext_o_carry__1/CO[7]
                         net (fo=1, routed)           0.030    10.022    iob_soc_memwrapper/iob_core_inst/cpu/u_top/u_ibex_core/ex_block_i/alu_i/adder_result_ext_o_carry__1_n_0
    SLICE_X14Y105        CARRY8 (Prop_CARRY8_SLICEL_CI_O[0])
                                                      0.132    10.154 f  iob_soc_memwrapper/iob_core_inst/cpu/u_top/u_ibex_core/ex_block_i/alu_i/adder_result_ext_o_carry__2/O[0]
                         net (fo=88, routed)          1.394    11.548    iob_soc_memwrapper/iob_core_inst/cpu/u_top/u_ibex_core/cs_registers_i/g_pmp_registers.g_pmp_csrs[8].u_pmp_cfg_csr/rdata_reg_inst/no_tmr.reg_inst/reg0/alu_adder_result_ex_o[22]
    SLICE_X2Y139         LUT6 (Prop_G6LUT_SLICEL_I0_O)
                                                      0.166    11.714 f  iob_soc_memwrapper/iob_core_inst/cpu/u_top/u_ibex_core/cs_registers_i/g_pmp_registers.g_pmp_csrs[8].u_pmp_cfg_csr/rdata_reg_inst/no_tmr.reg_inst/reg0/core_outputs_q_reg[1][data_req]_srl2_i_141/O
                         net (fo=1, routed)           0.475    12.189    iob_soc_memwrapper/iob_core_inst/cpu/u_top/u_ibex_core/g_pmp.pmp_i/core_outputs_q_reg[1][data_req]_srl2_i_13[3]
    SLICE_X3Y139         CARRY8 (Prop_CARRY8_SLICEL_DI[3]_CO[7])
                                                      0.432    12.621 f  iob_soc_memwrapper/iob_core_inst/cpu/u_top/u_ibex_core/g_pmp.pmp_i/core_outputs_q_reg[1][data_req]_srl2_i_42/CO[7]
                         net (fo=1, routed)           0.498    13.119    iob_soc_memwrapper/iob_core_inst/cpu/u_top/u_ibex_core/cs_registers_i/g_pmp_registers.g_pmp_csrs[8].u_pmp_cfg_csr/rdata_reg_inst/no_tmr.reg_inst/reg0/core_outputs_q_reg[1][data_req]_srl2_i_55_1[0]
    SLICE_X5Y135         LUT5 (Prop_D5LUT_SLICEM_I4_O)
                                                      0.171    13.290 f  iob_soc_memwrapper/iob_core_inst/cpu/u_top/u_ibex_core/cs_registers_i/g_pmp_registers.g_pmp_csrs[8].u_pmp_cfg_csr/rdata_reg_inst/no_tmr.reg_inst/reg0/core_outputs_q_reg[1][data_req]_srl2_i_13/O
                         net (fo=5, routed)           0.712    14.002    iob_soc_memwrapper/iob_core_inst/cpu/u_top/u_ibex_core/cs_registers_i/g_pmp_registers.g_pmp_csrs[10].u_pmp_cfg_csr/rdata_reg_inst/no_tmr.reg_inst/reg0/g_access_check[2].g_regions[8].region_match_all_reg[2]_70
    SLICE_X15Y136        LUT6 (Prop_G6LUT_SLICEM_I1_O)
                                                      0.168    14.170 f  iob_soc_memwrapper/iob_core_inst/cpu/u_top/u_ibex_core/cs_registers_i/g_pmp_registers.g_pmp_csrs[10].u_pmp_cfg_csr/rdata_reg_inst/no_tmr.reg_inst/reg0/core_outputs_q_reg[1][data_req]_srl2_i_55/O
                         net (fo=4, routed)           0.095    14.265    iob_soc_memwrapper/iob_core_inst/cpu/u_top/u_ibex_core/cs_registers_i/g_pmp_registers.g_pmp_csrs[13].u_pmp_cfg_csr/rdata_reg_inst/no_tmr.reg_inst/reg0/core_outputs_q_reg[1][data_req]_srl2_i_7
    SLICE_X15Y136        LUT4 (Prop_D5LUT_SLICEM_I2_O)
                                                      0.193    14.458 f  iob_soc_memwrapper/iob_core_inst/cpu/u_top/u_ibex_core/cs_registers_i/g_pmp_registers.g_pmp_csrs[13].u_pmp_cfg_csr/rdata_reg_inst/no_tmr.reg_inst/reg0/core_outputs_q_reg[1][data_req]_srl2_i_24/O
                         net (fo=2, routed)           0.235    14.693    iob_soc_memwrapper/iob_core_inst/cpu/u_top/u_ibex_core/cs_registers_i/g_pmp_registers.g_pmp_csrs[14].u_pmp_cfg_csr/rdata_reg_inst/no_tmr.reg_inst/reg0/core_outputs_q_reg[1][data_req]_srl2_i_3
    SLICE_X16Y136        LUT3 (Prop_B6LUT_SLICEL_I1_O)
                                                      0.053    14.746 r  iob_soc_memwrapper/iob_core_inst/cpu/u_top/u_ibex_core/cs_registers_i/g_pmp_registers.g_pmp_csrs[14].u_pmp_cfg_csr/rdata_reg_inst/no_tmr.reg_inst/reg0/core_outputs_q_reg[1][data_req]_srl2_i_7/O
                         net (fo=2, routed)           0.258    15.004    iob_soc_memwrapper/iob_core_inst/cpu/u_top/u_ibex_core/cs_registers_i/g_pmp_registers.g_pmp_csrs[13].u_pmp_cfg_csr/rdata_reg_inst/no_tmr.reg_inst/reg0/data_o[0]_i_5__5
    SLICE_X15Y135        LUT5 (Prop_E6LUT_SLICEM_I1_O)
                                                      0.225    15.229 f  iob_soc_memwrapper/iob_core_inst/cpu/u_top/u_ibex_core/cs_registers_i/g_pmp_registers.g_pmp_csrs[13].u_pmp_cfg_csr/rdata_reg_inst/no_tmr.reg_inst/reg0/core_outputs_q_reg[1][data_req]_srl2_i_3/O
                         net (fo=4, routed)           0.559    15.788    iob_soc_memwrapper/iob_core_inst/cpu/u_top/u_ibex_core/cs_registers_i/g_pmp_registers.g_pmp_csrs[13].u_pmp_cfg_csr/rdata_reg_inst/no_tmr.reg_inst/reg0/core_outputs_q_reg[1][data_req]_srl2_i_10
    SLICE_X12Y118        LUT6 (Prop_H6LUT_SLICEL_I3_O)
                                                      0.089    15.877 f  iob_soc_memwrapper/iob_core_inst/cpu/u_top/u_ibex_core/cs_registers_i/g_pmp_registers.g_pmp_csrs[13].u_pmp_cfg_csr/rdata_reg_inst/no_tmr.reg_inst/reg0/data_o[0]_i_3__30/O
                         net (fo=14, routed)          0.666    16.543    iob_soc_memwrapper/iob_core_inst/iob_axi_full_xbar/iob_axi_merge_2/busy_write_reg_re/reg0/data_o_reg[0]_3
    SLICE_X8Y105         LUT4 (Prop_G6LUT_SLICEL_I0_O)
                                                      0.089    16.632 f  iob_soc_memwrapper/iob_core_inst/iob_axi_full_xbar/iob_axi_merge_2/busy_write_reg_re/reg0/data_o[0]_i_2__31/O
                         net (fo=71, routed)          0.778    17.410    iob_soc_memwrapper/iob_core_inst/iob_axi_full_xbar/iob_axi_merge_2/busy_write_reg_re/reg0/data_o_reg[0]_0
    SLICE_X3Y79          LUT4 (Prop_A6LUT_SLICEL_I0_O)
                                                      0.166    17.576 f  iob_soc_memwrapper/iob_core_inst/iob_axi_full_xbar/iob_axi_merge_2/busy_write_reg_re/reg0/FSM_sequential_w_state_reg[0]_i_3/O
                         net (fo=3, routed)           0.232    17.808    iob_soc_memwrapper/iob_core_inst/periphs_axi2iob/s_axi_wready_reg_reg_0
    SLICE_X2Y79          LUT3 (Prop_C6LUT_SLICEL_I0_O)
                                                      0.088    17.896 r  iob_soc_memwrapper/iob_core_inst/periphs_axi2iob/m_axil_wstrb_reg[3]_i_1__0/O
                         net (fo=33, routed)          0.279    18.175    iob_soc_memwrapper/iob_core_inst/periphs_axi2iob/m_axil_wdata_next
    SLICE_X2Y79          LUT4 (Prop_C5LUT_SLICEL_I3_O)
                                                      0.243    18.418 r  iob_soc_memwrapper/iob_core_inst/periphs_axi2iob/w_burst_reg[7]_i_1__0/O
                         net (fo=37, routed)          0.640    19.058    iob_soc_memwrapper/iob_core_inst/periphs_axi2iob/w_burst_reg[7]_i_1__0_n_0
    SLICE_X0Y75          FDCE                                         r  iob_soc_memwrapper/iob_core_inst/periphs_axi2iob/w_burst_reg_reg[7]/CE
  -------------------------------------------------------------------    -------------------

                         (clock clk_out1_clock_wizard rise edge)
                                                     17.000    17.000 r  
    H22                                               0.000    17.000 r  c0_sys_clk_clk_p_i (IN)
                         net (fo=0)                   0.000    17.000    clk_250_to_100_MHz/clock_wizard_inst/clkin1_ibufds/I
    HPIOBDIFFINBUF_X0Y36 DIFFINBUF (Prop_DIFFINBUF_HPIOBDIFFINBUF_DIFF_IN_P_O)
                                                      0.374    17.374 r  clk_250_to_100_MHz/clock_wizard_inst/clkin1_ibufds/DIFFINBUF_INST/O
                         net (fo=1, routed)           0.055    17.429    clk_250_to_100_MHz/clock_wizard_inst/clkin1_ibufds/OUT
    H22                  IBUFCTRL (Prop_IBUFCTRL_HPIOB_I_O)
                                                      0.000    17.429 r  clk_250_to_100_MHz/clock_wizard_inst/clkin1_ibufds/IBUFCTRL_INST/O
                         net (fo=1, routed)           0.981    18.410    clk_250_to_100_MHz/clock_wizard_inst/clk_in1_clock_wizard
    PLLE3_ADV_X0Y3       PLLE3_ADV (Prop_PLLE3_ADV_CLKIN_CLKOUT0)
                                                      0.250    18.660 r  clk_250_to_100_MHz/clock_wizard_inst/plle3_adv_inst/CLKOUT0
                         net (fo=1, routed)           0.451    19.111    clk_250_to_100_MHz/clock_wizard_inst/clk_out1_clock_wizard
    BUFGCE_X0Y47         BUFGCE (Prop_BUFCE_BUFGCE_I_O)
                                                      0.091    19.202 r  clk_250_to_100_MHz/clock_wizard_inst/clkout1_buf/O
    X0Y1 (CLOCK_ROOT)    net (fo=9788, routed)        1.912    21.114    iob_soc_memwrapper/iob_core_inst/periphs_axi2iob/clk
    SLICE_X0Y75          FDCE                                         r  iob_soc_memwrapper/iob_core_inst/periphs_axi2iob/w_burst_reg_reg[7]/C
                         clock pessimism              0.383    21.498    
                         clock uncertainty           -0.069    21.429    
    SLICE_X0Y75          FDCE (Setup_AFF2_SLICEL_C_CE)
                                                     -0.055    21.374    iob_soc_memwrapper/iob_core_inst/periphs_axi2iob/w_burst_reg_reg[7]
  -------------------------------------------------------------------
                         required time                         21.374    
                         arrival time                         -19.058    
  -------------------------------------------------------------------
                         slack                                  2.315    

Slack (MET) :             2.320ns  (required time - arrival time)
  Source:                 iob_soc_memwrapper/iob_core_inst/cpu/u_top/u_ibex_core/if_stage_i/g_instr_rdata_ra.instr_rdata_id_reg_inst/no_tmr.reg_inst/reg0/data_o_reg[22]/C
                            (rising edge-triggered cell FDRE clocked by clk_out1_clock_wizard  {rise@0.000ns fall@8.500ns period=17.000ns})
  Destination:            iob_soc_memwrapper/iob_core_inst/periphs_axi2iob/w_addr_reg_reg[2]/CE
                            (rising edge-triggered cell FDCE clocked by clk_out1_clock_wizard  {rise@0.000ns fall@8.500ns period=17.000ns})
  Path Group:             clk_out1_clock_wizard
  Path Type:              Setup (Max at Slow Process Corner)
  Requirement:            17.000ns  (clk_out1_clock_wizard rise@17.000ns - clk_out1_clock_wizard rise@0.000ns)
  Data Path Delay:        14.323ns  (logic 3.890ns (27.159%)  route 10.433ns (72.841%))
  Logic Levels:           22  (CARRY8=4 LUT3=3 LUT4=5 LUT5=4 LUT6=6)
  Clock Path Skew:        -0.234ns (DCD - SCD + CPR)
    Destination Clock Delay (DCD):    4.114ns = ( 21.114 - 17.000 ) 
    Source Clock Delay      (SCD):    4.731ns
    Clock Pessimism Removal (CPR):    0.383ns
  Clock Uncertainty:      0.069ns  ((TSJ^2 + DJ^2)^1/2) / 2 + PE
    Total System Jitter     (TSJ):    0.071ns
    Discrete Jitter          (DJ):    0.119ns
    Phase Error              (PE):    0.000ns
  Clock Net Delay (Source):      2.291ns (routing 0.396ns, distribution 1.895ns)
  Clock Net Delay (Destination): 1.912ns (routing 0.365ns, distribution 1.547ns)

    Location             Delay type                Incr(ns)  Path(ns)    Netlist Resource(s)
  -------------------------------------------------------------------    -------------------
                         (clock clk_out1_clock_wizard rise edge)
                                                      0.000     0.000 r  
    H22                                               0.000     0.000 r  c0_sys_clk_clk_p_i (IN)
                         net (fo=0)                   0.000     0.000    clk_250_to_100_MHz/clock_wizard_inst/clkin1_ibufds/I
    HPIOBDIFFINBUF_X0Y36 DIFFINBUF (Prop_DIFFINBUF_HPIOBDIFFINBUF_DIFF_IN_P_O)
                                                      0.556     0.556 r  clk_250_to_100_MHz/clock_wizard_inst/clkin1_ibufds/DIFFINBUF_INST/O
                         net (fo=1, routed)           0.104     0.660    clk_250_to_100_MHz/clock_wizard_inst/clkin1_ibufds/OUT
    H22                  IBUFCTRL (Prop_IBUFCTRL_HPIOB_I_O)
                                                      0.000     0.660 r  clk_250_to_100_MHz/clock_wizard_inst/clkin1_ibufds/IBUFCTRL_INST/O
                         net (fo=1, routed)           1.082     1.742    clk_250_to_100_MHz/clock_wizard_inst/clk_in1_clock_wizard
    PLLE3_ADV_X0Y3       PLLE3_ADV (Prop_PLLE3_ADV_CLKIN_CLKOUT0)
                                                      0.068     1.810 r  clk_250_to_100_MHz/clock_wizard_inst/plle3_adv_inst/CLKOUT0
                         net (fo=1, routed)           0.529     2.339    clk_250_to_100_MHz/clock_wizard_inst/clk_out1_clock_wizard
    BUFGCE_X0Y47         BUFGCE (Prop_BUFCE_BUFGCE_I_O)
                                                      0.101     2.440 r  clk_250_to_100_MHz/clock_wizard_inst/clkout1_buf/O
    X0Y1 (CLOCK_ROOT)    net (fo=9788, routed)        2.291     4.731    iob_soc_memwrapper/iob_core_inst/cpu/u_top/u_ibex_core/if_stage_i/g_instr_rdata_ra.instr_rdata_id_reg_inst/no_tmr.reg_inst/reg0/clk
    SLICE_X15Y80         FDRE                                         r  iob_soc_memwrapper/iob_core_inst/cpu/u_top/u_ibex_core/if_stage_i/g_instr_rdata_ra.instr_rdata_id_reg_inst/no_tmr.reg_inst/reg0/data_o_reg[22]/C
  -------------------------------------------------------------------    -------------------
    SLICE_X15Y80         FDRE (Prop_CFF_SLICEM_C_Q)
                                                      0.138     4.869 r  iob_soc_memwrapper/iob_core_inst/cpu/u_top/u_ibex_core/if_stage_i/g_instr_rdata_ra.instr_rdata_id_reg_inst/no_tmr.reg_inst/reg0/data_o_reg[22]/Q
                         net (fo=46, routed)          0.545     5.414    iob_soc_memwrapper/iob_core_inst/cpu/u_top/gen_regfile_fpga.register_file_i/gen_rdata_mux_check.u_prim_onehot_enc_raddr_b/rf_raddr_b[2]
    SLICE_X14Y71         LUT5 (Prop_D5LUT_SLICEL_I1_O)
                                                      0.260     5.674 r  iob_soc_memwrapper/iob_core_inst/cpu/u_top/gen_regfile_fpga.register_file_i/gen_rdata_mux_check.u_prim_onehot_enc_raddr_b/data_o[63]_i_39/O
                         net (fo=39, routed)          0.791     6.465    iob_soc_memwrapper/iob_core_inst/cpu/u_top/u_ibex_core/if_stage_i/g_instr_rdata_ra.instr_rdata_id_reg_inst/no_tmr.reg_inst/reg0/gen_rdata_mux_check.raddr_onehot_b[15]
    SLICE_X12Y58         LUT4 (Prop_G6LUT_SLICEL_I2_O)
                                                      0.089     6.554 r  iob_soc_memwrapper/iob_core_inst/cpu/u_top/u_ibex_core/if_stage_i/g_instr_rdata_ra.instr_rdata_id_reg_inst/no_tmr.reg_inst/reg0/data_o[34]_i_13/O
                         net (fo=1, routed)           0.241     6.795    iob_soc_memwrapper/iob_core_inst/cpu/u_top/u_ibex_core/if_stage_i/g_instr_rdata_ra.instr_rdata_id_reg_inst/no_tmr.reg_inst/reg0/data_o[34]_i_13_n_0
    SLICE_X12Y58         LUT6 (Prop_H6LUT_SLICEL_I0_O)
                                                      0.218     7.013 r  iob_soc_memwrapper/iob_core_inst/cpu/u_top/u_ibex_core/if_stage_i/g_instr_rdata_ra.instr_rdata_id_reg_inst/no_tmr.reg_inst/reg0/data_o[34]_i_8/O
                         net (fo=1, routed)           0.398     7.411    iob_soc_memwrapper/iob_core_inst/cpu/u_top/u_ibex_core/if_stage_i/g_instr_rdata_ra.instr_rdata_id_reg_inst/no_tmr.reg_inst/reg0/data_o[34]_i_8_n_0
    SLICE_X18Y59         LUT6 (Prop_H6LUT_SLICEM_I5_O)
                                                      0.173     7.584 r  iob_soc_memwrapper/iob_core_inst/cpu/u_top/u_ibex_core/if_stage_i/g_instr_rdata_ra.instr_rdata_id_reg_inst/no_tmr.reg_inst/reg0/data_o[34]_i_3/O
                         net (fo=1, routed)           0.266     7.850    iob_soc_memwrapper/iob_core_inst/cpu/u_top/u_ibex_core/if_stage_i/g_instr_rdata_ra.instr_rdata_id_reg_inst/no_tmr.reg_inst/reg0/data_o[34]_i_3_n_0
    SLICE_X19Y61         LUT5 (Prop_C6LUT_SLICEL_I1_O)
                                                      0.219     8.069 r  iob_soc_memwrapper/iob_core_inst/cpu/u_top/u_ibex_core/if_stage_i/g_instr_rdata_ra.instr_rdata_id_reg_inst/no_tmr.reg_inst/reg0/data_o[34]_i_1/O
                         net (fo=10, routed)          0.746     8.815    iob_soc_memwrapper/iob_core_inst/cpu/u_top/u_ibex_core/if_stage_i/g_instr_rdata_ra.instr_rdata_id_reg_inst/no_tmr.reg_inst/reg0/mem_reg[1][9]
    SLICE_X15Y92         LUT6 (Prop_D6LUT_SLICEM_I4_O)
                                                      0.092     8.907 r  iob_soc_memwrapper/iob_core_inst/cpu/u_top/u_ibex_core/if_stage_i/g_instr_rdata_ra.instr_rdata_id_reg_inst/no_tmr.reg_inst/reg0/i___5_i_12__0/O
                         net (fo=3, routed)           0.569     9.476    iob_soc_memwrapper/iob_core_inst/cpu/u_top/u_ibex_core/ex_block_i/alu_operand_b_ex[8]
    SLICE_X14Y103        LUT3 (Prop_B6LUT_SLICEL_I1_O)
                                                      0.053     9.529 r  iob_soc_memwrapper/iob_core_inst/cpu/u_top/u_ibex_core/ex_block_i/adder_result_ext_o_carry__0_i_15/O
                         net (fo=1, routed)           0.000     9.529    iob_soc_memwrapper/iob_core_inst/cpu/u_top/u_ibex_core/ex_block_i/alu_i/data_o_reg[15][1]
    SLICE_X14Y103        CARRY8 (Prop_CARRY8_SLICEL_S[1]_CO[7])
                                                      0.408     9.937 r  iob_soc_memwrapper/iob_core_inst/cpu/u_top/u_ibex_core/ex_block_i/alu_i/adder_result_ext_o_carry__0/CO[7]
                         net (fo=1, routed)           0.030     9.967    iob_soc_memwrapper/iob_core_inst/cpu/u_top/u_ibex_core/ex_block_i/alu_i/adder_result_ext_o_carry__0_n_0
    SLICE_X14Y104        CARRY8 (Prop_CARRY8_SLICEL_CI_CO[7])
                                                      0.025     9.992 r  iob_soc_memwrapper/iob_core_inst/cpu/u_top/u_ibex_core/ex_block_i/alu_i/adder_result_ext_o_carry__1/CO[7]
                         net (fo=1, routed)           0.030    10.022    iob_soc_memwrapper/iob_core_inst/cpu/u_top/u_ibex_core/ex_block_i/alu_i/adder_result_ext_o_carry__1_n_0
    SLICE_X14Y105        CARRY8 (Prop_CARRY8_SLICEL_CI_O[0])
                                                      0.132    10.154 f  iob_soc_memwrapper/iob_core_inst/cpu/u_top/u_ibex_core/ex_block_i/alu_i/adder_result_ext_o_carry__2/O[0]
                         net (fo=88, routed)          1.394    11.548    iob_soc_memwrapper/iob_core_inst/cpu/u_top/u_ibex_core/cs_registers_i/g_pmp_registers.g_pmp_csrs[8].u_pmp_cfg_csr/rdata_reg_inst/no_tmr.reg_inst/reg0/alu_adder_result_ex_o[22]
    SLICE_X2Y139         LUT6 (Prop_G6LUT_SLICEL_I0_O)
                                                      0.166    11.714 f  iob_soc_memwrapper/iob_core_inst/cpu/u_top/u_ibex_core/cs_registers_i/g_pmp_registers.g_pmp_csrs[8].u_pmp_cfg_csr/rdata_reg_inst/no_tmr.reg_inst/reg0/core_outputs_q_reg[1][data_req]_srl2_i_141/O
                         net (fo=1, routed)           0.475    12.189    iob_soc_memwrapper/iob_core_inst/cpu/u_top/u_ibex_core/g_pmp.pmp_i/core_outputs_q_reg[1][data_req]_srl2_i_13[3]
    SLICE_X3Y139         CARRY8 (Prop_CARRY8_SLICEL_DI[3]_CO[7])
                                                      0.432    12.621 f  iob_soc_memwrapper/iob_core_inst/cpu/u_top/u_ibex_core/g_pmp.pmp_i/core_outputs_q_reg[1][data_req]_srl2_i_42/CO[7]
                         net (fo=1, routed)           0.498    13.119    iob_soc_memwrapper/iob_core_inst/cpu/u_top/u_ibex_core/cs_registers_i/g_pmp_registers.g_pmp_csrs[8].u_pmp_cfg_csr/rdata_reg_inst/no_tmr.reg_inst/reg0/core_outputs_q_reg[1][data_req]_srl2_i_55_1[0]
    SLICE_X5Y135         LUT5 (Prop_D5LUT_SLICEM_I4_O)
                                                      0.171    13.290 f  iob_soc_memwrapper/iob_core_inst/cpu/u_top/u_ibex_core/cs_registers_i/g_pmp_registers.g_pmp_csrs[8].u_pmp_cfg_csr/rdata_reg_inst/no_tmr.reg_inst/reg0/core_outputs_q_reg[1][data_req]_srl2_i_13/O
                         net (fo=5, routed)           0.712    14.002    iob_soc_memwrapper/iob_core_inst/cpu/u_top/u_ibex_core/cs_registers_i/g_pmp_registers.g_pmp_csrs[10].u_pmp_cfg_csr/rdata_reg_inst/no_tmr.reg_inst/reg0/g_access_check[2].g_regions[8].region_match_all_reg[2]_70
    SLICE_X15Y136        LUT6 (Prop_G6LUT_SLICEM_I1_O)
                                                      0.168    14.170 f  iob_soc_memwrapper/iob_core_inst/cpu/u_top/u_ibex_core/cs_registers_i/g_pmp_registers.g_pmp_csrs[10].u_pmp_cfg_csr/rdata_reg_inst/no_tmr.reg_inst/reg0/core_outputs_q_reg[1][data_req]_srl2_i_55/O
                         net (fo=4, routed)           0.095    14.265    iob_soc_memwrapper/iob_core_inst/cpu/u_top/u_ibex_core/cs_registers_i/g_pmp_registers.g_pmp_csrs[13].u_pmp_cfg_csr/rdata_reg_inst/no_tmr.reg_inst/reg0/core_outputs_q_reg[1][data_req]_srl2_i_7
    SLICE_X15Y136        LUT4 (Prop_D5LUT_SLICEM_I2_O)
                                                      0.193    14.458 f  iob_soc_memwrapper/iob_core_inst/cpu/u_top/u_ibex_core/cs_registers_i/g_pmp_registers.g_pmp_csrs[13].u_pmp_cfg_csr/rdata_reg_inst/no_tmr.reg_inst/reg0/core_outputs_q_reg[1][data_req]_srl2_i_24/O
                         net (fo=2, routed)           0.235    14.693    iob_soc_memwrapper/iob_core_inst/cpu/u_top/u_ibex_core/cs_registers_i/g_pmp_registers.g_pmp_csrs[14].u_pmp_cfg_csr/rdata_reg_inst/no_tmr.reg_inst/reg0/core_outputs_q_reg[1][data_req]_srl2_i_3
    SLICE_X16Y136        LUT3 (Prop_B6LUT_SLICEL_I1_O)
                                                      0.053    14.746 r  iob_soc_memwrapper/iob_core_inst/cpu/u_top/u_ibex_core/cs_registers_i/g_pmp_registers.g_pmp_csrs[14].u_pmp_cfg_csr/rdata_reg_inst/no_tmr.reg_inst/reg0/core_outputs_q_reg[1][data_req]_srl2_i_7/O
                         net (fo=2, routed)           0.258    15.004    iob_soc_memwrapper/iob_core_inst/cpu/u_top/u_ibex_core/cs_registers_i/g_pmp_registers.g_pmp_csrs[13].u_pmp_cfg_csr/rdata_reg_inst/no_tmr.reg_inst/reg0/data_o[0]_i_5__5
    SLICE_X15Y135        LUT5 (Prop_E6LUT_SLICEM_I1_O)
                                                      0.225    15.229 f  iob_soc_memwrapper/iob_core_inst/cpu/u_top/u_ibex_core/cs_registers_i/g_pmp_registers.g_pmp_csrs[13].u_pmp_cfg_csr/rdata_reg_inst/no_tmr.reg_inst/reg0/core_outputs_q_reg[1][data_req]_srl2_i_3/O
                         net (fo=4, routed)           0.559    15.788    iob_soc_memwrapper/iob_core_inst/cpu/u_top/u_ibex_core/cs_registers_i/g_pmp_registers.g_pmp_csrs[13].u_pmp_cfg_csr/rdata_reg_inst/no_tmr.reg_inst/reg0/core_outputs_q_reg[1][data_req]_srl2_i_10
    SLICE_X12Y118        LUT6 (Prop_H6LUT_SLICEL_I3_O)
                                                      0.089    15.877 f  iob_soc_memwrapper/iob_core_inst/cpu/u_top/u_ibex_core/cs_registers_i/g_pmp_registers.g_pmp_csrs[13].u_pmp_cfg_csr/rdata_reg_inst/no_tmr.reg_inst/reg0/data_o[0]_i_3__30/O
                         net (fo=14, routed)          0.666    16.543    iob_soc_memwrapper/iob_core_inst/iob_axi_full_xbar/iob_axi_merge_2/busy_write_reg_re/reg0/data_o_reg[0]_3
    SLICE_X8Y105         LUT4 (Prop_G6LUT_SLICEL_I0_O)
                                                      0.089    16.632 f  iob_soc_memwrapper/iob_core_inst/iob_axi_full_xbar/iob_axi_merge_2/busy_write_reg_re/reg0/data_o[0]_i_2__31/O
                         net (fo=71, routed)          0.778    17.410    iob_soc_memwrapper/iob_core_inst/iob_axi_full_xbar/iob_axi_merge_2/busy_write_reg_re/reg0/data_o_reg[0]_0
    SLICE_X3Y79          LUT4 (Prop_A6LUT_SLICEL_I0_O)
                                                      0.166    17.576 f  iob_soc_memwrapper/iob_core_inst/iob_axi_full_xbar/iob_axi_merge_2/busy_write_reg_re/reg0/FSM_sequential_w_state_reg[0]_i_3/O
                         net (fo=3, routed)           0.232    17.808    iob_soc_memwrapper/iob_core_inst/periphs_axi2iob/s_axi_wready_reg_reg_0
    SLICE_X2Y79          LUT3 (Prop_C6LUT_SLICEL_I0_O)
                                                      0.088    17.896 r  iob_soc_memwrapper/iob_core_inst/periphs_axi2iob/m_axil_wstrb_reg[3]_i_1__0/O
                         net (fo=33, routed)          0.279    18.175    iob_soc_memwrapper/iob_core_inst/periphs_axi2iob/m_axil_wdata_next
    SLICE_X2Y79          LUT4 (Prop_C5LUT_SLICEL_I3_O)
                                                      0.243    18.418 r  iob_soc_memwrapper/iob_core_inst/periphs_axi2iob/w_burst_reg[7]_i_1__0/O
                         net (fo=37, routed)          0.636    19.054    iob_soc_memwrapper/iob_core_inst/periphs_axi2iob/w_burst_reg[7]_i_1__0_n_0
    SLICE_X0Y75          FDCE                                         r  iob_soc_memwrapper/iob_core_inst/periphs_axi2iob/w_addr_reg_reg[2]/CE
  -------------------------------------------------------------------    -------------------

                         (clock clk_out1_clock_wizard rise edge)
                                                     17.000    17.000 r  
    H22                                               0.000    17.000 r  c0_sys_clk_clk_p_i (IN)
                         net (fo=0)                   0.000    17.000    clk_250_to_100_MHz/clock_wizard_inst/clkin1_ibufds/I
    HPIOBDIFFINBUF_X0Y36 DIFFINBUF (Prop_DIFFINBUF_HPIOBDIFFINBUF_DIFF_IN_P_O)
                                                      0.374    17.374 r  clk_250_to_100_MHz/clock_wizard_inst/clkin1_ibufds/DIFFINBUF_INST/O
                         net (fo=1, routed)           0.055    17.429    clk_250_to_100_MHz/clock_wizard_inst/clkin1_ibufds/OUT
    H22                  IBUFCTRL (Prop_IBUFCTRL_HPIOB_I_O)
                                                      0.000    17.429 r  clk_250_to_100_MHz/clock_wizard_inst/clkin1_ibufds/IBUFCTRL_INST/O
                         net (fo=1, routed)           0.981    18.410    clk_250_to_100_MHz/clock_wizard_inst/clk_in1_clock_wizard
    PLLE3_ADV_X0Y3       PLLE3_ADV (Prop_PLLE3_ADV_CLKIN_CLKOUT0)
                                                      0.250    18.660 r  clk_250_to_100_MHz/clock_wizard_inst/plle3_adv_inst/CLKOUT0
                         net (fo=1, routed)           0.451    19.111    clk_250_to_100_MHz/clock_wizard_inst/clk_out1_clock_wizard
    BUFGCE_X0Y47         BUFGCE (Prop_BUFCE_BUFGCE_I_O)
                                                      0.091    19.202 r  clk_250_to_100_MHz/clock_wizard_inst/clkout1_buf/O
    X0Y1 (CLOCK_ROOT)    net (fo=9788, routed)        1.912    21.114    iob_soc_memwrapper/iob_core_inst/periphs_axi2iob/clk
    SLICE_X0Y75          FDCE                                         r  iob_soc_memwrapper/iob_core_inst/periphs_axi2iob/w_addr_reg_reg[2]/C
                         clock pessimism              0.383    21.498    
                         clock uncertainty           -0.069    21.429    
    SLICE_X0Y75          FDCE (Setup_CFF_SLICEL_C_CE)
                                                     -0.054    21.375    iob_soc_memwrapper/iob_core_inst/periphs_axi2iob/w_addr_reg_reg[2]
  -------------------------------------------------------------------
                         required time                         21.375    
                         arrival time                         -19.054    
  -------------------------------------------------------------------
                         slack                                  2.320    

Slack (MET) :             2.320ns  (required time - arrival time)
  Source:                 iob_soc_memwrapper/iob_core_inst/cpu/u_top/u_ibex_core/if_stage_i/g_instr_rdata_ra.instr_rdata_id_reg_inst/no_tmr.reg_inst/reg0/data_o_reg[22]/C
                            (rising edge-triggered cell FDRE clocked by clk_out1_clock_wizard  {rise@0.000ns fall@8.500ns period=17.000ns})
  Destination:            iob_soc_memwrapper/iob_core_inst/periphs_axi2iob/w_burst_active_reg_reg/CE
                            (rising edge-triggered cell FDCE clocked by clk_out1_clock_wizard  {rise@0.000ns fall@8.500ns period=17.000ns})
  Path Group:             clk_out1_clock_wizard
  Path Type:              Setup (Max at Slow Process Corner)
  Requirement:            17.000ns  (clk_out1_clock_wizard rise@17.000ns - clk_out1_clock_wizard rise@0.000ns)
  Data Path Delay:        14.323ns  (logic 3.890ns (27.159%)  route 10.433ns (72.841%))
  Logic Levels:           22  (CARRY8=4 LUT3=3 LUT4=5 LUT5=4 LUT6=6)
  Clock Path Skew:        -0.234ns (DCD - SCD + CPR)
    Destination Clock Delay (DCD):    4.114ns = ( 21.114 - 17.000 ) 
    Source Clock Delay      (SCD):    4.731ns
    Clock Pessimism Removal (CPR):    0.383ns
  Clock Uncertainty:      0.069ns  ((TSJ^2 + DJ^2)^1/2) / 2 + PE
    Total System Jitter     (TSJ):    0.071ns
    Discrete Jitter          (DJ):    0.119ns
    Phase Error              (PE):    0.000ns
  Clock Net Delay (Source):      2.291ns (routing 0.396ns, distribution 1.895ns)
  Clock Net Delay (Destination): 1.912ns (routing 0.365ns, distribution 1.547ns)

    Location             Delay type                Incr(ns)  Path(ns)    Netlist Resource(s)
  -------------------------------------------------------------------    -------------------
                         (clock clk_out1_clock_wizard rise edge)
                                                      0.000     0.000 r  
    H22                                               0.000     0.000 r  c0_sys_clk_clk_p_i (IN)
                         net (fo=0)                   0.000     0.000    clk_250_to_100_MHz/clock_wizard_inst/clkin1_ibufds/I
    HPIOBDIFFINBUF_X0Y36 DIFFINBUF (Prop_DIFFINBUF_HPIOBDIFFINBUF_DIFF_IN_P_O)
                                                      0.556     0.556 r  clk_250_to_100_MHz/clock_wizard_inst/clkin1_ibufds/DIFFINBUF_INST/O
                         net (fo=1, routed)           0.104     0.660    clk_250_to_100_MHz/clock_wizard_inst/clkin1_ibufds/OUT
    H22                  IBUFCTRL (Prop_IBUFCTRL_HPIOB_I_O)
                                                      0.000     0.660 r  clk_250_to_100_MHz/clock_wizard_inst/clkin1_ibufds/IBUFCTRL_INST/O
                         net (fo=1, routed)           1.082     1.742    clk_250_to_100_MHz/clock_wizard_inst/clk_in1_clock_wizard
    PLLE3_ADV_X0Y3       PLLE3_ADV (Prop_PLLE3_ADV_CLKIN_CLKOUT0)
                                                      0.068     1.810 r  clk_250_to_100_MHz/clock_wizard_inst/plle3_adv_inst/CLKOUT0
                         net (fo=1, routed)           0.529     2.339    clk_250_to_100_MHz/clock_wizard_inst/clk_out1_clock_wizard
    BUFGCE_X0Y47         BUFGCE (Prop_BUFCE_BUFGCE_I_O)
                                                      0.101     2.440 r  clk_250_to_100_MHz/clock_wizard_inst/clkout1_buf/O
    X0Y1 (CLOCK_ROOT)    net (fo=9788, routed)        2.291     4.731    iob_soc_memwrapper/iob_core_inst/cpu/u_top/u_ibex_core/if_stage_i/g_instr_rdata_ra.instr_rdata_id_reg_inst/no_tmr.reg_inst/reg0/clk
    SLICE_X15Y80         FDRE                                         r  iob_soc_memwrapper/iob_core_inst/cpu/u_top/u_ibex_core/if_stage_i/g_instr_rdata_ra.instr_rdata_id_reg_inst/no_tmr.reg_inst/reg0/data_o_reg[22]/C
  -------------------------------------------------------------------    -------------------
    SLICE_X15Y80         FDRE (Prop_CFF_SLICEM_C_Q)
                                                      0.138     4.869 r  iob_soc_memwrapper/iob_core_inst/cpu/u_top/u_ibex_core/if_stage_i/g_instr_rdata_ra.instr_rdata_id_reg_inst/no_tmr.reg_inst/reg0/data_o_reg[22]/Q
                         net (fo=46, routed)          0.545     5.414    iob_soc_memwrapper/iob_core_inst/cpu/u_top/gen_regfile_fpga.register_file_i/gen_rdata_mux_check.u_prim_onehot_enc_raddr_b/rf_raddr_b[2]
    SLICE_X14Y71         LUT5 (Prop_D5LUT_SLICEL_I1_O)
                                                      0.260     5.674 r  iob_soc_memwrapper/iob_core_inst/cpu/u_top/gen_regfile_fpga.register_file_i/gen_rdata_mux_check.u_prim_onehot_enc_raddr_b/data_o[63]_i_39/O
                         net (fo=39, routed)          0.791     6.465    iob_soc_memwrapper/iob_core_inst/cpu/u_top/u_ibex_core/if_stage_i/g_instr_rdata_ra.instr_rdata_id_reg_inst/no_tmr.reg_inst/reg0/gen_rdata_mux_check.raddr_onehot_b[15]
    SLICE_X12Y58         LUT4 (Prop_G6LUT_SLICEL_I2_O)
                                                      0.089     6.554 r  iob_soc_memwrapper/iob_core_inst/cpu/u_top/u_ibex_core/if_stage_i/g_instr_rdata_ra.instr_rdata_id_reg_inst/no_tmr.reg_inst/reg0/data_o[34]_i_13/O
                         net (fo=1, routed)           0.241     6.795    iob_soc_memwrapper/iob_core_inst/cpu/u_top/u_ibex_core/if_stage_i/g_instr_rdata_ra.instr_rdata_id_reg_inst/no_tmr.reg_inst/reg0/data_o[34]_i_13_n_0
    SLICE_X12Y58         LUT6 (Prop_H6LUT_SLICEL_I0_O)
                                                      0.218     7.013 r  iob_soc_memwrapper/iob_core_inst/cpu/u_top/u_ibex_core/if_stage_i/g_instr_rdata_ra.instr_rdata_id_reg_inst/no_tmr.reg_inst/reg0/data_o[34]_i_8/O
                         net (fo=1, routed)           0.398     7.411    iob_soc_memwrapper/iob_core_inst/cpu/u_top/u_ibex_core/if_stage_i/g_instr_rdata_ra.instr_rdata_id_reg_inst/no_tmr.reg_inst/reg0/data_o[34]_i_8_n_0
    SLICE_X18Y59         LUT6 (Prop_H6LUT_SLICEM_I5_O)
                                                      0.173     7.584 r  iob_soc_memwrapper/iob_core_inst/cpu/u_top/u_ibex_core/if_stage_i/g_instr_rdata_ra.instr_rdata_id_reg_inst/no_tmr.reg_inst/reg0/data_o[34]_i_3/O
                         net (fo=1, routed)           0.266     7.850    iob_soc_memwrapper/iob_core_inst/cpu/u_top/u_ibex_core/if_stage_i/g_instr_rdata_ra.instr_rdata_id_reg_inst/no_tmr.reg_inst/reg0/data_o[34]_i_3_n_0
    SLICE_X19Y61         LUT5 (Prop_C6LUT_SLICEL_I1_O)
                                                      0.219     8.069 r  iob_soc_memwrapper/iob_core_inst/cpu/u_top/u_ibex_core/if_stage_i/g_instr_rdata_ra.instr_rdata_id_reg_inst/no_tmr.reg_inst/reg0/data_o[34]_i_1/O
                         net (fo=10, routed)          0.746     8.815    iob_soc_memwrapper/iob_core_inst/cpu/u_top/u_ibex_core/if_stage_i/g_instr_rdata_ra.instr_rdata_id_reg_inst/no_tmr.reg_inst/reg0/mem_reg[1][9]
    SLICE_X15Y92         LUT6 (Prop_D6LUT_SLICEM_I4_O)
                                                      0.092     8.907 r  iob_soc_memwrapper/iob_core_inst/cpu/u_top/u_ibex_core/if_stage_i/g_instr_rdata_ra.instr_rdata_id_reg_inst/no_tmr.reg_inst/reg0/i___5_i_12__0/O
                         net (fo=3, routed)           0.569     9.476    iob_soc_memwrapper/iob_core_inst/cpu/u_top/u_ibex_core/ex_block_i/alu_operand_b_ex[8]
    SLICE_X14Y103        LUT3 (Prop_B6LUT_SLICEL_I1_O)
                                                      0.053     9.529 r  iob_soc_memwrapper/iob_core_inst/cpu/u_top/u_ibex_core/ex_block_i/adder_result_ext_o_carry__0_i_15/O
                         net (fo=1, routed)           0.000     9.529    iob_soc_memwrapper/iob_core_inst/cpu/u_top/u_ibex_core/ex_block_i/alu_i/data_o_reg[15][1]
    SLICE_X14Y103        CARRY8 (Prop_CARRY8_SLICEL_S[1]_CO[7])
                                                      0.408     9.937 r  iob_soc_memwrapper/iob_core_inst/cpu/u_top/u_ibex_core/ex_block_i/alu_i/adder_result_ext_o_carry__0/CO[7]
                         net (fo=1, routed)           0.030     9.967    iob_soc_memwrapper/iob_core_inst/cpu/u_top/u_ibex_core/ex_block_i/alu_i/adder_result_ext_o_carry__0_n_0
    SLICE_X14Y104        CARRY8 (Prop_CARRY8_SLICEL_CI_CO[7])
                                                      0.025     9.992 r  iob_soc_memwrapper/iob_core_inst/cpu/u_top/u_ibex_core/ex_block_i/alu_i/adder_result_ext_o_carry__1/CO[7]
                         net (fo=1, routed)           0.030    10.022    iob_soc_memwrapper/iob_core_inst/cpu/u_top/u_ibex_core/ex_block_i/alu_i/adder_result_ext_o_carry__1_n_0
    SLICE_X14Y105        CARRY8 (Prop_CARRY8_SLICEL_CI_O[0])
                                                      0.132    10.154 f  iob_soc_memwrapper/iob_core_inst/cpu/u_top/u_ibex_core/ex_block_i/alu_i/adder_result_ext_o_carry__2/O[0]
                         net (fo=88, routed)          1.394    11.548    iob_soc_memwrapper/iob_core_inst/cpu/u_top/u_ibex_core/cs_registers_i/g_pmp_registers.g_pmp_csrs[8].u_pmp_cfg_csr/rdata_reg_inst/no_tmr.reg_inst/reg0/alu_adder_result_ex_o[22]
    SLICE_X2Y139         LUT6 (Prop_G6LUT_SLICEL_I0_O)
                                                      0.166    11.714 f  iob_soc_memwrapper/iob_core_inst/cpu/u_top/u_ibex_core/cs_registers_i/g_pmp_registers.g_pmp_csrs[8].u_pmp_cfg_csr/rdata_reg_inst/no_tmr.reg_inst/reg0/core_outputs_q_reg[1][data_req]_srl2_i_141/O
                         net (fo=1, routed)           0.475    12.189    iob_soc_memwrapper/iob_core_inst/cpu/u_top/u_ibex_core/g_pmp.pmp_i/core_outputs_q_reg[1][data_req]_srl2_i_13[3]
    SLICE_X3Y139         CARRY8 (Prop_CARRY8_SLICEL_DI[3]_CO[7])
                                                      0.432    12.621 f  iob_soc_memwrapper/iob_core_inst/cpu/u_top/u_ibex_core/g_pmp.pmp_i/core_outputs_q_reg[1][data_req]_srl2_i_42/CO[7]
                         net (fo=1, routed)           0.498    13.119    iob_soc_memwrapper/iob_core_inst/cpu/u_top/u_ibex_core/cs_registers_i/g_pmp_registers.g_pmp_csrs[8].u_pmp_cfg_csr/rdata_reg_inst/no_tmr.reg_inst/reg0/core_outputs_q_reg[1][data_req]_srl2_i_55_1[0]
    SLICE_X5Y135         LUT5 (Prop_D5LUT_SLICEM_I4_O)
                                                      0.171    13.290 f  iob_soc_memwrapper/iob_core_inst/cpu/u_top/u_ibex_core/cs_registers_i/g_pmp_registers.g_pmp_csrs[8].u_pmp_cfg_csr/rdata_reg_inst/no_tmr.reg_inst/reg0/core_outputs_q_reg[1][data_req]_srl2_i_13/O
                         net (fo=5, routed)           0.712    14.002    iob_soc_memwrapper/iob_core_inst/cpu/u_top/u_ibex_core/cs_registers_i/g_pmp_registers.g_pmp_csrs[10].u_pmp_cfg_csr/rdata_reg_inst/no_tmr.reg_inst/reg0/g_access_check[2].g_regions[8].region_match_all_reg[2]_70
    SLICE_X15Y136        LUT6 (Prop_G6LUT_SLICEM_I1_O)
                                                      0.168    14.170 f  iob_soc_memwrapper/iob_core_inst/cpu/u_top/u_ibex_core/cs_registers_i/g_pmp_registers.g_pmp_csrs[10].u_pmp_cfg_csr/rdata_reg_inst/no_tmr.reg_inst/reg0/core_outputs_q_reg[1][data_req]_srl2_i_55/O
                         net (fo=4, routed)           0.095    14.265    iob_soc_memwrapper/iob_core_inst/cpu/u_top/u_ibex_core/cs_registers_i/g_pmp_registers.g_pmp_csrs[13].u_pmp_cfg_csr/rdata_reg_inst/no_tmr.reg_inst/reg0/core_outputs_q_reg[1][data_req]_srl2_i_7
    SLICE_X15Y136        LUT4 (Prop_D5LUT_SLICEM_I2_O)
                                                      0.193    14.458 f  iob_soc_memwrapper/iob_core_inst/cpu/u_top/u_ibex_core/cs_registers_i/g_pmp_registers.g_pmp_csrs[13].u_pmp_cfg_csr/rdata_reg_inst/no_tmr.reg_inst/reg0/core_outputs_q_reg[1][data_req]_srl2_i_24/O
                         net (fo=2, routed)           0.235    14.693    iob_soc_memwrapper/iob_core_inst/cpu/u_top/u_ibex_core/cs_registers_i/g_pmp_registers.g_pmp_csrs[14].u_pmp_cfg_csr/rdata_reg_inst/no_tmr.reg_inst/reg0/core_outputs_q_reg[1][data_req]_srl2_i_3
    SLICE_X16Y136        LUT3 (Prop_B6LUT_SLICEL_I1_O)
                                                      0.053    14.746 r  iob_soc_memwrapper/iob_core_inst/cpu/u_top/u_ibex_core/cs_registers_i/g_pmp_registers.g_pmp_csrs[14].u_pmp_cfg_csr/rdata_reg_inst/no_tmr.reg_inst/reg0/core_outputs_q_reg[1][data_req]_srl2_i_7/O
                         net (fo=2, routed)           0.258    15.004    iob_soc_memwrapper/iob_core_inst/cpu/u_top/u_ibex_core/cs_registers_i/g_pmp_registers.g_pmp_csrs[13].u_pmp_cfg_csr/rdata_reg_inst/no_tmr.reg_inst/reg0/data_o[0]_i_5__5
    SLICE_X15Y135        LUT5 (Prop_E6LUT_SLICEM_I1_O)
                                                      0.225    15.229 f  iob_soc_memwrapper/iob_core_inst/cpu/u_top/u_ibex_core/cs_registers_i/g_pmp_registers.g_pmp_csrs[13].u_pmp_cfg_csr/rdata_reg_inst/no_tmr.reg_inst/reg0/core_outputs_q_reg[1][data_req]_srl2_i_3/O
                         net (fo=4, routed)           0.559    15.788    iob_soc_memwrapper/iob_core_inst/cpu/u_top/u_ibex_core/cs_registers_i/g_pmp_registers.g_pmp_csrs[13].u_pmp_cfg_csr/rdata_reg_inst/no_tmr.reg_inst/reg0/core_outputs_q_reg[1][data_req]_srl2_i_10
    SLICE_X12Y118        LUT6 (Prop_H6LUT_SLICEL_I3_O)
                                                      0.089    15.877 f  iob_soc_memwrapper/iob_core_inst/cpu/u_top/u_ibex_core/cs_registers_i/g_pmp_registers.g_pmp_csrs[13].u_pmp_cfg_csr/rdata_reg_inst/no_tmr.reg_inst/reg0/data_o[0]_i_3__30/O
                         net (fo=14, routed)          0.666    16.543    iob_soc_memwrapper/iob_core_inst/iob_axi_full_xbar/iob_axi_merge_2/busy_write_reg_re/reg0/data_o_reg[0]_3
    SLICE_X8Y105         LUT4 (Prop_G6LUT_SLICEL_I0_O)
                                                      0.089    16.632 f  iob_soc_memwrapper/iob_core_inst/iob_axi_full_xbar/iob_axi_merge_2/busy_write_reg_re/reg0/data_o[0]_i_2__31/O
                         net (fo=71, routed)          0.778    17.410    iob_soc_memwrapper/iob_core_inst/iob_axi_full_xbar/iob_axi_merge_2/busy_write_reg_re/reg0/data_o_reg[0]_0
    SLICE_X3Y79          LUT4 (Prop_A6LUT_SLICEL_I0_O)
                                                      0.166    17.576 f  iob_soc_memwrapper/iob_core_inst/iob_axi_full_xbar/iob_axi_merge_2/busy_write_reg_re/reg0/FSM_sequential_w_state_reg[0]_i_3/O
                         net (fo=3, routed)           0.232    17.808    iob_soc_memwrapper/iob_core_inst/periphs_axi2iob/s_axi_wready_reg_reg_0
    SLICE_X2Y79          LUT3 (Prop_C6LUT_SLICEL_I0_O)
                                                      0.088    17.896 r  iob_soc_memwrapper/iob_core_inst/periphs_axi2iob/m_axil_wstrb_reg[3]_i_1__0/O
                         net (fo=33, routed)          0.279    18.175    iob_soc_memwrapper/iob_core_inst/periphs_axi2iob/m_axil_wdata_next
    SLICE_X2Y79          LUT4 (Prop_C5LUT_SLICEL_I3_O)
                                                      0.243    18.418 r  iob_soc_memwrapper/iob_core_inst/periphs_axi2iob/w_burst_reg[7]_i_1__0/O
                         net (fo=37, routed)          0.636    19.054    iob_soc_memwrapper/iob_core_inst/periphs_axi2iob/w_burst_reg[7]_i_1__0_n_0
    SLICE_X0Y75          FDCE                                         r  iob_soc_memwrapper/iob_core_inst/periphs_axi2iob/w_burst_active_reg_reg/CE
  -------------------------------------------------------------------    -------------------

                         (clock clk_out1_clock_wizard rise edge)
                                                     17.000    17.000 r  
    H22                                               0.000    17.000 r  c0_sys_clk_clk_p_i (IN)
                         net (fo=0)                   0.000    17.000    clk_250_to_100_MHz/clock_wizard_inst/clkin1_ibufds/I
    HPIOBDIFFINBUF_X0Y36 DIFFINBUF (Prop_DIFFINBUF_HPIOBDIFFINBUF_DIFF_IN_P_O)
                                                      0.374    17.374 r  clk_250_to_100_MHz/clock_wizard_inst/clkin1_ibufds/DIFFINBUF_INST/O
                         net (fo=1, routed)           0.055    17.429    clk_250_to_100_MHz/clock_wizard_inst/clkin1_ibufds/OUT
    H22                  IBUFCTRL (Prop_IBUFCTRL_HPIOB_I_O)
                                                      0.000    17.429 r  clk_250_to_100_MHz/clock_wizard_inst/clkin1_ibufds/IBUFCTRL_INST/O
                         net (fo=1, routed)           0.981    18.410    clk_250_to_100_MHz/clock_wizard_inst/clk_in1_clock_wizard
    PLLE3_ADV_X0Y3       PLLE3_ADV (Prop_PLLE3_ADV_CLKIN_CLKOUT0)
                                                      0.250    18.660 r  clk_250_to_100_MHz/clock_wizard_inst/plle3_adv_inst/CLKOUT0
                         net (fo=1, routed)           0.451    19.111    clk_250_to_100_MHz/clock_wizard_inst/clk_out1_clock_wizard
    BUFGCE_X0Y47         BUFGCE (Prop_BUFCE_BUFGCE_I_O)
                                                      0.091    19.202 r  clk_250_to_100_MHz/clock_wizard_inst/clkout1_buf/O
    X0Y1 (CLOCK_ROOT)    net (fo=9788, routed)        1.912    21.114    iob_soc_memwrapper/iob_core_inst/periphs_axi2iob/clk
    SLICE_X0Y75          FDCE                                         r  iob_soc_memwrapper/iob_core_inst/periphs_axi2iob/w_burst_active_reg_reg/C
                         clock pessimism              0.383    21.498    
                         clock uncertainty           -0.069    21.429    
    SLICE_X0Y75          FDCE (Setup_BFF_SLICEL_C_CE)
                                                     -0.054    21.375    iob_soc_memwrapper/iob_core_inst/periphs_axi2iob/w_burst_active_reg_reg
  -------------------------------------------------------------------
                         required time                         21.375    
                         arrival time                         -19.054    
  -------------------------------------------------------------------
                         slack                                  2.320    

Slack (MET) :             2.320ns  (required time - arrival time)
  Source:                 iob_soc_memwrapper/iob_core_inst/cpu/u_top/u_ibex_core/if_stage_i/g_instr_rdata_ra.instr_rdata_id_reg_inst/no_tmr.reg_inst/reg0/data_o_reg[22]/C
                            (rising edge-triggered cell FDRE clocked by clk_out1_clock_wizard  {rise@0.000ns fall@8.500ns period=17.000ns})
  Destination:            iob_soc_memwrapper/iob_core_inst/periphs_axi2iob/w_burst_reg_reg[6]/CE
                            (rising edge-triggered cell FDCE clocked by clk_out1_clock_wizard  {rise@0.000ns fall@8.500ns period=17.000ns})
  Path Group:             clk_out1_clock_wizard
  Path Type:              Setup (Max at Slow Process Corner)
  Requirement:            17.000ns  (clk_out1_clock_wizard rise@17.000ns - clk_out1_clock_wizard rise@0.000ns)
  Data Path Delay:        14.323ns  (logic 3.890ns (27.159%)  route 10.433ns (72.841%))
  Logic Levels:           22  (CARRY8=4 LUT3=3 LUT4=5 LUT5=4 LUT6=6)
  Clock Path Skew:        -0.234ns (DCD - SCD + CPR)
    Destination Clock Delay (DCD):    4.114ns = ( 21.114 - 17.000 ) 
    Source Clock Delay      (SCD):    4.731ns
    Clock Pessimism Removal (CPR):    0.383ns
  Clock Uncertainty:      0.069ns  ((TSJ^2 + DJ^2)^1/2) / 2 + PE
    Total System Jitter     (TSJ):    0.071ns
    Discrete Jitter          (DJ):    0.119ns
    Phase Error              (PE):    0.000ns
  Clock Net Delay (Source):      2.291ns (routing 0.396ns, distribution 1.895ns)
  Clock Net Delay (Destination): 1.912ns (routing 0.365ns, distribution 1.547ns)

    Location             Delay type                Incr(ns)  Path(ns)    Netlist Resource(s)
  -------------------------------------------------------------------    -------------------
                         (clock clk_out1_clock_wizard rise edge)
                                                      0.000     0.000 r  
    H22                                               0.000     0.000 r  c0_sys_clk_clk_p_i (IN)
                         net (fo=0)                   0.000     0.000    clk_250_to_100_MHz/clock_wizard_inst/clkin1_ibufds/I
    HPIOBDIFFINBUF_X0Y36 DIFFINBUF (Prop_DIFFINBUF_HPIOBDIFFINBUF_DIFF_IN_P_O)
                                                      0.556     0.556 r  clk_250_to_100_MHz/clock_wizard_inst/clkin1_ibufds/DIFFINBUF_INST/O
                         net (fo=1, routed)           0.104     0.660    clk_250_to_100_MHz/clock_wizard_inst/clkin1_ibufds/OUT
    H22                  IBUFCTRL (Prop_IBUFCTRL_HPIOB_I_O)
                                                      0.000     0.660 r  clk_250_to_100_MHz/clock_wizard_inst/clkin1_ibufds/IBUFCTRL_INST/O
                         net (fo=1, routed)           1.082     1.742    clk_250_to_100_MHz/clock_wizard_inst/clk_in1_clock_wizard
    PLLE3_ADV_X0Y3       PLLE3_ADV (Prop_PLLE3_ADV_CLKIN_CLKOUT0)
                                                      0.068     1.810 r  clk_250_to_100_MHz/clock_wizard_inst/plle3_adv_inst/CLKOUT0
                         net (fo=1, routed)           0.529     2.339    clk_250_to_100_MHz/clock_wizard_inst/clk_out1_clock_wizard
    BUFGCE_X0Y47         BUFGCE (Prop_BUFCE_BUFGCE_I_O)
                                                      0.101     2.440 r  clk_250_to_100_MHz/clock_wizard_inst/clkout1_buf/O
    X0Y1 (CLOCK_ROOT)    net (fo=9788, routed)        2.291     4.731    iob_soc_memwrapper/iob_core_inst/cpu/u_top/u_ibex_core/if_stage_i/g_instr_rdata_ra.instr_rdata_id_reg_inst/no_tmr.reg_inst/reg0/clk
    SLICE_X15Y80         FDRE                                         r  iob_soc_memwrapper/iob_core_inst/cpu/u_top/u_ibex_core/if_stage_i/g_instr_rdata_ra.instr_rdata_id_reg_inst/no_tmr.reg_inst/reg0/data_o_reg[22]/C
  -------------------------------------------------------------------    -------------------
    SLICE_X15Y80         FDRE (Prop_CFF_SLICEM_C_Q)
                                                      0.138     4.869 r  iob_soc_memwrapper/iob_core_inst/cpu/u_top/u_ibex_core/if_stage_i/g_instr_rdata_ra.instr_rdata_id_reg_inst/no_tmr.reg_inst/reg0/data_o_reg[22]/Q
                         net (fo=46, routed)          0.545     5.414    iob_soc_memwrapper/iob_core_inst/cpu/u_top/gen_regfile_fpga.register_file_i/gen_rdata_mux_check.u_prim_onehot_enc_raddr_b/rf_raddr_b[2]
    SLICE_X14Y71         LUT5 (Prop_D5LUT_SLICEL_I1_O)
                                                      0.260     5.674 r  iob_soc_memwrapper/iob_core_inst/cpu/u_top/gen_regfile_fpga.register_file_i/gen_rdata_mux_check.u_prim_onehot_enc_raddr_b/data_o[63]_i_39/O
                         net (fo=39, routed)          0.791     6.465    iob_soc_memwrapper/iob_core_inst/cpu/u_top/u_ibex_core/if_stage_i/g_instr_rdata_ra.instr_rdata_id_reg_inst/no_tmr.reg_inst/reg0/gen_rdata_mux_check.raddr_onehot_b[15]
    SLICE_X12Y58         LUT4 (Prop_G6LUT_SLICEL_I2_O)
                                                      0.089     6.554 r  iob_soc_memwrapper/iob_core_inst/cpu/u_top/u_ibex_core/if_stage_i/g_instr_rdata_ra.instr_rdata_id_reg_inst/no_tmr.reg_inst/reg0/data_o[34]_i_13/O
                         net (fo=1, routed)           0.241     6.795    iob_soc_memwrapper/iob_core_inst/cpu/u_top/u_ibex_core/if_stage_i/g_instr_rdata_ra.instr_rdata_id_reg_inst/no_tmr.reg_inst/reg0/data_o[34]_i_13_n_0
    SLICE_X12Y58         LUT6 (Prop_H6LUT_SLICEL_I0_O)
                                                      0.218     7.013 r  iob_soc_memwrapper/iob_core_inst/cpu/u_top/u_ibex_core/if_stage_i/g_instr_rdata_ra.instr_rdata_id_reg_inst/no_tmr.reg_inst/reg0/data_o[34]_i_8/O
                         net (fo=1, routed)           0.398     7.411    iob_soc_memwrapper/iob_core_inst/cpu/u_top/u_ibex_core/if_stage_i/g_instr_rdata_ra.instr_rdata_id_reg_inst/no_tmr.reg_inst/reg0/data_o[34]_i_8_n_0
    SLICE_X18Y59         LUT6 (Prop_H6LUT_SLICEM_I5_O)
                                                      0.173     7.584 r  iob_soc_memwrapper/iob_core_inst/cpu/u_top/u_ibex_core/if_stage_i/g_instr_rdata_ra.instr_rdata_id_reg_inst/no_tmr.reg_inst/reg0/data_o[34]_i_3/O
                         net (fo=1, routed)           0.266     7.850    iob_soc_memwrapper/iob_core_inst/cpu/u_top/u_ibex_core/if_stage_i/g_instr_rdata_ra.instr_rdata_id_reg_inst/no_tmr.reg_inst/reg0/data_o[34]_i_3_n_0
    SLICE_X19Y61         LUT5 (Prop_C6LUT_SLICEL_I1_O)
                                                      0.219     8.069 r  iob_soc_memwrapper/iob_core_inst/cpu/u_top/u_ibex_core/if_stage_i/g_instr_rdata_ra.instr_rdata_id_reg_inst/no_tmr.reg_inst/reg0/data_o[34]_i_1/O
                         net (fo=10, routed)          0.746     8.815    iob_soc_memwrapper/iob_core_inst/cpu/u_top/u_ibex_core/if_stage_i/g_instr_rdata_ra.instr_rdata_id_reg_inst/no_tmr.reg_inst/reg0/mem_reg[1][9]
    SLICE_X15Y92         LUT6 (Prop_D6LUT_SLICEM_I4_O)
                                                      0.092     8.907 r  iob_soc_memwrapper/iob_core_inst/cpu/u_top/u_ibex_core/if_stage_i/g_instr_rdata_ra.instr_rdata_id_reg_inst/no_tmr.reg_inst/reg0/i___5_i_12__0/O
                         net (fo=3, routed)           0.569     9.476    iob_soc_memwrapper/iob_core_inst/cpu/u_top/u_ibex_core/ex_block_i/alu_operand_b_ex[8]
    SLICE_X14Y103        LUT3 (Prop_B6LUT_SLICEL_I1_O)
                                                      0.053     9.529 r  iob_soc_memwrapper/iob_core_inst/cpu/u_top/u_ibex_core/ex_block_i/adder_result_ext_o_carry__0_i_15/O
                         net (fo=1, routed)           0.000     9.529    iob_soc_memwrapper/iob_core_inst/cpu/u_top/u_ibex_core/ex_block_i/alu_i/data_o_reg[15][1]
    SLICE_X14Y103        CARRY8 (Prop_CARRY8_SLICEL_S[1]_CO[7])
                                                      0.408     9.937 r  iob_soc_memwrapper/iob_core_inst/cpu/u_top/u_ibex_core/ex_block_i/alu_i/adder_result_ext_o_carry__0/CO[7]
                         net (fo=1, routed)           0.030     9.967    iob_soc_memwrapper/iob_core_inst/cpu/u_top/u_ibex_core/ex_block_i/alu_i/adder_result_ext_o_carry__0_n_0
    SLICE_X14Y104        CARRY8 (Prop_CARRY8_SLICEL_CI_CO[7])
                                                      0.025     9.992 r  iob_soc_memwrapper/iob_core_inst/cpu/u_top/u_ibex_core/ex_block_i/alu_i/adder_result_ext_o_carry__1/CO[7]
                         net (fo=1, routed)           0.030    10.022    iob_soc_memwrapper/iob_core_inst/cpu/u_top/u_ibex_core/ex_block_i/alu_i/adder_result_ext_o_carry__1_n_0
    SLICE_X14Y105        CARRY8 (Prop_CARRY8_SLICEL_CI_O[0])
                                                      0.132    10.154 f  iob_soc_memwrapper/iob_core_inst/cpu/u_top/u_ibex_core/ex_block_i/alu_i/adder_result_ext_o_carry__2/O[0]
                         net (fo=88, routed)          1.394    11.548    iob_soc_memwrapper/iob_core_inst/cpu/u_top/u_ibex_core/cs_registers_i/g_pmp_registers.g_pmp_csrs[8].u_pmp_cfg_csr/rdata_reg_inst/no_tmr.reg_inst/reg0/alu_adder_result_ex_o[22]
    SLICE_X2Y139         LUT6 (Prop_G6LUT_SLICEL_I0_O)
                                                      0.166    11.714 f  iob_soc_memwrapper/iob_core_inst/cpu/u_top/u_ibex_core/cs_registers_i/g_pmp_registers.g_pmp_csrs[8].u_pmp_cfg_csr/rdata_reg_inst/no_tmr.reg_inst/reg0/core_outputs_q_reg[1][data_req]_srl2_i_141/O
                         net (fo=1, routed)           0.475    12.189    iob_soc_memwrapper/iob_core_inst/cpu/u_top/u_ibex_core/g_pmp.pmp_i/core_outputs_q_reg[1][data_req]_srl2_i_13[3]
    SLICE_X3Y139         CARRY8 (Prop_CARRY8_SLICEL_DI[3]_CO[7])
                                                      0.432    12.621 f  iob_soc_memwrapper/iob_core_inst/cpu/u_top/u_ibex_core/g_pmp.pmp_i/core_outputs_q_reg[1][data_req]_srl2_i_42/CO[7]
                         net (fo=1, routed)           0.498    13.119    iob_soc_memwrapper/iob_core_inst/cpu/u_top/u_ibex_core/cs_registers_i/g_pmp_registers.g_pmp_csrs[8].u_pmp_cfg_csr/rdata_reg_inst/no_tmr.reg_inst/reg0/core_outputs_q_reg[1][data_req]_srl2_i_55_1[0]
    SLICE_X5Y135         LUT5 (Prop_D5LUT_SLICEM_I4_O)
                                                      0.171    13.290 f  iob_soc_memwrapper/iob_core_inst/cpu/u_top/u_ibex_core/cs_registers_i/g_pmp_registers.g_pmp_csrs[8].u_pmp_cfg_csr/rdata_reg_inst/no_tmr.reg_inst/reg0/core_outputs_q_reg[1][data_req]_srl2_i_13/O
                         net (fo=5, routed)           0.712    14.002    iob_soc_memwrapper/iob_core_inst/cpu/u_top/u_ibex_core/cs_registers_i/g_pmp_registers.g_pmp_csrs[10].u_pmp_cfg_csr/rdata_reg_inst/no_tmr.reg_inst/reg0/g_access_check[2].g_regions[8].region_match_all_reg[2]_70
    SLICE_X15Y136        LUT6 (Prop_G6LUT_SLICEM_I1_O)
                                                      0.168    14.170 f  iob_soc_memwrapper/iob_core_inst/cpu/u_top/u_ibex_core/cs_registers_i/g_pmp_registers.g_pmp_csrs[10].u_pmp_cfg_csr/rdata_reg_inst/no_tmr.reg_inst/reg0/core_outputs_q_reg[1][data_req]_srl2_i_55/O
                         net (fo=4, routed)           0.095    14.265    iob_soc_memwrapper/iob_core_inst/cpu/u_top/u_ibex_core/cs_registers_i/g_pmp_registers.g_pmp_csrs[13].u_pmp_cfg_csr/rdata_reg_inst/no_tmr.reg_inst/reg0/core_outputs_q_reg[1][data_req]_srl2_i_7
    SLICE_X15Y136        LUT4 (Prop_D5LUT_SLICEM_I2_O)
                                                      0.193    14.458 f  iob_soc_memwrapper/iob_core_inst/cpu/u_top/u_ibex_core/cs_registers_i/g_pmp_registers.g_pmp_csrs[13].u_pmp_cfg_csr/rdata_reg_inst/no_tmr.reg_inst/reg0/core_outputs_q_reg[1][data_req]_srl2_i_24/O
                         net (fo=2, routed)           0.235    14.693    iob_soc_memwrapper/iob_core_inst/cpu/u_top/u_ibex_core/cs_registers_i/g_pmp_registers.g_pmp_csrs[14].u_pmp_cfg_csr/rdata_reg_inst/no_tmr.reg_inst/reg0/core_outputs_q_reg[1][data_req]_srl2_i_3
    SLICE_X16Y136        LUT3 (Prop_B6LUT_SLICEL_I1_O)
                                                      0.053    14.746 r  iob_soc_memwrapper/iob_core_inst/cpu/u_top/u_ibex_core/cs_registers_i/g_pmp_registers.g_pmp_csrs[14].u_pmp_cfg_csr/rdata_reg_inst/no_tmr.reg_inst/reg0/core_outputs_q_reg[1][data_req]_srl2_i_7/O
                         net (fo=2, routed)           0.258    15.004    iob_soc_memwrapper/iob_core_inst/cpu/u_top/u_ibex_core/cs_registers_i/g_pmp_registers.g_pmp_csrs[13].u_pmp_cfg_csr/rdata_reg_inst/no_tmr.reg_inst/reg0/data_o[0]_i_5__5
    SLICE_X15Y135        LUT5 (Prop_E6LUT_SLICEM_I1_O)
                                                      0.225    15.229 f  iob_soc_memwrapper/iob_core_inst/cpu/u_top/u_ibex_core/cs_registers_i/g_pmp_registers.g_pmp_csrs[13].u_pmp_cfg_csr/rdata_reg_inst/no_tmr.reg_inst/reg0/core_outputs_q_reg[1][data_req]_srl2_i_3/O
                         net (fo=4, routed)           0.559    15.788    iob_soc_memwrapper/iob_core_inst/cpu/u_top/u_ibex_core/cs_registers_i/g_pmp_registers.g_pmp_csrs[13].u_pmp_cfg_csr/rdata_reg_inst/no_tmr.reg_inst/reg0/core_outputs_q_reg[1][data_req]_srl2_i_10
    SLICE_X12Y118        LUT6 (Prop_H6LUT_SLICEL_I3_O)
                                                      0.089    15.877 f  iob_soc_memwrapper/iob_core_inst/cpu/u_top/u_ibex_core/cs_registers_i/g_pmp_registers.g_pmp_csrs[13].u_pmp_cfg_csr/rdata_reg_inst/no_tmr.reg_inst/reg0/data_o[0]_i_3__30/O
                         net (fo=14, routed)          0.666    16.543    iob_soc_memwrapper/iob_core_inst/iob_axi_full_xbar/iob_axi_merge_2/busy_write_reg_re/reg0/data_o_reg[0]_3
    SLICE_X8Y105         LUT4 (Prop_G6LUT_SLICEL_I0_O)
                                                      0.089    16.632 f  iob_soc_memwrapper/iob_core_inst/iob_axi_full_xbar/iob_axi_merge_2/busy_write_reg_re/reg0/data_o[0]_i_2__31/O
                         net (fo=71, routed)          0.778    17.410    iob_soc_memwrapper/iob_core_inst/iob_axi_full_xbar/iob_axi_merge_2/busy_write_reg_re/reg0/data_o_reg[0]_0
    SLICE_X3Y79          LUT4 (Prop_A6LUT_SLICEL_I0_O)
                                                      0.166    17.576 f  iob_soc_memwrapper/iob_core_inst/iob_axi_full_xbar/iob_axi_merge_2/busy_write_reg_re/reg0/FSM_sequential_w_state_reg[0]_i_3/O
                         net (fo=3, routed)           0.232    17.808    iob_soc_memwrapper/iob_core_inst/periphs_axi2iob/s_axi_wready_reg_reg_0
    SLICE_X2Y79          LUT3 (Prop_C6LUT_SLICEL_I0_O)
                                                      0.088    17.896 r  iob_soc_memwrapper/iob_core_inst/periphs_axi2iob/m_axil_wstrb_reg[3]_i_1__0/O
                         net (fo=33, routed)          0.279    18.175    iob_soc_memwrapper/iob_core_inst/periphs_axi2iob/m_axil_wdata_next
    SLICE_X2Y79          LUT4 (Prop_C5LUT_SLICEL_I3_O)
                                                      0.243    18.418 r  iob_soc_memwrapper/iob_core_inst/periphs_axi2iob/w_burst_reg[7]_i_1__0/O
                         net (fo=37, routed)          0.636    19.054    iob_soc_memwrapper/iob_core_inst/periphs_axi2iob/w_burst_reg[7]_i_1__0_n_0
    SLICE_X0Y75          FDCE                                         r  iob_soc_memwrapper/iob_core_inst/periphs_axi2iob/w_burst_reg_reg[6]/CE
  -------------------------------------------------------------------    -------------------

                         (clock clk_out1_clock_wizard rise edge)
                                                     17.000    17.000 r  
    H22                                               0.000    17.000 r  c0_sys_clk_clk_p_i (IN)
                         net (fo=0)                   0.000    17.000    clk_250_to_100_MHz/clock_wizard_inst/clkin1_ibufds/I
    HPIOBDIFFINBUF_X0Y36 DIFFINBUF (Prop_DIFFINBUF_HPIOBDIFFINBUF_DIFF_IN_P_O)
                                                      0.374    17.374 r  clk_250_to_100_MHz/clock_wizard_inst/clkin1_ibufds/DIFFINBUF_INST/O
                         net (fo=1, routed)           0.055    17.429    clk_250_to_100_MHz/clock_wizard_inst/clkin1_ibufds/OUT
    H22                  IBUFCTRL (Prop_IBUFCTRL_HPIOB_I_O)
                                                      0.000    17.429 r  clk_250_to_100_MHz/clock_wizard_inst/clkin1_ibufds/IBUFCTRL_INST/O
                         net (fo=1, routed)           0.981    18.410    clk_250_to_100_MHz/clock_wizard_inst/clk_in1_clock_wizard
    PLLE3_ADV_X0Y3       PLLE3_ADV (Prop_PLLE3_ADV_CLKIN_CLKOUT0)
                                                      0.250    18.660 r  clk_250_to_100_MHz/clock_wizard_inst/plle3_adv_inst/CLKOUT0
                         net (fo=1, routed)           0.451    19.111    clk_250_to_100_MHz/clock_wizard_inst/clk_out1_clock_wizard
    BUFGCE_X0Y47         BUFGCE (Prop_BUFCE_BUFGCE_I_O)
                                                      0.091    19.202 r  clk_250_to_100_MHz/clock_wizard_inst/clkout1_buf/O
    X0Y1 (CLOCK_ROOT)    net (fo=9788, routed)        1.912    21.114    iob_soc_memwrapper/iob_core_inst/periphs_axi2iob/clk
    SLICE_X0Y75          FDCE                                         r  iob_soc_memwrapper/iob_core_inst/periphs_axi2iob/w_burst_reg_reg[6]/C
                         clock pessimism              0.383    21.498    
                         clock uncertainty           -0.069    21.429    
    SLICE_X0Y75          FDCE (Setup_AFF_SLICEL_C_CE)
                                                     -0.054    21.375    iob_soc_memwrapper/iob_core_inst/periphs_axi2iob/w_burst_reg_reg[6]
  -------------------------------------------------------------------
                         required time                         21.375    
                         arrival time                         -19.054    
  -------------------------------------------------------------------
                         slack                                  2.320    

Slack (MET) :             2.350ns  (required time - arrival time)
  Source:                 iob_soc_memwrapper/iob_core_inst/cpu/u_top/u_ibex_core/if_stage_i/g_instr_rdata_ra.instr_rdata_id_reg_inst/no_tmr.reg_inst/reg0/data_o_reg[22]/C
                            (rising edge-triggered cell FDRE clocked by clk_out1_clock_wizard  {rise@0.000ns fall@8.500ns period=17.000ns})
  Destination:            iob_soc_memwrapper/ext_mem_mem/not_MEM_NO_READ_ON_WRITE.mem_reg_1_bram_1/ENARDEN
                            (rising edge-triggered cell RAMB36E2 clocked by clk_out1_clock_wizard  {rise@0.000ns fall@8.500ns period=17.000ns})
  Path Group:             clk_out1_clock_wizard
  Path Type:              Setup (Max at Slow Process Corner)
  Requirement:            17.000ns  (clk_out1_clock_wizard rise@17.000ns - clk_out1_clock_wizard rise@0.000ns)
  Data Path Delay:        13.843ns  (logic 3.727ns (26.923%)  route 10.116ns (73.077%))
  Logic Levels:           21  (CARRY8=4 LUT3=3 LUT4=3 LUT5=4 LUT6=7)
  Clock Path Skew:        -0.203ns (DCD - SCD + CPR)
    Destination Clock Delay (DCD):    4.145ns = ( 21.145 - 17.000 ) 
    Source Clock Delay      (SCD):    4.731ns
    Clock Pessimism Removal (CPR):    0.383ns
  Clock Uncertainty:      0.069ns  ((TSJ^2 + DJ^2)^1/2) / 2 + PE
    Total System Jitter     (TSJ):    0.071ns
    Discrete Jitter          (DJ):    0.119ns
    Phase Error              (PE):    0.000ns
  Clock Net Delay (Source):      2.291ns (routing 0.396ns, distribution 1.895ns)
  Clock Net Delay (Destination): 1.943ns (routing 0.365ns, distribution 1.578ns)

    Location             Delay type                Incr(ns)  Path(ns)    Netlist Resource(s)
  -------------------------------------------------------------------    -------------------
                         (clock clk_out1_clock_wizard rise edge)
                                                      0.000     0.000 r  
    H22                                               0.000     0.000 r  c0_sys_clk_clk_p_i (IN)
                         net (fo=0)                   0.000     0.000    clk_250_to_100_MHz/clock_wizard_inst/clkin1_ibufds/I
    HPIOBDIFFINBUF_X0Y36 DIFFINBUF (Prop_DIFFINBUF_HPIOBDIFFINBUF_DIFF_IN_P_O)
                                                      0.556     0.556 r  clk_250_to_100_MHz/clock_wizard_inst/clkin1_ibufds/DIFFINBUF_INST/O
                         net (fo=1, routed)           0.104     0.660    clk_250_to_100_MHz/clock_wizard_inst/clkin1_ibufds/OUT
    H22                  IBUFCTRL (Prop_IBUFCTRL_HPIOB_I_O)
                                                      0.000     0.660 r  clk_250_to_100_MHz/clock_wizard_inst/clkin1_ibufds/IBUFCTRL_INST/O
                         net (fo=1, routed)           1.082     1.742    clk_250_to_100_MHz/clock_wizard_inst/clk_in1_clock_wizard
    PLLE3_ADV_X0Y3       PLLE3_ADV (Prop_PLLE3_ADV_CLKIN_CLKOUT0)
                                                      0.068     1.810 r  clk_250_to_100_MHz/clock_wizard_inst/plle3_adv_inst/CLKOUT0
                         net (fo=1, routed)           0.529     2.339    clk_250_to_100_MHz/clock_wizard_inst/clk_out1_clock_wizard
    BUFGCE_X0Y47         BUFGCE (Prop_BUFCE_BUFGCE_I_O)
                                                      0.101     2.440 r  clk_250_to_100_MHz/clock_wizard_inst/clkout1_buf/O
    X0Y1 (CLOCK_ROOT)    net (fo=9788, routed)        2.291     4.731    iob_soc_memwrapper/iob_core_inst/cpu/u_top/u_ibex_core/if_stage_i/g_instr_rdata_ra.instr_rdata_id_reg_inst/no_tmr.reg_inst/reg0/clk
    SLICE_X15Y80         FDRE                                         r  iob_soc_memwrapper/iob_core_inst/cpu/u_top/u_ibex_core/if_stage_i/g_instr_rdata_ra.instr_rdata_id_reg_inst/no_tmr.reg_inst/reg0/data_o_reg[22]/C
  -------------------------------------------------------------------    -------------------
    SLICE_X15Y80         FDRE (Prop_CFF_SLICEM_C_Q)
                                                      0.138     4.869 r  iob_soc_memwrapper/iob_core_inst/cpu/u_top/u_ibex_core/if_stage_i/g_instr_rdata_ra.instr_rdata_id_reg_inst/no_tmr.reg_inst/reg0/data_o_reg[22]/Q
                         net (fo=46, routed)          0.545     5.414    iob_soc_memwrapper/iob_core_inst/cpu/u_top/gen_regfile_fpga.register_file_i/gen_rdata_mux_check.u_prim_onehot_enc_raddr_b/rf_raddr_b[2]
    SLICE_X14Y71         LUT5 (Prop_D5LUT_SLICEL_I1_O)
                                                      0.260     5.674 r  iob_soc_memwrapper/iob_core_inst/cpu/u_top/gen_regfile_fpga.register_file_i/gen_rdata_mux_check.u_prim_onehot_enc_raddr_b/data_o[63]_i_39/O
                         net (fo=39, routed)          0.791     6.465    iob_soc_memwrapper/iob_core_inst/cpu/u_top/u_ibex_core/if_stage_i/g_instr_rdata_ra.instr_rdata_id_reg_inst/no_tmr.reg_inst/reg0/gen_rdata_mux_check.raddr_onehot_b[15]
    SLICE_X12Y58         LUT4 (Prop_G6LUT_SLICEL_I2_O)
                                                      0.089     6.554 r  iob_soc_memwrapper/iob_core_inst/cpu/u_top/u_ibex_core/if_stage_i/g_instr_rdata_ra.instr_rdata_id_reg_inst/no_tmr.reg_inst/reg0/data_o[34]_i_13/O
                         net (fo=1, routed)           0.241     6.795    iob_soc_memwrapper/iob_core_inst/cpu/u_top/u_ibex_core/if_stage_i/g_instr_rdata_ra.instr_rdata_id_reg_inst/no_tmr.reg_inst/reg0/data_o[34]_i_13_n_0
    SLICE_X12Y58         LUT6 (Prop_H6LUT_SLICEL_I0_O)
                                                      0.218     7.013 r  iob_soc_memwrapper/iob_core_inst/cpu/u_top/u_ibex_core/if_stage_i/g_instr_rdata_ra.instr_rdata_id_reg_inst/no_tmr.reg_inst/reg0/data_o[34]_i_8/O
                         net (fo=1, routed)           0.398     7.411    iob_soc_memwrapper/iob_core_inst/cpu/u_top/u_ibex_core/if_stage_i/g_instr_rdata_ra.instr_rdata_id_reg_inst/no_tmr.reg_inst/reg0/data_o[34]_i_8_n_0
    SLICE_X18Y59         LUT6 (Prop_H6LUT_SLICEM_I5_O)
                                                      0.173     7.584 r  iob_soc_memwrapper/iob_core_inst/cpu/u_top/u_ibex_core/if_stage_i/g_instr_rdata_ra.instr_rdata_id_reg_inst/no_tmr.reg_inst/reg0/data_o[34]_i_3/O
                         net (fo=1, routed)           0.266     7.850    iob_soc_memwrapper/iob_core_inst/cpu/u_top/u_ibex_core/if_stage_i/g_instr_rdata_ra.instr_rdata_id_reg_inst/no_tmr.reg_inst/reg0/data_o[34]_i_3_n_0
    SLICE_X19Y61         LUT5 (Prop_C6LUT_SLICEL_I1_O)
                                                      0.219     8.069 r  iob_soc_memwrapper/iob_core_inst/cpu/u_top/u_ibex_core/if_stage_i/g_instr_rdata_ra.instr_rdata_id_reg_inst/no_tmr.reg_inst/reg0/data_o[34]_i_1/O
                         net (fo=10, routed)          0.746     8.815    iob_soc_memwrapper/iob_core_inst/cpu/u_top/u_ibex_core/if_stage_i/g_instr_rdata_ra.instr_rdata_id_reg_inst/no_tmr.reg_inst/reg0/mem_reg[1][9]
    SLICE_X15Y92         LUT6 (Prop_D6LUT_SLICEM_I4_O)
                                                      0.092     8.907 r  iob_soc_memwrapper/iob_core_inst/cpu/u_top/u_ibex_core/if_stage_i/g_instr_rdata_ra.instr_rdata_id_reg_inst/no_tmr.reg_inst/reg0/i___5_i_12__0/O
                         net (fo=3, routed)           0.569     9.476    iob_soc_memwrapper/iob_core_inst/cpu/u_top/u_ibex_core/ex_block_i/alu_operand_b_ex[8]
    SLICE_X14Y103        LUT3 (Prop_B6LUT_SLICEL_I1_O)
                                                      0.053     9.529 r  iob_soc_memwrapper/iob_core_inst/cpu/u_top/u_ibex_core/ex_block_i/adder_result_ext_o_carry__0_i_15/O
                         net (fo=1, routed)           0.000     9.529    iob_soc_memwrapper/iob_core_inst/cpu/u_top/u_ibex_core/ex_block_i/alu_i/data_o_reg[15][1]
    SLICE_X14Y103        CARRY8 (Prop_CARRY8_SLICEL_S[1]_CO[7])
                                                      0.408     9.937 r  iob_soc_memwrapper/iob_core_inst/cpu/u_top/u_ibex_core/ex_block_i/alu_i/adder_result_ext_o_carry__0/CO[7]
                         net (fo=1, routed)           0.030     9.967    iob_soc_memwrapper/iob_core_inst/cpu/u_top/u_ibex_core/ex_block_i/alu_i/adder_result_ext_o_carry__0_n_0
    SLICE_X14Y104        CARRY8 (Prop_CARRY8_SLICEL_CI_CO[7])
                                                      0.025     9.992 r  iob_soc_memwrapper/iob_core_inst/cpu/u_top/u_ibex_core/ex_block_i/alu_i/adder_result_ext_o_carry__1/CO[7]
                         net (fo=1, routed)           0.030    10.022    iob_soc_memwrapper/iob_core_inst/cpu/u_top/u_ibex_core/ex_block_i/alu_i/adder_result_ext_o_carry__1_n_0
    SLICE_X14Y105        CARRY8 (Prop_CARRY8_SLICEL_CI_O[0])
                                                      0.132    10.154 f  iob_soc_memwrapper/iob_core_inst/cpu/u_top/u_ibex_core/ex_block_i/alu_i/adder_result_ext_o_carry__2/O[0]
                         net (fo=88, routed)          1.394    11.548    iob_soc_memwrapper/iob_core_inst/cpu/u_top/u_ibex_core/cs_registers_i/g_pmp_registers.g_pmp_csrs[8].u_pmp_cfg_csr/rdata_reg_inst/no_tmr.reg_inst/reg0/alu_adder_result_ex_o[22]
    SLICE_X2Y139         LUT6 (Prop_G6LUT_SLICEL_I0_O)
                                                      0.166    11.714 f  iob_soc_memwrapper/iob_core_inst/cpu/u_top/u_ibex_core/cs_registers_i/g_pmp_registers.g_pmp_csrs[8].u_pmp_cfg_csr/rdata_reg_inst/no_tmr.reg_inst/reg0/core_outputs_q_reg[1][data_req]_srl2_i_141/O
                         net (fo=1, routed)           0.475    12.189    iob_soc_memwrapper/iob_core_inst/cpu/u_top/u_ibex_core/g_pmp.pmp_i/core_outputs_q_reg[1][data_req]_srl2_i_13[3]
    SLICE_X3Y139         CARRY8 (Prop_CARRY8_SLICEL_DI[3]_CO[7])
                                                      0.432    12.621 f  iob_soc_memwrapper/iob_core_inst/cpu/u_top/u_ibex_core/g_pmp.pmp_i/core_outputs_q_reg[1][data_req]_srl2_i_42/CO[7]
                         net (fo=1, routed)           0.498    13.119    iob_soc_memwrapper/iob_core_inst/cpu/u_top/u_ibex_core/cs_registers_i/g_pmp_registers.g_pmp_csrs[8].u_pmp_cfg_csr/rdata_reg_inst/no_tmr.reg_inst/reg0/core_outputs_q_reg[1][data_req]_srl2_i_55_1[0]
    SLICE_X5Y135         LUT5 (Prop_D5LUT_SLICEM_I4_O)
                                                      0.171    13.290 f  iob_soc_memwrapper/iob_core_inst/cpu/u_top/u_ibex_core/cs_registers_i/g_pmp_registers.g_pmp_csrs[8].u_pmp_cfg_csr/rdata_reg_inst/no_tmr.reg_inst/reg0/core_outputs_q_reg[1][data_req]_srl2_i_13/O
                         net (fo=5, routed)           0.712    14.002    iob_soc_memwrapper/iob_core_inst/cpu/u_top/u_ibex_core/cs_registers_i/g_pmp_registers.g_pmp_csrs[10].u_pmp_cfg_csr/rdata_reg_inst/no_tmr.reg_inst/reg0/g_access_check[2].g_regions[8].region_match_all_reg[2]_70
    SLICE_X15Y136        LUT6 (Prop_G6LUT_SLICEM_I1_O)
                                                      0.168    14.170 f  iob_soc_memwrapper/iob_core_inst/cpu/u_top/u_ibex_core/cs_registers_i/g_pmp_registers.g_pmp_csrs[10].u_pmp_cfg_csr/rdata_reg_inst/no_tmr.reg_inst/reg0/core_outputs_q_reg[1][data_req]_srl2_i_55/O
                         net (fo=4, routed)           0.095    14.265    iob_soc_memwrapper/iob_core_inst/cpu/u_top/u_ibex_core/cs_registers_i/g_pmp_registers.g_pmp_csrs[13].u_pmp_cfg_csr/rdata_reg_inst/no_tmr.reg_inst/reg0/core_outputs_q_reg[1][data_req]_srl2_i_7
    SLICE_X15Y136        LUT4 (Prop_D5LUT_SLICEM_I2_O)
                                                      0.193    14.458 f  iob_soc_memwrapper/iob_core_inst/cpu/u_top/u_ibex_core/cs_registers_i/g_pmp_registers.g_pmp_csrs[13].u_pmp_cfg_csr/rdata_reg_inst/no_tmr.reg_inst/reg0/core_outputs_q_reg[1][data_req]_srl2_i_24/O
                         net (fo=2, routed)           0.235    14.693    iob_soc_memwrapper/iob_core_inst/cpu/u_top/u_ibex_core/cs_registers_i/g_pmp_registers.g_pmp_csrs[14].u_pmp_cfg_csr/rdata_reg_inst/no_tmr.reg_inst/reg0/core_outputs_q_reg[1][data_req]_srl2_i_3
    SLICE_X16Y136        LUT3 (Prop_B6LUT_SLICEL_I1_O)
                                                      0.053    14.746 r  iob_soc_memwrapper/iob_core_inst/cpu/u_top/u_ibex_core/cs_registers_i/g_pmp_registers.g_pmp_csrs[14].u_pmp_cfg_csr/rdata_reg_inst/no_tmr.reg_inst/reg0/core_outputs_q_reg[1][data_req]_srl2_i_7/O
                         net (fo=2, routed)           0.258    15.004    iob_soc_memwrapper/iob_core_inst/cpu/u_top/u_ibex_core/cs_registers_i/g_pmp_registers.g_pmp_csrs[13].u_pmp_cfg_csr/rdata_reg_inst/no_tmr.reg_inst/reg0/data_o[0]_i_5__5
    SLICE_X15Y135        LUT5 (Prop_E6LUT_SLICEM_I1_O)
                                                      0.225    15.229 f  iob_soc_memwrapper/iob_core_inst/cpu/u_top/u_ibex_core/cs_registers_i/g_pmp_registers.g_pmp_csrs[13].u_pmp_cfg_csr/rdata_reg_inst/no_tmr.reg_inst/reg0/core_outputs_q_reg[1][data_req]_srl2_i_3/O
                         net (fo=4, routed)           0.582    15.811    iob_soc_memwrapper/iob_core_inst/cpu/u_top/u_ibex_core/cs_registers_i/g_pmp_registers.g_pmp_csrs[13].u_pmp_cfg_csr/rdata_reg_inst/no_tmr.reg_inst/reg0/core_outputs_q_reg[1][data_req]_srl2_i_10
    SLICE_X11Y118        LUT6 (Prop_H6LUT_SLICEM_I3_O)
                                                      0.055    15.866 r  iob_soc_memwrapper/iob_core_inst/cpu/u_top/u_ibex_core/cs_registers_i/g_pmp_registers.g_pmp_csrs[13].u_pmp_cfg_csr/rdata_reg_inst/no_tmr.reg_inst/reg0/core_outputs_q_reg[1][data_req]_srl2_i_1/O
                         net (fo=17, routed)          0.916    16.782    iob_soc_memwrapper/iob_core_inst/cpu/u_top/u_ibex_core/if_stage_i/g_instr_rdata_ra.instr_rdata_id_reg_inst/no_tmr.reg_inst/reg0/data_o_reg[0]_38
    SLICE_X3Y99          LUT3 (Prop_D6LUT_SLICEL_I2_O)
                                                      0.090    16.872 f  iob_soc_memwrapper/iob_core_inst/cpu/u_top/u_ibex_core/if_stage_i/g_instr_rdata_ra.instr_rdata_id_reg_inst/no_tmr.reg_inst/reg0/data_o[0]_i_2__34/O
                         net (fo=6, routed)           0.558    17.430    iob_soc_memwrapper/iob_core_inst/iob_axi_full_xbar/iob_axi_merge_0/busy_write_reg_re/reg0/data_o_reg[0]_7
    SLICE_X3Y79          LUT4 (Prop_B5LUT_SLICEL_I1_O)
                                                      0.201    17.631 f  iob_soc_memwrapper/iob_core_inst/iob_axi_full_xbar/iob_axi_merge_0/busy_write_reg_re/reg0/write_count_reg[7]_i_3/O
                         net (fo=11, routed)          0.257    17.888    iob_soc_memwrapper/iob_core_inst/internal_memory/not_MEM_NO_READ_ON_WRITE.mem_reg_3_bram_1
    SLICE_X3Y78          LUT6 (Prop_G6LUT_SLICEL_I2_O)
                                                      0.166    18.054 r  iob_soc_memwrapper/iob_core_inst/internal_memory/not_MEM_NO_READ_ON_WRITE.mem_reg_1_bram_1_i_1/O
                         net (fo=4, routed)           0.520    18.574    iob_soc_memwrapper/ext_mem_mem/not_MEM_NO_READ_ON_WRITE.mem_reg_1_bram_1_0[0]
    RAMB36_X0Y15         RAMB36E2                                     r  iob_soc_memwrapper/ext_mem_mem/not_MEM_NO_READ_ON_WRITE.mem_reg_1_bram_1/ENARDEN
  -------------------------------------------------------------------    -------------------

                         (clock clk_out1_clock_wizard rise edge)
                                                     17.000    17.000 r  
    H22                                               0.000    17.000 r  c0_sys_clk_clk_p_i (IN)
                         net (fo=0)                   0.000    17.000    clk_250_to_100_MHz/clock_wizard_inst/clkin1_ibufds/I
    HPIOBDIFFINBUF_X0Y36 DIFFINBUF (Prop_DIFFINBUF_HPIOBDIFFINBUF_DIFF_IN_P_O)
                                                      0.374    17.374 r  clk_250_to_100_MHz/clock_wizard_inst/clkin1_ibufds/DIFFINBUF_INST/O
                         net (fo=1, routed)           0.055    17.429    clk_250_to_100_MHz/clock_wizard_inst/clkin1_ibufds/OUT
    H22                  IBUFCTRL (Prop_IBUFCTRL_HPIOB_I_O)
                                                      0.000    17.429 r  clk_250_to_100_MHz/clock_wizard_inst/clkin1_ibufds/IBUFCTRL_INST/O
                         net (fo=1, routed)           0.981    18.410    clk_250_to_100_MHz/clock_wizard_inst/clk_in1_clock_wizard
    PLLE3_ADV_X0Y3       PLLE3_ADV (Prop_PLLE3_ADV_CLKIN_CLKOUT0)
                                                      0.250    18.660 r  clk_250_to_100_MHz/clock_wizard_inst/plle3_adv_inst/CLKOUT0
                         net (fo=1, routed)           0.451    19.111    clk_250_to_100_MHz/clock_wizard_inst/clk_out1_clock_wizard
    BUFGCE_X0Y47         BUFGCE (Prop_BUFCE_BUFGCE_I_O)
                                                      0.091    19.202 r  clk_250_to_100_MHz/clock_wizard_inst/clkout1_buf/O
    X0Y1 (CLOCK_ROOT)    net (fo=9788, routed)        1.943    21.145    iob_soc_memwrapper/ext_mem_mem/clk
    RAMB36_X0Y15         RAMB36E2                                     r  iob_soc_memwrapper/ext_mem_mem/not_MEM_NO_READ_ON_WRITE.mem_reg_1_bram_1/CLKARDCLK
                         clock pessimism              0.383    21.528    
                         clock uncertainty           -0.069    21.459    
    RAMB36_X0Y15         RAMB36E2 (Setup_RAMB36E2_RAMB36_CLKARDCLK_ENARDEN)
                                                     -0.535    20.924    iob_soc_memwrapper/ext_mem_mem/not_MEM_NO_READ_ON_WRITE.mem_reg_1_bram_1
  -------------------------------------------------------------------
                         required time                         20.924    
                         arrival time                         -18.574    
  -------------------------------------------------------------------
                         slack                                  2.350    

Slack (MET) :             2.383ns  (required time - arrival time)
  Source:                 iob_soc_memwrapper/iob_core_inst/cpu/u_top/u_ibex_core/if_stage_i/g_instr_rdata_ra.instr_rdata_id_reg_inst/no_tmr.reg_inst/reg0/data_o_reg[22]/C
                            (rising edge-triggered cell FDRE clocked by clk_out1_clock_wizard  {rise@0.000ns fall@8.500ns period=17.000ns})
  Destination:            iob_soc_memwrapper/iob_core_inst/periphs_axi2iob/m_axil_araddr_reg_reg[26]/CE
                            (rising edge-triggered cell FDCE clocked by clk_out1_clock_wizard  {rise@0.000ns fall@8.500ns period=17.000ns})
  Path Group:             clk_out1_clock_wizard
  Path Type:              Setup (Max at Slow Process Corner)
  Requirement:            17.000ns  (clk_out1_clock_wizard rise@17.000ns - clk_out1_clock_wizard rise@0.000ns)
  Data Path Delay:        14.206ns  (logic 3.926ns (27.636%)  route 10.280ns (72.364%))
  Logic Levels:           23  (CARRY8=4 LUT3=3 LUT4=4 LUT5=4 LUT6=8)
  Clock Path Skew:        -0.288ns (DCD - SCD + CPR)
    Destination Clock Delay (DCD):    4.174ns = ( 21.174 - 17.000 ) 
    Source Clock Delay      (SCD):    4.731ns
    Clock Pessimism Removal (CPR):    0.269ns
  Clock Uncertainty:      0.069ns  ((TSJ^2 + DJ^2)^1/2) / 2 + PE
    Total System Jitter     (TSJ):    0.071ns
    Discrete Jitter          (DJ):    0.119ns
    Phase Error              (PE):    0.000ns
  Clock Net Delay (Source):      2.291ns (routing 0.396ns, distribution 1.895ns)
  Clock Net Delay (Destination): 1.972ns (routing 0.365ns, distribution 1.607ns)

    Location             Delay type                Incr(ns)  Path(ns)    Netlist Resource(s)
  -------------------------------------------------------------------    -------------------
                         (clock clk_out1_clock_wizard rise edge)
                                                      0.000     0.000 r  
    H22                                               0.000     0.000 r  c0_sys_clk_clk_p_i (IN)
                         net (fo=0)                   0.000     0.000    clk_250_to_100_MHz/clock_wizard_inst/clkin1_ibufds/I
    HPIOBDIFFINBUF_X0Y36 DIFFINBUF (Prop_DIFFINBUF_HPIOBDIFFINBUF_DIFF_IN_P_O)
                                                      0.556     0.556 r  clk_250_to_100_MHz/clock_wizard_inst/clkin1_ibufds/DIFFINBUF_INST/O
                         net (fo=1, routed)           0.104     0.660    clk_250_to_100_MHz/clock_wizard_inst/clkin1_ibufds/OUT
    H22                  IBUFCTRL (Prop_IBUFCTRL_HPIOB_I_O)
                                                      0.000     0.660 r  clk_250_to_100_MHz/clock_wizard_inst/clkin1_ibufds/IBUFCTRL_INST/O
                         net (fo=1, routed)           1.082     1.742    clk_250_to_100_MHz/clock_wizard_inst/clk_in1_clock_wizard
    PLLE3_ADV_X0Y3       PLLE3_ADV (Prop_PLLE3_ADV_CLKIN_CLKOUT0)
                                                      0.068     1.810 r  clk_250_to_100_MHz/clock_wizard_inst/plle3_adv_inst/CLKOUT0
                         net (fo=1, routed)           0.529     2.339    clk_250_to_100_MHz/clock_wizard_inst/clk_out1_clock_wizard
    BUFGCE_X0Y47         BUFGCE (Prop_BUFCE_BUFGCE_I_O)
                                                      0.101     2.440 r  clk_250_to_100_MHz/clock_wizard_inst/clkout1_buf/O
    X0Y1 (CLOCK_ROOT)    net (fo=9788, routed)        2.291     4.731    iob_soc_memwrapper/iob_core_inst/cpu/u_top/u_ibex_core/if_stage_i/g_instr_rdata_ra.instr_rdata_id_reg_inst/no_tmr.reg_inst/reg0/clk
    SLICE_X15Y80         FDRE                                         r  iob_soc_memwrapper/iob_core_inst/cpu/u_top/u_ibex_core/if_stage_i/g_instr_rdata_ra.instr_rdata_id_reg_inst/no_tmr.reg_inst/reg0/data_o_reg[22]/C
  -------------------------------------------------------------------    -------------------
    SLICE_X15Y80         FDRE (Prop_CFF_SLICEM_C_Q)
                                                      0.138     4.869 r  iob_soc_memwrapper/iob_core_inst/cpu/u_top/u_ibex_core/if_stage_i/g_instr_rdata_ra.instr_rdata_id_reg_inst/no_tmr.reg_inst/reg0/data_o_reg[22]/Q
                         net (fo=46, routed)          0.545     5.414    iob_soc_memwrapper/iob_core_inst/cpu/u_top/gen_regfile_fpga.register_file_i/gen_rdata_mux_check.u_prim_onehot_enc_raddr_b/rf_raddr_b[2]
    SLICE_X14Y71         LUT5 (Prop_D5LUT_SLICEL_I1_O)
                                                      0.260     5.674 r  iob_soc_memwrapper/iob_core_inst/cpu/u_top/gen_regfile_fpga.register_file_i/gen_rdata_mux_check.u_prim_onehot_enc_raddr_b/data_o[63]_i_39/O
                         net (fo=39, routed)          0.791     6.465    iob_soc_memwrapper/iob_core_inst/cpu/u_top/u_ibex_core/if_stage_i/g_instr_rdata_ra.instr_rdata_id_reg_inst/no_tmr.reg_inst/reg0/gen_rdata_mux_check.raddr_onehot_b[15]
    SLICE_X12Y58         LUT4 (Prop_G6LUT_SLICEL_I2_O)
                                                      0.089     6.554 r  iob_soc_memwrapper/iob_core_inst/cpu/u_top/u_ibex_core/if_stage_i/g_instr_rdata_ra.instr_rdata_id_reg_inst/no_tmr.reg_inst/reg0/data_o[34]_i_13/O
                         net (fo=1, routed)           0.241     6.795    iob_soc_memwrapper/iob_core_inst/cpu/u_top/u_ibex_core/if_stage_i/g_instr_rdata_ra.instr_rdata_id_reg_inst/no_tmr.reg_inst/reg0/data_o[34]_i_13_n_0
    SLICE_X12Y58         LUT6 (Prop_H6LUT_SLICEL_I0_O)
                                                      0.218     7.013 r  iob_soc_memwrapper/iob_core_inst/cpu/u_top/u_ibex_core/if_stage_i/g_instr_rdata_ra.instr_rdata_id_reg_inst/no_tmr.reg_inst/reg0/data_o[34]_i_8/O
                         net (fo=1, routed)           0.398     7.411    iob_soc_memwrapper/iob_core_inst/cpu/u_top/u_ibex_core/if_stage_i/g_instr_rdata_ra.instr_rdata_id_reg_inst/no_tmr.reg_inst/reg0/data_o[34]_i_8_n_0
    SLICE_X18Y59         LUT6 (Prop_H6LUT_SLICEM_I5_O)
                                                      0.173     7.584 r  iob_soc_memwrapper/iob_core_inst/cpu/u_top/u_ibex_core/if_stage_i/g_instr_rdata_ra.instr_rdata_id_reg_inst/no_tmr.reg_inst/reg0/data_o[34]_i_3/O
                         net (fo=1, routed)           0.266     7.850    iob_soc_memwrapper/iob_core_inst/cpu/u_top/u_ibex_core/if_stage_i/g_instr_rdata_ra.instr_rdata_id_reg_inst/no_tmr.reg_inst/reg0/data_o[34]_i_3_n_0
    SLICE_X19Y61         LUT5 (Prop_C6LUT_SLICEL_I1_O)
                                                      0.219     8.069 r  iob_soc_memwrapper/iob_core_inst/cpu/u_top/u_ibex_core/if_stage_i/g_instr_rdata_ra.instr_rdata_id_reg_inst/no_tmr.reg_inst/reg0/data_o[34]_i_1/O
                         net (fo=10, routed)          0.746     8.815    iob_soc_memwrapper/iob_core_inst/cpu/u_top/u_ibex_core/if_stage_i/g_instr_rdata_ra.instr_rdata_id_reg_inst/no_tmr.reg_inst/reg0/mem_reg[1][9]
    SLICE_X15Y92         LUT6 (Prop_D6LUT_SLICEM_I4_O)
                                                      0.092     8.907 r  iob_soc_memwrapper/iob_core_inst/cpu/u_top/u_ibex_core/if_stage_i/g_instr_rdata_ra.instr_rdata_id_reg_inst/no_tmr.reg_inst/reg0/i___5_i_12__0/O
                         net (fo=3, routed)           0.569     9.476    iob_soc_memwrapper/iob_core_inst/cpu/u_top/u_ibex_core/ex_block_i/alu_operand_b_ex[8]
    SLICE_X14Y103        LUT3 (Prop_B6LUT_SLICEL_I1_O)
                                                      0.053     9.529 r  iob_soc_memwrapper/iob_core_inst/cpu/u_top/u_ibex_core/ex_block_i/adder_result_ext_o_carry__0_i_15/O
                         net (fo=1, routed)           0.000     9.529    iob_soc_memwrapper/iob_core_inst/cpu/u_top/u_ibex_core/ex_block_i/alu_i/data_o_reg[15][1]
    SLICE_X14Y103        CARRY8 (Prop_CARRY8_SLICEL_S[1]_CO[7])
                                                      0.408     9.937 r  iob_soc_memwrapper/iob_core_inst/cpu/u_top/u_ibex_core/ex_block_i/alu_i/adder_result_ext_o_carry__0/CO[7]
                         net (fo=1, routed)           0.030     9.967    iob_soc_memwrapper/iob_core_inst/cpu/u_top/u_ibex_core/ex_block_i/alu_i/adder_result_ext_o_carry__0_n_0
    SLICE_X14Y104        CARRY8 (Prop_CARRY8_SLICEL_CI_CO[7])
                                                      0.025     9.992 r  iob_soc_memwrapper/iob_core_inst/cpu/u_top/u_ibex_core/ex_block_i/alu_i/adder_result_ext_o_carry__1/CO[7]
                         net (fo=1, routed)           0.030    10.022    iob_soc_memwrapper/iob_core_inst/cpu/u_top/u_ibex_core/ex_block_i/alu_i/adder_result_ext_o_carry__1_n_0
    SLICE_X14Y105        CARRY8 (Prop_CARRY8_SLICEL_CI_O[0])
                                                      0.132    10.154 r  iob_soc_memwrapper/iob_core_inst/cpu/u_top/u_ibex_core/ex_block_i/alu_i/adder_result_ext_o_carry__2/O[0]
                         net (fo=88, routed)          1.394    11.548    iob_soc_memwrapper/iob_core_inst/cpu/u_top/u_ibex_core/cs_registers_i/g_pmp_registers.g_pmp_csrs[8].u_pmp_cfg_csr/rdata_reg_inst/no_tmr.reg_inst/reg0/alu_adder_result_ex_o[22]
    SLICE_X2Y139         LUT6 (Prop_G6LUT_SLICEL_I0_O)
                                                      0.166    11.714 r  iob_soc_memwrapper/iob_core_inst/cpu/u_top/u_ibex_core/cs_registers_i/g_pmp_registers.g_pmp_csrs[8].u_pmp_cfg_csr/rdata_reg_inst/no_tmr.reg_inst/reg0/core_outputs_q_reg[1][data_req]_srl2_i_141/O
                         net (fo=1, routed)           0.475    12.189    iob_soc_memwrapper/iob_core_inst/cpu/u_top/u_ibex_core/g_pmp.pmp_i/core_outputs_q_reg[1][data_req]_srl2_i_13[3]
    SLICE_X3Y139         CARRY8 (Prop_CARRY8_SLICEL_DI[3]_CO[7])
                                                      0.432    12.621 r  iob_soc_memwrapper/iob_core_inst/cpu/u_top/u_ibex_core/g_pmp.pmp_i/core_outputs_q_reg[1][data_req]_srl2_i_42/CO[7]
                         net (fo=1, routed)           0.498    13.119    iob_soc_memwrapper/iob_core_inst/cpu/u_top/u_ibex_core/cs_registers_i/g_pmp_registers.g_pmp_csrs[8].u_pmp_cfg_csr/rdata_reg_inst/no_tmr.reg_inst/reg0/core_outputs_q_reg[1][data_req]_srl2_i_55_1[0]
    SLICE_X5Y135         LUT5 (Prop_D5LUT_SLICEM_I4_O)
                                                      0.171    13.290 r  iob_soc_memwrapper/iob_core_inst/cpu/u_top/u_ibex_core/cs_registers_i/g_pmp_registers.g_pmp_csrs[8].u_pmp_cfg_csr/rdata_reg_inst/no_tmr.reg_inst/reg0/core_outputs_q_reg[1][data_req]_srl2_i_13/O
                         net (fo=5, routed)           0.712    14.002    iob_soc_memwrapper/iob_core_inst/cpu/u_top/u_ibex_core/cs_registers_i/g_pmp_registers.g_pmp_csrs[10].u_pmp_cfg_csr/rdata_reg_inst/no_tmr.reg_inst/reg0/g_access_check[2].g_regions[8].region_match_all_reg[2]_70
    SLICE_X15Y136        LUT6 (Prop_G6LUT_SLICEM_I1_O)
                                                      0.168    14.170 r  iob_soc_memwrapper/iob_core_inst/cpu/u_top/u_ibex_core/cs_registers_i/g_pmp_registers.g_pmp_csrs[10].u_pmp_cfg_csr/rdata_reg_inst/no_tmr.reg_inst/reg0/core_outputs_q_reg[1][data_req]_srl2_i_55/O
                         net (fo=4, routed)           0.095    14.265    iob_soc_memwrapper/iob_core_inst/cpu/u_top/u_ibex_core/cs_registers_i/g_pmp_registers.g_pmp_csrs[13].u_pmp_cfg_csr/rdata_reg_inst/no_tmr.reg_inst/reg0/core_outputs_q_reg[1][data_req]_srl2_i_7
    SLICE_X15Y136        LUT4 (Prop_D5LUT_SLICEM_I2_O)
                                                      0.193    14.458 r  iob_soc_memwrapper/iob_core_inst/cpu/u_top/u_ibex_core/cs_registers_i/g_pmp_registers.g_pmp_csrs[13].u_pmp_cfg_csr/rdata_reg_inst/no_tmr.reg_inst/reg0/core_outputs_q_reg[1][data_req]_srl2_i_24/O
                         net (fo=2, routed)           0.235    14.693    iob_soc_memwrapper/iob_core_inst/cpu/u_top/u_ibex_core/cs_registers_i/g_pmp_registers.g_pmp_csrs[14].u_pmp_cfg_csr/rdata_reg_inst/no_tmr.reg_inst/reg0/core_outputs_q_reg[1][data_req]_srl2_i_3
    SLICE_X16Y136        LUT3 (Prop_B6LUT_SLICEL_I1_O)
                                                      0.053    14.746 f  iob_soc_memwrapper/iob_core_inst/cpu/u_top/u_ibex_core/cs_registers_i/g_pmp_registers.g_pmp_csrs[14].u_pmp_cfg_csr/rdata_reg_inst/no_tmr.reg_inst/reg0/core_outputs_q_reg[1][data_req]_srl2_i_7/O
                         net (fo=2, routed)           0.258    15.004    iob_soc_memwrapper/iob_core_inst/cpu/u_top/u_ibex_core/cs_registers_i/g_pmp_registers.g_pmp_csrs[13].u_pmp_cfg_csr/rdata_reg_inst/no_tmr.reg_inst/reg0/data_o[0]_i_5__5
    SLICE_X15Y135        LUT5 (Prop_E6LUT_SLICEM_I1_O)
                                                      0.225    15.229 r  iob_soc_memwrapper/iob_core_inst/cpu/u_top/u_ibex_core/cs_registers_i/g_pmp_registers.g_pmp_csrs[13].u_pmp_cfg_csr/rdata_reg_inst/no_tmr.reg_inst/reg0/core_outputs_q_reg[1][data_req]_srl2_i_3/O
                         net (fo=4, routed)           0.582    15.811    iob_soc_memwrapper/iob_core_inst/cpu/u_top/u_ibex_core/cs_registers_i/g_pmp_registers.g_pmp_csrs[13].u_pmp_cfg_csr/rdata_reg_inst/no_tmr.reg_inst/reg0/core_outputs_q_reg[1][data_req]_srl2_i_10
    SLICE_X11Y118        LUT6 (Prop_H6LUT_SLICEM_I3_O)
                                                      0.055    15.866 f  iob_soc_memwrapper/iob_core_inst/cpu/u_top/u_ibex_core/cs_registers_i/g_pmp_registers.g_pmp_csrs[13].u_pmp_cfg_csr/rdata_reg_inst/no_tmr.reg_inst/reg0/core_outputs_q_reg[1][data_req]_srl2_i_1/O
                         net (fo=17, routed)          0.585    16.451    iob_soc_memwrapper/iob_core_inst/iob_axi_full_xbar/iob_axi_split_1/active_transaction_read_reg_re/reg0/data_req_o
    SLICE_X4Y118         LUT6 (Prop_F6LUT_SLICEM_I0_O)
                                                      0.093    16.544 r  iob_soc_memwrapper/iob_core_inst/iob_axi_full_xbar/iob_axi_split_1/active_transaction_read_reg_re/reg0/data_o[0]_i_2__37/O
                         net (fo=2, routed)           0.269    16.813    iob_soc_memwrapper/iob_core_inst/iob_axi_full_xbar/iob_axi_split_0/read_sel_reg_r/iob_reg_inst/data_o[0]_i_3__33
    SLICE_X3Y120         LUT6 (Prop_B6LUT_SLICEL_I5_O)
                                                      0.147    16.960 f  iob_soc_memwrapper/iob_core_inst/iob_axi_full_xbar/iob_axi_split_0/read_sel_reg_r/iob_reg_inst/data_o[172]_i_9/O
                         net (fo=58, routed)          0.149    17.109    iob_soc_memwrapper/iob_core_inst/iob_axi_full_xbar/iob_axi_split_0/active_transaction_read_reg_re/reg0/data_o_reg[0]_3
    SLICE_X3Y120         LUT4 (Prop_E6LUT_SLICEL_I3_O)
                                                      0.146    17.255 f  iob_soc_memwrapper/iob_core_inst/iob_axi_full_xbar/iob_axi_split_0/active_transaction_read_reg_re/reg0/data_o[0]_i_3__33/O
                         net (fo=4, routed)           0.364    17.619    iob_soc_memwrapper/iob_core_inst/iob_axi_full_xbar/iob_axi_merge_2/active_transaction_read_reg_re/reg0/data_o_reg[0]_3
    SLICE_X0Y120         LUT4 (Prop_C6LUT_SLICEL_I1_O)
                                                      0.146    17.765 r  iob_soc_memwrapper/iob_core_inst/iob_axi_full_xbar/iob_axi_merge_2/active_transaction_read_reg_re/reg0/FSM_sequential_r_state_reg_i_3__0/O
                         net (fo=4, routed)           0.076    17.841    iob_soc_memwrapper/iob_core_inst/periphs_axi2iob/iob_reg_rvalid/reg0/m_axil_araddr_reg_reg[0]
    SLICE_X0Y120         LUT3 (Prop_B5LUT_SLICEL_I2_O)
                                                      0.124    17.965 r  iob_soc_memwrapper/iob_core_inst/periphs_axi2iob/iob_reg_rvalid/reg0/m_axil_araddr_reg[27]_i_1/O
                         net (fo=4, routed)           0.972    18.937    iob_soc_memwrapper/iob_core_inst/periphs_axi2iob/m_axil_araddr_next
    SLICE_X1Y147         FDCE                                         r  iob_soc_memwrapper/iob_core_inst/periphs_axi2iob/m_axil_araddr_reg_reg[26]/CE
  -------------------------------------------------------------------    -------------------

                         (clock clk_out1_clock_wizard rise edge)
                                                     17.000    17.000 r  
    H22                                               0.000    17.000 r  c0_sys_clk_clk_p_i (IN)
                         net (fo=0)                   0.000    17.000    clk_250_to_100_MHz/clock_wizard_inst/clkin1_ibufds/I
    HPIOBDIFFINBUF_X0Y36 DIFFINBUF (Prop_DIFFINBUF_HPIOBDIFFINBUF_DIFF_IN_P_O)
                                                      0.374    17.374 r  clk_250_to_100_MHz/clock_wizard_inst/clkin1_ibufds/DIFFINBUF_INST/O
                         net (fo=1, routed)           0.055    17.429    clk_250_to_100_MHz/clock_wizard_inst/clkin1_ibufds/OUT
    H22                  IBUFCTRL (Prop_IBUFCTRL_HPIOB_I_O)
                                                      0.000    17.429 r  clk_250_to_100_MHz/clock_wizard_inst/clkin1_ibufds/IBUFCTRL_INST/O
                         net (fo=1, routed)           0.981    18.410    clk_250_to_100_MHz/clock_wizard_inst/clk_in1_clock_wizard
    PLLE3_ADV_X0Y3       PLLE3_ADV (Prop_PLLE3_ADV_CLKIN_CLKOUT0)
                                                      0.250    18.660 r  clk_250_to_100_MHz/clock_wizard_inst/plle3_adv_inst/CLKOUT0
                         net (fo=1, routed)           0.451    19.111    clk_250_to_100_MHz/clock_wizard_inst/clk_out1_clock_wizard
    BUFGCE_X0Y47         BUFGCE (Prop_BUFCE_BUFGCE_I_O)
                                                      0.091    19.202 r  clk_250_to_100_MHz/clock_wizard_inst/clkout1_buf/O
    X0Y1 (CLOCK_ROOT)    net (fo=9788, routed)        1.972    21.174    iob_soc_memwrapper/iob_core_inst/periphs_axi2iob/clk
    SLICE_X1Y147         FDCE                                         r  iob_soc_memwrapper/iob_core_inst/periphs_axi2iob/m_axil_araddr_reg_reg[26]/C
                         clock pessimism              0.269    21.443    
                         clock uncertainty           -0.069    21.374    
    SLICE_X1Y147         FDCE (Setup_CFF_SLICEM_C_CE)
                                                     -0.054    21.320    iob_soc_memwrapper/iob_core_inst/periphs_axi2iob/m_axil_araddr_reg_reg[26]
  -------------------------------------------------------------------
                         required time                         21.320    
                         arrival time                         -18.937    
  -------------------------------------------------------------------
                         slack                                  2.383    

Slack (MET) :             2.383ns  (required time - arrival time)
  Source:                 iob_soc_memwrapper/iob_core_inst/cpu/u_top/u_ibex_core/if_stage_i/g_instr_rdata_ra.instr_rdata_id_reg_inst/no_tmr.reg_inst/reg0/data_o_reg[22]/C
                            (rising edge-triggered cell FDRE clocked by clk_out1_clock_wizard  {rise@0.000ns fall@8.500ns period=17.000ns})
  Destination:            iob_soc_memwrapper/iob_core_inst/periphs_axi2iob/m_axil_araddr_reg_reg[27]/CE
                            (rising edge-triggered cell FDCE clocked by clk_out1_clock_wizard  {rise@0.000ns fall@8.500ns period=17.000ns})
  Path Group:             clk_out1_clock_wizard
  Path Type:              Setup (Max at Slow Process Corner)
  Requirement:            17.000ns  (clk_out1_clock_wizard rise@17.000ns - clk_out1_clock_wizard rise@0.000ns)
  Data Path Delay:        14.206ns  (logic 3.926ns (27.636%)  route 10.280ns (72.364%))
  Logic Levels:           23  (CARRY8=4 LUT3=3 LUT4=4 LUT5=4 LUT6=8)
  Clock Path Skew:        -0.288ns (DCD - SCD + CPR)
    Destination Clock Delay (DCD):    4.174ns = ( 21.174 - 17.000 ) 
    Source Clock Delay      (SCD):    4.731ns
    Clock Pessimism Removal (CPR):    0.269ns
  Clock Uncertainty:      0.069ns  ((TSJ^2 + DJ^2)^1/2) / 2 + PE
    Total System Jitter     (TSJ):    0.071ns
    Discrete Jitter          (DJ):    0.119ns
    Phase Error              (PE):    0.000ns
  Clock Net Delay (Source):      2.291ns (routing 0.396ns, distribution 1.895ns)
  Clock Net Delay (Destination): 1.972ns (routing 0.365ns, distribution 1.607ns)

    Location             Delay type                Incr(ns)  Path(ns)    Netlist Resource(s)
  -------------------------------------------------------------------    -------------------
                         (clock clk_out1_clock_wizard rise edge)
                                                      0.000     0.000 r  
    H22                                               0.000     0.000 r  c0_sys_clk_clk_p_i (IN)
                         net (fo=0)                   0.000     0.000    clk_250_to_100_MHz/clock_wizard_inst/clkin1_ibufds/I
    HPIOBDIFFINBUF_X0Y36 DIFFINBUF (Prop_DIFFINBUF_HPIOBDIFFINBUF_DIFF_IN_P_O)
                                                      0.556     0.556 r  clk_250_to_100_MHz/clock_wizard_inst/clkin1_ibufds/DIFFINBUF_INST/O
                         net (fo=1, routed)           0.104     0.660    clk_250_to_100_MHz/clock_wizard_inst/clkin1_ibufds/OUT
    H22                  IBUFCTRL (Prop_IBUFCTRL_HPIOB_I_O)
                                                      0.000     0.660 r  clk_250_to_100_MHz/clock_wizard_inst/clkin1_ibufds/IBUFCTRL_INST/O
                         net (fo=1, routed)           1.082     1.742    clk_250_to_100_MHz/clock_wizard_inst/clk_in1_clock_wizard
    PLLE3_ADV_X0Y3       PLLE3_ADV (Prop_PLLE3_ADV_CLKIN_CLKOUT0)
                                                      0.068     1.810 r  clk_250_to_100_MHz/clock_wizard_inst/plle3_adv_inst/CLKOUT0
                         net (fo=1, routed)           0.529     2.339    clk_250_to_100_MHz/clock_wizard_inst/clk_out1_clock_wizard
    BUFGCE_X0Y47         BUFGCE (Prop_BUFCE_BUFGCE_I_O)
                                                      0.101     2.440 r  clk_250_to_100_MHz/clock_wizard_inst/clkout1_buf/O
    X0Y1 (CLOCK_ROOT)    net (fo=9788, routed)        2.291     4.731    iob_soc_memwrapper/iob_core_inst/cpu/u_top/u_ibex_core/if_stage_i/g_instr_rdata_ra.instr_rdata_id_reg_inst/no_tmr.reg_inst/reg0/clk
    SLICE_X15Y80         FDRE                                         r  iob_soc_memwrapper/iob_core_inst/cpu/u_top/u_ibex_core/if_stage_i/g_instr_rdata_ra.instr_rdata_id_reg_inst/no_tmr.reg_inst/reg0/data_o_reg[22]/C
  -------------------------------------------------------------------    -------------------
    SLICE_X15Y80         FDRE (Prop_CFF_SLICEM_C_Q)
                                                      0.138     4.869 r  iob_soc_memwrapper/iob_core_inst/cpu/u_top/u_ibex_core/if_stage_i/g_instr_rdata_ra.instr_rdata_id_reg_inst/no_tmr.reg_inst/reg0/data_o_reg[22]/Q
                         net (fo=46, routed)          0.545     5.414    iob_soc_memwrapper/iob_core_inst/cpu/u_top/gen_regfile_fpga.register_file_i/gen_rdata_mux_check.u_prim_onehot_enc_raddr_b/rf_raddr_b[2]
    SLICE_X14Y71         LUT5 (Prop_D5LUT_SLICEL_I1_O)
                                                      0.260     5.674 r  iob_soc_memwrapper/iob_core_inst/cpu/u_top/gen_regfile_fpga.register_file_i/gen_rdata_mux_check.u_prim_onehot_enc_raddr_b/data_o[63]_i_39/O
                         net (fo=39, routed)          0.791     6.465    iob_soc_memwrapper/iob_core_inst/cpu/u_top/u_ibex_core/if_stage_i/g_instr_rdata_ra.instr_rdata_id_reg_inst/no_tmr.reg_inst/reg0/gen_rdata_mux_check.raddr_onehot_b[15]
    SLICE_X12Y58         LUT4 (Prop_G6LUT_SLICEL_I2_O)
                                                      0.089     6.554 r  iob_soc_memwrapper/iob_core_inst/cpu/u_top/u_ibex_core/if_stage_i/g_instr_rdata_ra.instr_rdata_id_reg_inst/no_tmr.reg_inst/reg0/data_o[34]_i_13/O
                         net (fo=1, routed)           0.241     6.795    iob_soc_memwrapper/iob_core_inst/cpu/u_top/u_ibex_core/if_stage_i/g_instr_rdata_ra.instr_rdata_id_reg_inst/no_tmr.reg_inst/reg0/data_o[34]_i_13_n_0
    SLICE_X12Y58         LUT6 (Prop_H6LUT_SLICEL_I0_O)
                                                      0.218     7.013 r  iob_soc_memwrapper/iob_core_inst/cpu/u_top/u_ibex_core/if_stage_i/g_instr_rdata_ra.instr_rdata_id_reg_inst/no_tmr.reg_inst/reg0/data_o[34]_i_8/O
                         net (fo=1, routed)           0.398     7.411    iob_soc_memwrapper/iob_core_inst/cpu/u_top/u_ibex_core/if_stage_i/g_instr_rdata_ra.instr_rdata_id_reg_inst/no_tmr.reg_inst/reg0/data_o[34]_i_8_n_0
    SLICE_X18Y59         LUT6 (Prop_H6LUT_SLICEM_I5_O)
                                                      0.173     7.584 r  iob_soc_memwrapper/iob_core_inst/cpu/u_top/u_ibex_core/if_stage_i/g_instr_rdata_ra.instr_rdata_id_reg_inst/no_tmr.reg_inst/reg0/data_o[34]_i_3/O
                         net (fo=1, routed)           0.266     7.850    iob_soc_memwrapper/iob_core_inst/cpu/u_top/u_ibex_core/if_stage_i/g_instr_rdata_ra.instr_rdata_id_reg_inst/no_tmr.reg_inst/reg0/data_o[34]_i_3_n_0
    SLICE_X19Y61         LUT5 (Prop_C6LUT_SLICEL_I1_O)
                                                      0.219     8.069 r  iob_soc_memwrapper/iob_core_inst/cpu/u_top/u_ibex_core/if_stage_i/g_instr_rdata_ra.instr_rdata_id_reg_inst/no_tmr.reg_inst/reg0/data_o[34]_i_1/O
                         net (fo=10, routed)          0.746     8.815    iob_soc_memwrapper/iob_core_inst/cpu/u_top/u_ibex_core/if_stage_i/g_instr_rdata_ra.instr_rdata_id_reg_inst/no_tmr.reg_inst/reg0/mem_reg[1][9]
    SLICE_X15Y92         LUT6 (Prop_D6LUT_SLICEM_I4_O)
                                                      0.092     8.907 r  iob_soc_memwrapper/iob_core_inst/cpu/u_top/u_ibex_core/if_stage_i/g_instr_rdata_ra.instr_rdata_id_reg_inst/no_tmr.reg_inst/reg0/i___5_i_12__0/O
                         net (fo=3, routed)           0.569     9.476    iob_soc_memwrapper/iob_core_inst/cpu/u_top/u_ibex_core/ex_block_i/alu_operand_b_ex[8]
    SLICE_X14Y103        LUT3 (Prop_B6LUT_SLICEL_I1_O)
                                                      0.053     9.529 r  iob_soc_memwrapper/iob_core_inst/cpu/u_top/u_ibex_core/ex_block_i/adder_result_ext_o_carry__0_i_15/O
                         net (fo=1, routed)           0.000     9.529    iob_soc_memwrapper/iob_core_inst/cpu/u_top/u_ibex_core/ex_block_i/alu_i/data_o_reg[15][1]
    SLICE_X14Y103        CARRY8 (Prop_CARRY8_SLICEL_S[1]_CO[7])
                                                      0.408     9.937 r  iob_soc_memwrapper/iob_core_inst/cpu/u_top/u_ibex_core/ex_block_i/alu_i/adder_result_ext_o_carry__0/CO[7]
                         net (fo=1, routed)           0.030     9.967    iob_soc_memwrapper/iob_core_inst/cpu/u_top/u_ibex_core/ex_block_i/alu_i/adder_result_ext_o_carry__0_n_0
    SLICE_X14Y104        CARRY8 (Prop_CARRY8_SLICEL_CI_CO[7])
                                                      0.025     9.992 r  iob_soc_memwrapper/iob_core_inst/cpu/u_top/u_ibex_core/ex_block_i/alu_i/adder_result_ext_o_carry__1/CO[7]
                         net (fo=1, routed)           0.030    10.022    iob_soc_memwrapper/iob_core_inst/cpu/u_top/u_ibex_core/ex_block_i/alu_i/adder_result_ext_o_carry__1_n_0
    SLICE_X14Y105        CARRY8 (Prop_CARRY8_SLICEL_CI_O[0])
                                                      0.132    10.154 r  iob_soc_memwrapper/iob_core_inst/cpu/u_top/u_ibex_core/ex_block_i/alu_i/adder_result_ext_o_carry__2/O[0]
                         net (fo=88, routed)          1.394    11.548    iob_soc_memwrapper/iob_core_inst/cpu/u_top/u_ibex_core/cs_registers_i/g_pmp_registers.g_pmp_csrs[8].u_pmp_cfg_csr/rdata_reg_inst/no_tmr.reg_inst/reg0/alu_adder_result_ex_o[22]
    SLICE_X2Y139         LUT6 (Prop_G6LUT_SLICEL_I0_O)
                                                      0.166    11.714 r  iob_soc_memwrapper/iob_core_inst/cpu/u_top/u_ibex_core/cs_registers_i/g_pmp_registers.g_pmp_csrs[8].u_pmp_cfg_csr/rdata_reg_inst/no_tmr.reg_inst/reg0/core_outputs_q_reg[1][data_req]_srl2_i_141/O
                         net (fo=1, routed)           0.475    12.189    iob_soc_memwrapper/iob_core_inst/cpu/u_top/u_ibex_core/g_pmp.pmp_i/core_outputs_q_reg[1][data_req]_srl2_i_13[3]
    SLICE_X3Y139         CARRY8 (Prop_CARRY8_SLICEL_DI[3]_CO[7])
                                                      0.432    12.621 r  iob_soc_memwrapper/iob_core_inst/cpu/u_top/u_ibex_core/g_pmp.pmp_i/core_outputs_q_reg[1][data_req]_srl2_i_42/CO[7]
                         net (fo=1, routed)           0.498    13.119    iob_soc_memwrapper/iob_core_inst/cpu/u_top/u_ibex_core/cs_registers_i/g_pmp_registers.g_pmp_csrs[8].u_pmp_cfg_csr/rdata_reg_inst/no_tmr.reg_inst/reg0/core_outputs_q_reg[1][data_req]_srl2_i_55_1[0]
    SLICE_X5Y135         LUT5 (Prop_D5LUT_SLICEM_I4_O)
                                                      0.171    13.290 r  iob_soc_memwrapper/iob_core_inst/cpu/u_top/u_ibex_core/cs_registers_i/g_pmp_registers.g_pmp_csrs[8].u_pmp_cfg_csr/rdata_reg_inst/no_tmr.reg_inst/reg0/core_outputs_q_reg[1][data_req]_srl2_i_13/O
                         net (fo=5, routed)           0.712    14.002    iob_soc_memwrapper/iob_core_inst/cpu/u_top/u_ibex_core/cs_registers_i/g_pmp_registers.g_pmp_csrs[10].u_pmp_cfg_csr/rdata_reg_inst/no_tmr.reg_inst/reg0/g_access_check[2].g_regions[8].region_match_all_reg[2]_70
    SLICE_X15Y136        LUT6 (Prop_G6LUT_SLICEM_I1_O)
                                                      0.168    14.170 r  iob_soc_memwrapper/iob_core_inst/cpu/u_top/u_ibex_core/cs_registers_i/g_pmp_registers.g_pmp_csrs[10].u_pmp_cfg_csr/rdata_reg_inst/no_tmr.reg_inst/reg0/core_outputs_q_reg[1][data_req]_srl2_i_55/O
                         net (fo=4, routed)           0.095    14.265    iob_soc_memwrapper/iob_core_inst/cpu/u_top/u_ibex_core/cs_registers_i/g_pmp_registers.g_pmp_csrs[13].u_pmp_cfg_csr/rdata_reg_inst/no_tmr.reg_inst/reg0/core_outputs_q_reg[1][data_req]_srl2_i_7
    SLICE_X15Y136        LUT4 (Prop_D5LUT_SLICEM_I2_O)
                                                      0.193    14.458 r  iob_soc_memwrapper/iob_core_inst/cpu/u_top/u_ibex_core/cs_registers_i/g_pmp_registers.g_pmp_csrs[13].u_pmp_cfg_csr/rdata_reg_inst/no_tmr.reg_inst/reg0/core_outputs_q_reg[1][data_req]_srl2_i_24/O
                         net (fo=2, routed)           0.235    14.693    iob_soc_memwrapper/iob_core_inst/cpu/u_top/u_ibex_core/cs_registers_i/g_pmp_registers.g_pmp_csrs[14].u_pmp_cfg_csr/rdata_reg_inst/no_tmr.reg_inst/reg0/core_outputs_q_reg[1][data_req]_srl2_i_3
    SLICE_X16Y136        LUT3 (Prop_B6LUT_SLICEL_I1_O)
                                                      0.053    14.746 f  iob_soc_memwrapper/iob_core_inst/cpu/u_top/u_ibex_core/cs_registers_i/g_pmp_registers.g_pmp_csrs[14].u_pmp_cfg_csr/rdata_reg_inst/no_tmr.reg_inst/reg0/core_outputs_q_reg[1][data_req]_srl2_i_7/O
                         net (fo=2, routed)           0.258    15.004    iob_soc_memwrapper/iob_core_inst/cpu/u_top/u_ibex_core/cs_registers_i/g_pmp_registers.g_pmp_csrs[13].u_pmp_cfg_csr/rdata_reg_inst/no_tmr.reg_inst/reg0/data_o[0]_i_5__5
    SLICE_X15Y135        LUT5 (Prop_E6LUT_SLICEM_I1_O)
                                                      0.225    15.229 r  iob_soc_memwrapper/iob_core_inst/cpu/u_top/u_ibex_core/cs_registers_i/g_pmp_registers.g_pmp_csrs[13].u_pmp_cfg_csr/rdata_reg_inst/no_tmr.reg_inst/reg0/core_outputs_q_reg[1][data_req]_srl2_i_3/O
                         net (fo=4, routed)           0.582    15.811    iob_soc_memwrapper/iob_core_inst/cpu/u_top/u_ibex_core/cs_registers_i/g_pmp_registers.g_pmp_csrs[13].u_pmp_cfg_csr/rdata_reg_inst/no_tmr.reg_inst/reg0/core_outputs_q_reg[1][data_req]_srl2_i_10
    SLICE_X11Y118        LUT6 (Prop_H6LUT_SLICEM_I3_O)
                                                      0.055    15.866 f  iob_soc_memwrapper/iob_core_inst/cpu/u_top/u_ibex_core/cs_registers_i/g_pmp_registers.g_pmp_csrs[13].u_pmp_cfg_csr/rdata_reg_inst/no_tmr.reg_inst/reg0/core_outputs_q_reg[1][data_req]_srl2_i_1/O
                         net (fo=17, routed)          0.585    16.451    iob_soc_memwrapper/iob_core_inst/iob_axi_full_xbar/iob_axi_split_1/active_transaction_read_reg_re/reg0/data_req_o
    SLICE_X4Y118         LUT6 (Prop_F6LUT_SLICEM_I0_O)
                                                      0.093    16.544 r  iob_soc_memwrapper/iob_core_inst/iob_axi_full_xbar/iob_axi_split_1/active_transaction_read_reg_re/reg0/data_o[0]_i_2__37/O
                         net (fo=2, routed)           0.269    16.813    iob_soc_memwrapper/iob_core_inst/iob_axi_full_xbar/iob_axi_split_0/read_sel_reg_r/iob_reg_inst/data_o[0]_i_3__33
    SLICE_X3Y120         LUT6 (Prop_B6LUT_SLICEL_I5_O)
                                                      0.147    16.960 f  iob_soc_memwrapper/iob_core_inst/iob_axi_full_xbar/iob_axi_split_0/read_sel_reg_r/iob_reg_inst/data_o[172]_i_9/O
                         net (fo=58, routed)          0.149    17.109    iob_soc_memwrapper/iob_core_inst/iob_axi_full_xbar/iob_axi_split_0/active_transaction_read_reg_re/reg0/data_o_reg[0]_3
    SLICE_X3Y120         LUT4 (Prop_E6LUT_SLICEL_I3_O)
                                                      0.146    17.255 f  iob_soc_memwrapper/iob_core_inst/iob_axi_full_xbar/iob_axi_split_0/active_transaction_read_reg_re/reg0/data_o[0]_i_3__33/O
                         net (fo=4, routed)           0.364    17.619    iob_soc_memwrapper/iob_core_inst/iob_axi_full_xbar/iob_axi_merge_2/active_transaction_read_reg_re/reg0/data_o_reg[0]_3
    SLICE_X0Y120         LUT4 (Prop_C6LUT_SLICEL_I1_O)
                                                      0.146    17.765 r  iob_soc_memwrapper/iob_core_inst/iob_axi_full_xbar/iob_axi_merge_2/active_transaction_read_reg_re/reg0/FSM_sequential_r_state_reg_i_3__0/O
                         net (fo=4, routed)           0.076    17.841    iob_soc_memwrapper/iob_core_inst/periphs_axi2iob/iob_reg_rvalid/reg0/m_axil_araddr_reg_reg[0]
    SLICE_X0Y120         LUT3 (Prop_B5LUT_SLICEL_I2_O)
                                                      0.124    17.965 r  iob_soc_memwrapper/iob_core_inst/periphs_axi2iob/iob_reg_rvalid/reg0/m_axil_araddr_reg[27]_i_1/O
                         net (fo=4, routed)           0.972    18.937    iob_soc_memwrapper/iob_core_inst/periphs_axi2iob/m_axil_araddr_next
    SLICE_X1Y147         FDCE                                         r  iob_soc_memwrapper/iob_core_inst/periphs_axi2iob/m_axil_araddr_reg_reg[27]/CE
  -------------------------------------------------------------------    -------------------

                         (clock clk_out1_clock_wizard rise edge)
                                                     17.000    17.000 r  
    H22                                               0.000    17.000 r  c0_sys_clk_clk_p_i (IN)
                         net (fo=0)                   0.000    17.000    clk_250_to_100_MHz/clock_wizard_inst/clkin1_ibufds/I
    HPIOBDIFFINBUF_X0Y36 DIFFINBUF (Prop_DIFFINBUF_HPIOBDIFFINBUF_DIFF_IN_P_O)
                                                      0.374    17.374 r  clk_250_to_100_MHz/clock_wizard_inst/clkin1_ibufds/DIFFINBUF_INST/O
                         net (fo=1, routed)           0.055    17.429    clk_250_to_100_MHz/clock_wizard_inst/clkin1_ibufds/OUT
    H22                  IBUFCTRL (Prop_IBUFCTRL_HPIOB_I_O)
                                                      0.000    17.429 r  clk_250_to_100_MHz/clock_wizard_inst/clkin1_ibufds/IBUFCTRL_INST/O
                         net (fo=1, routed)           0.981    18.410    clk_250_to_100_MHz/clock_wizard_inst/clk_in1_clock_wizard
    PLLE3_ADV_X0Y3       PLLE3_ADV (Prop_PLLE3_ADV_CLKIN_CLKOUT0)
                                                      0.250    18.660 r  clk_250_to_100_MHz/clock_wizard_inst/plle3_adv_inst/CLKOUT0
                         net (fo=1, routed)           0.451    19.111    clk_250_to_100_MHz/clock_wizard_inst/clk_out1_clock_wizard
    BUFGCE_X0Y47         BUFGCE (Prop_BUFCE_BUFGCE_I_O)
                                                      0.091    19.202 r  clk_250_to_100_MHz/clock_wizard_inst/clkout1_buf/O
    X0Y1 (CLOCK_ROOT)    net (fo=9788, routed)        1.972    21.174    iob_soc_memwrapper/iob_core_inst/periphs_axi2iob/clk
    SLICE_X1Y147         FDCE                                         r  iob_soc_memwrapper/iob_core_inst/periphs_axi2iob/m_axil_araddr_reg_reg[27]/C
                         clock pessimism              0.269    21.443    
                         clock uncertainty           -0.069    21.374    
    SLICE_X1Y147         FDCE (Setup_DFF_SLICEM_C_CE)
                                                     -0.054    21.320    iob_soc_memwrapper/iob_core_inst/periphs_axi2iob/m_axil_araddr_reg_reg[27]
  -------------------------------------------------------------------
                         required time                         21.320    
                         arrival time                         -18.937    
  -------------------------------------------------------------------
                         slack                                  2.383    

Slack (MET) :             2.415ns  (required time - arrival time)
  Source:                 iob_soc_memwrapper/iob_core_inst/cpu/u_top/u_ibex_core/if_stage_i/g_instr_rdata_ra.instr_rdata_id_reg_inst/no_tmr.reg_inst/reg0/data_o_reg[22]/C
                            (rising edge-triggered cell FDRE clocked by clk_out1_clock_wizard  {rise@0.000ns fall@8.500ns period=17.000ns})
  Destination:            iob_soc_memwrapper/iob_core_inst/periphs_axi2iob/w_addr_reg_reg[11]/CE
                            (rising edge-triggered cell FDCE clocked by clk_out1_clock_wizard  {rise@0.000ns fall@8.500ns period=17.000ns})
  Path Group:             clk_out1_clock_wizard
  Path Type:              Setup (Max at Slow Process Corner)
  Requirement:            17.000ns  (clk_out1_clock_wizard rise@17.000ns - clk_out1_clock_wizard rise@0.000ns)
  Data Path Delay:        14.254ns  (logic 3.890ns (27.291%)  route 10.364ns (72.709%))
  Logic Levels:           22  (CARRY8=4 LUT3=3 LUT4=5 LUT5=4 LUT6=6)
  Clock Path Skew:        -0.208ns (DCD - SCD + CPR)
    Destination Clock Delay (DCD):    4.140ns = ( 21.140 - 17.000 ) 
    Source Clock Delay      (SCD):    4.731ns
    Clock Pessimism Removal (CPR):    0.383ns
  Clock Uncertainty:      0.069ns  ((TSJ^2 + DJ^2)^1/2) / 2 + PE
    Total System Jitter     (TSJ):    0.071ns
    Discrete Jitter          (DJ):    0.119ns
    Phase Error              (PE):    0.000ns
  Clock Net Delay (Source):      2.291ns (routing 0.396ns, distribution 1.895ns)
  Clock Net Delay (Destination): 1.938ns (routing 0.365ns, distribution 1.573ns)

    Location             Delay type                Incr(ns)  Path(ns)    Netlist Resource(s)
  -------------------------------------------------------------------    -------------------
                         (clock clk_out1_clock_wizard rise edge)
                                                      0.000     0.000 r  
    H22                                               0.000     0.000 r  c0_sys_clk_clk_p_i (IN)
                         net (fo=0)                   0.000     0.000    clk_250_to_100_MHz/clock_wizard_inst/clkin1_ibufds/I
    HPIOBDIFFINBUF_X0Y36 DIFFINBUF (Prop_DIFFINBUF_HPIOBDIFFINBUF_DIFF_IN_P_O)
                                                      0.556     0.556 r  clk_250_to_100_MHz/clock_wizard_inst/clkin1_ibufds/DIFFINBUF_INST/O
                         net (fo=1, routed)           0.104     0.660    clk_250_to_100_MHz/clock_wizard_inst/clkin1_ibufds/OUT
    H22                  IBUFCTRL (Prop_IBUFCTRL_HPIOB_I_O)
                                                      0.000     0.660 r  clk_250_to_100_MHz/clock_wizard_inst/clkin1_ibufds/IBUFCTRL_INST/O
                         net (fo=1, routed)           1.082     1.742    clk_250_to_100_MHz/clock_wizard_inst/clk_in1_clock_wizard
    PLLE3_ADV_X0Y3       PLLE3_ADV (Prop_PLLE3_ADV_CLKIN_CLKOUT0)
                                                      0.068     1.810 r  clk_250_to_100_MHz/clock_wizard_inst/plle3_adv_inst/CLKOUT0
                         net (fo=1, routed)           0.529     2.339    clk_250_to_100_MHz/clock_wizard_inst/clk_out1_clock_wizard
    BUFGCE_X0Y47         BUFGCE (Prop_BUFCE_BUFGCE_I_O)
                                                      0.101     2.440 r  clk_250_to_100_MHz/clock_wizard_inst/clkout1_buf/O
    X0Y1 (CLOCK_ROOT)    net (fo=9788, routed)        2.291     4.731    iob_soc_memwrapper/iob_core_inst/cpu/u_top/u_ibex_core/if_stage_i/g_instr_rdata_ra.instr_rdata_id_reg_inst/no_tmr.reg_inst/reg0/clk
    SLICE_X15Y80         FDRE                                         r  iob_soc_memwrapper/iob_core_inst/cpu/u_top/u_ibex_core/if_stage_i/g_instr_rdata_ra.instr_rdata_id_reg_inst/no_tmr.reg_inst/reg0/data_o_reg[22]/C
  -------------------------------------------------------------------    -------------------
    SLICE_X15Y80         FDRE (Prop_CFF_SLICEM_C_Q)
                                                      0.138     4.869 r  iob_soc_memwrapper/iob_core_inst/cpu/u_top/u_ibex_core/if_stage_i/g_instr_rdata_ra.instr_rdata_id_reg_inst/no_tmr.reg_inst/reg0/data_o_reg[22]/Q
                         net (fo=46, routed)          0.545     5.414    iob_soc_memwrapper/iob_core_inst/cpu/u_top/gen_regfile_fpga.register_file_i/gen_rdata_mux_check.u_prim_onehot_enc_raddr_b/rf_raddr_b[2]
    SLICE_X14Y71         LUT5 (Prop_D5LUT_SLICEL_I1_O)
                                                      0.260     5.674 r  iob_soc_memwrapper/iob_core_inst/cpu/u_top/gen_regfile_fpga.register_file_i/gen_rdata_mux_check.u_prim_onehot_enc_raddr_b/data_o[63]_i_39/O
                         net (fo=39, routed)          0.791     6.465    iob_soc_memwrapper/iob_core_inst/cpu/u_top/u_ibex_core/if_stage_i/g_instr_rdata_ra.instr_rdata_id_reg_inst/no_tmr.reg_inst/reg0/gen_rdata_mux_check.raddr_onehot_b[15]
    SLICE_X12Y58         LUT4 (Prop_G6LUT_SLICEL_I2_O)
                                                      0.089     6.554 r  iob_soc_memwrapper/iob_core_inst/cpu/u_top/u_ibex_core/if_stage_i/g_instr_rdata_ra.instr_rdata_id_reg_inst/no_tmr.reg_inst/reg0/data_o[34]_i_13/O
                         net (fo=1, routed)           0.241     6.795    iob_soc_memwrapper/iob_core_inst/cpu/u_top/u_ibex_core/if_stage_i/g_instr_rdata_ra.instr_rdata_id_reg_inst/no_tmr.reg_inst/reg0/data_o[34]_i_13_n_0
    SLICE_X12Y58         LUT6 (Prop_H6LUT_SLICEL_I0_O)
                                                      0.218     7.013 r  iob_soc_memwrapper/iob_core_inst/cpu/u_top/u_ibex_core/if_stage_i/g_instr_rdata_ra.instr_rdata_id_reg_inst/no_tmr.reg_inst/reg0/data_o[34]_i_8/O
                         net (fo=1, routed)           0.398     7.411    iob_soc_memwrapper/iob_core_inst/cpu/u_top/u_ibex_core/if_stage_i/g_instr_rdata_ra.instr_rdata_id_reg_inst/no_tmr.reg_inst/reg0/data_o[34]_i_8_n_0
    SLICE_X18Y59         LUT6 (Prop_H6LUT_SLICEM_I5_O)
                                                      0.173     7.584 r  iob_soc_memwrapper/iob_core_inst/cpu/u_top/u_ibex_core/if_stage_i/g_instr_rdata_ra.instr_rdata_id_reg_inst/no_tmr.reg_inst/reg0/data_o[34]_i_3/O
                         net (fo=1, routed)           0.266     7.850    iob_soc_memwrapper/iob_core_inst/cpu/u_top/u_ibex_core/if_stage_i/g_instr_rdata_ra.instr_rdata_id_reg_inst/no_tmr.reg_inst/reg0/data_o[34]_i_3_n_0
    SLICE_X19Y61         LUT5 (Prop_C6LUT_SLICEL_I1_O)
                                                      0.219     8.069 r  iob_soc_memwrapper/iob_core_inst/cpu/u_top/u_ibex_core/if_stage_i/g_instr_rdata_ra.instr_rdata_id_reg_inst/no_tmr.reg_inst/reg0/data_o[34]_i_1/O
                         net (fo=10, routed)          0.746     8.815    iob_soc_memwrapper/iob_core_inst/cpu/u_top/u_ibex_core/if_stage_i/g_instr_rdata_ra.instr_rdata_id_reg_inst/no_tmr.reg_inst/reg0/mem_reg[1][9]
    SLICE_X15Y92         LUT6 (Prop_D6LUT_SLICEM_I4_O)
                                                      0.092     8.907 r  iob_soc_memwrapper/iob_core_inst/cpu/u_top/u_ibex_core/if_stage_i/g_instr_rdata_ra.instr_rdata_id_reg_inst/no_tmr.reg_inst/reg0/i___5_i_12__0/O
                         net (fo=3, routed)           0.569     9.476    iob_soc_memwrapper/iob_core_inst/cpu/u_top/u_ibex_core/ex_block_i/alu_operand_b_ex[8]
    SLICE_X14Y103        LUT3 (Prop_B6LUT_SLICEL_I1_O)
                                                      0.053     9.529 r  iob_soc_memwrapper/iob_core_inst/cpu/u_top/u_ibex_core/ex_block_i/adder_result_ext_o_carry__0_i_15/O
                         net (fo=1, routed)           0.000     9.529    iob_soc_memwrapper/iob_core_inst/cpu/u_top/u_ibex_core/ex_block_i/alu_i/data_o_reg[15][1]
    SLICE_X14Y103        CARRY8 (Prop_CARRY8_SLICEL_S[1]_CO[7])
                                                      0.408     9.937 r  iob_soc_memwrapper/iob_core_inst/cpu/u_top/u_ibex_core/ex_block_i/alu_i/adder_result_ext_o_carry__0/CO[7]
                         net (fo=1, routed)           0.030     9.967    iob_soc_memwrapper/iob_core_inst/cpu/u_top/u_ibex_core/ex_block_i/alu_i/adder_result_ext_o_carry__0_n_0
    SLICE_X14Y104        CARRY8 (Prop_CARRY8_SLICEL_CI_CO[7])
                                                      0.025     9.992 r  iob_soc_memwrapper/iob_core_inst/cpu/u_top/u_ibex_core/ex_block_i/alu_i/adder_result_ext_o_carry__1/CO[7]
                         net (fo=1, routed)           0.030    10.022    iob_soc_memwrapper/iob_core_inst/cpu/u_top/u_ibex_core/ex_block_i/alu_i/adder_result_ext_o_carry__1_n_0
    SLICE_X14Y105        CARRY8 (Prop_CARRY8_SLICEL_CI_O[0])
                                                      0.132    10.154 f  iob_soc_memwrapper/iob_core_inst/cpu/u_top/u_ibex_core/ex_block_i/alu_i/adder_result_ext_o_carry__2/O[0]
                         net (fo=88, routed)          1.394    11.548    iob_soc_memwrapper/iob_core_inst/cpu/u_top/u_ibex_core/cs_registers_i/g_pmp_registers.g_pmp_csrs[8].u_pmp_cfg_csr/rdata_reg_inst/no_tmr.reg_inst/reg0/alu_adder_result_ex_o[22]
    SLICE_X2Y139         LUT6 (Prop_G6LUT_SLICEL_I0_O)
                                                      0.166    11.714 f  iob_soc_memwrapper/iob_core_inst/cpu/u_top/u_ibex_core/cs_registers_i/g_pmp_registers.g_pmp_csrs[8].u_pmp_cfg_csr/rdata_reg_inst/no_tmr.reg_inst/reg0/core_outputs_q_reg[1][data_req]_srl2_i_141/O
                         net (fo=1, routed)           0.475    12.189    iob_soc_memwrapper/iob_core_inst/cpu/u_top/u_ibex_core/g_pmp.pmp_i/core_outputs_q_reg[1][data_req]_srl2_i_13[3]
    SLICE_X3Y139         CARRY8 (Prop_CARRY8_SLICEL_DI[3]_CO[7])
                                                      0.432    12.621 f  iob_soc_memwrapper/iob_core_inst/cpu/u_top/u_ibex_core/g_pmp.pmp_i/core_outputs_q_reg[1][data_req]_srl2_i_42/CO[7]
                         net (fo=1, routed)           0.498    13.119    iob_soc_memwrapper/iob_core_inst/cpu/u_top/u_ibex_core/cs_registers_i/g_pmp_registers.g_pmp_csrs[8].u_pmp_cfg_csr/rdata_reg_inst/no_tmr.reg_inst/reg0/core_outputs_q_reg[1][data_req]_srl2_i_55_1[0]
    SLICE_X5Y135         LUT5 (Prop_D5LUT_SLICEM_I4_O)
                                                      0.171    13.290 f  iob_soc_memwrapper/iob_core_inst/cpu/u_top/u_ibex_core/cs_registers_i/g_pmp_registers.g_pmp_csrs[8].u_pmp_cfg_csr/rdata_reg_inst/no_tmr.reg_inst/reg0/core_outputs_q_reg[1][data_req]_srl2_i_13/O
                         net (fo=5, routed)           0.712    14.002    iob_soc_memwrapper/iob_core_inst/cpu/u_top/u_ibex_core/cs_registers_i/g_pmp_registers.g_pmp_csrs[10].u_pmp_cfg_csr/rdata_reg_inst/no_tmr.reg_inst/reg0/g_access_check[2].g_regions[8].region_match_all_reg[2]_70
    SLICE_X15Y136        LUT6 (Prop_G6LUT_SLICEM_I1_O)
                                                      0.168    14.170 f  iob_soc_memwrapper/iob_core_inst/cpu/u_top/u_ibex_core/cs_registers_i/g_pmp_registers.g_pmp_csrs[10].u_pmp_cfg_csr/rdata_reg_inst/no_tmr.reg_inst/reg0/core_outputs_q_reg[1][data_req]_srl2_i_55/O
                         net (fo=4, routed)           0.095    14.265    iob_soc_memwrapper/iob_core_inst/cpu/u_top/u_ibex_core/cs_registers_i/g_pmp_registers.g_pmp_csrs[13].u_pmp_cfg_csr/rdata_reg_inst/no_tmr.reg_inst/reg0/core_outputs_q_reg[1][data_req]_srl2_i_7
    SLICE_X15Y136        LUT4 (Prop_D5LUT_SLICEM_I2_O)
                                                      0.193    14.458 f  iob_soc_memwrapper/iob_core_inst/cpu/u_top/u_ibex_core/cs_registers_i/g_pmp_registers.g_pmp_csrs[13].u_pmp_cfg_csr/rdata_reg_inst/no_tmr.reg_inst/reg0/core_outputs_q_reg[1][data_req]_srl2_i_24/O
                         net (fo=2, routed)           0.235    14.693    iob_soc_memwrapper/iob_core_inst/cpu/u_top/u_ibex_core/cs_registers_i/g_pmp_registers.g_pmp_csrs[14].u_pmp_cfg_csr/rdata_reg_inst/no_tmr.reg_inst/reg0/core_outputs_q_reg[1][data_req]_srl2_i_3
    SLICE_X16Y136        LUT3 (Prop_B6LUT_SLICEL_I1_O)
                                                      0.053    14.746 r  iob_soc_memwrapper/iob_core_inst/cpu/u_top/u_ibex_core/cs_registers_i/g_pmp_registers.g_pmp_csrs[14].u_pmp_cfg_csr/rdata_reg_inst/no_tmr.reg_inst/reg0/core_outputs_q_reg[1][data_req]_srl2_i_7/O
                         net (fo=2, routed)           0.258    15.004    iob_soc_memwrapper/iob_core_inst/cpu/u_top/u_ibex_core/cs_registers_i/g_pmp_registers.g_pmp_csrs[13].u_pmp_cfg_csr/rdata_reg_inst/no_tmr.reg_inst/reg0/data_o[0]_i_5__5
    SLICE_X15Y135        LUT5 (Prop_E6LUT_SLICEM_I1_O)
                                                      0.225    15.229 f  iob_soc_memwrapper/iob_core_inst/cpu/u_top/u_ibex_core/cs_registers_i/g_pmp_registers.g_pmp_csrs[13].u_pmp_cfg_csr/rdata_reg_inst/no_tmr.reg_inst/reg0/core_outputs_q_reg[1][data_req]_srl2_i_3/O
                         net (fo=4, routed)           0.559    15.788    iob_soc_memwrapper/iob_core_inst/cpu/u_top/u_ibex_core/cs_registers_i/g_pmp_registers.g_pmp_csrs[13].u_pmp_cfg_csr/rdata_reg_inst/no_tmr.reg_inst/reg0/core_outputs_q_reg[1][data_req]_srl2_i_10
    SLICE_X12Y118        LUT6 (Prop_H6LUT_SLICEL_I3_O)
                                                      0.089    15.877 f  iob_soc_memwrapper/iob_core_inst/cpu/u_top/u_ibex_core/cs_registers_i/g_pmp_registers.g_pmp_csrs[13].u_pmp_cfg_csr/rdata_reg_inst/no_tmr.reg_inst/reg0/data_o[0]_i_3__30/O
                         net (fo=14, routed)          0.666    16.543    iob_soc_memwrapper/iob_core_inst/iob_axi_full_xbar/iob_axi_merge_2/busy_write_reg_re/reg0/data_o_reg[0]_3
    SLICE_X8Y105         LUT4 (Prop_G6LUT_SLICEL_I0_O)
                                                      0.089    16.632 f  iob_soc_memwrapper/iob_core_inst/iob_axi_full_xbar/iob_axi_merge_2/busy_write_reg_re/reg0/data_o[0]_i_2__31/O
                         net (fo=71, routed)          0.778    17.410    iob_soc_memwrapper/iob_core_inst/iob_axi_full_xbar/iob_axi_merge_2/busy_write_reg_re/reg0/data_o_reg[0]_0
    SLICE_X3Y79          LUT4 (Prop_A6LUT_SLICEL_I0_O)
                                                      0.166    17.576 f  iob_soc_memwrapper/iob_core_inst/iob_axi_full_xbar/iob_axi_merge_2/busy_write_reg_re/reg0/FSM_sequential_w_state_reg[0]_i_3/O
                         net (fo=3, routed)           0.232    17.808    iob_soc_memwrapper/iob_core_inst/periphs_axi2iob/s_axi_wready_reg_reg_0
    SLICE_X2Y79          LUT3 (Prop_C6LUT_SLICEL_I0_O)
                                                      0.088    17.896 r  iob_soc_memwrapper/iob_core_inst/periphs_axi2iob/m_axil_wstrb_reg[3]_i_1__0/O
                         net (fo=33, routed)          0.279    18.175    iob_soc_memwrapper/iob_core_inst/periphs_axi2iob/m_axil_wdata_next
    SLICE_X2Y79          LUT4 (Prop_C5LUT_SLICEL_I3_O)
                                                      0.243    18.418 r  iob_soc_memwrapper/iob_core_inst/periphs_axi2iob/w_burst_reg[7]_i_1__0/O
                         net (fo=37, routed)          0.567    18.985    iob_soc_memwrapper/iob_core_inst/periphs_axi2iob/w_burst_reg[7]_i_1__0_n_0
    SLICE_X1Y79          FDCE                                         r  iob_soc_memwrapper/iob_core_inst/periphs_axi2iob/w_addr_reg_reg[11]/CE
  -------------------------------------------------------------------    -------------------

                         (clock clk_out1_clock_wizard rise edge)
                                                     17.000    17.000 r  
    H22                                               0.000    17.000 r  c0_sys_clk_clk_p_i (IN)
                         net (fo=0)                   0.000    17.000    clk_250_to_100_MHz/clock_wizard_inst/clkin1_ibufds/I
    HPIOBDIFFINBUF_X0Y36 DIFFINBUF (Prop_DIFFINBUF_HPIOBDIFFINBUF_DIFF_IN_P_O)
                                                      0.374    17.374 r  clk_250_to_100_MHz/clock_wizard_inst/clkin1_ibufds/DIFFINBUF_INST/O
                         net (fo=1, routed)           0.055    17.429    clk_250_to_100_MHz/clock_wizard_inst/clkin1_ibufds/OUT
    H22                  IBUFCTRL (Prop_IBUFCTRL_HPIOB_I_O)
                                                      0.000    17.429 r  clk_250_to_100_MHz/clock_wizard_inst/clkin1_ibufds/IBUFCTRL_INST/O
                         net (fo=1, routed)           0.981    18.410    clk_250_to_100_MHz/clock_wizard_inst/clk_in1_clock_wizard
    PLLE3_ADV_X0Y3       PLLE3_ADV (Prop_PLLE3_ADV_CLKIN_CLKOUT0)
                                                      0.250    18.660 r  clk_250_to_100_MHz/clock_wizard_inst/plle3_adv_inst/CLKOUT0
                         net (fo=1, routed)           0.451    19.111    clk_250_to_100_MHz/clock_wizard_inst/clk_out1_clock_wizard
    BUFGCE_X0Y47         BUFGCE (Prop_BUFCE_BUFGCE_I_O)
                                                      0.091    19.202 r  clk_250_to_100_MHz/clock_wizard_inst/clkout1_buf/O
    X0Y1 (CLOCK_ROOT)    net (fo=9788, routed)        1.938    21.140    iob_soc_memwrapper/iob_core_inst/periphs_axi2iob/clk
    SLICE_X1Y79          FDCE                                         r  iob_soc_memwrapper/iob_core_inst/periphs_axi2iob/w_addr_reg_reg[11]/C
                         clock pessimism              0.383    21.523    
                         clock uncertainty           -0.069    21.454    
    SLICE_X1Y79          FDCE (Setup_DFF_SLICEM_C_CE)
                                                     -0.054    21.400    iob_soc_memwrapper/iob_core_inst/periphs_axi2iob/w_addr_reg_reg[11]
  -------------------------------------------------------------------
                         required time                         21.400    
                         arrival time                         -18.985    
  -------------------------------------------------------------------
                         slack                                  2.415    

Slack (MET) :             2.415ns  (required time - arrival time)
  Source:                 iob_soc_memwrapper/iob_core_inst/cpu/u_top/u_ibex_core/if_stage_i/g_instr_rdata_ra.instr_rdata_id_reg_inst/no_tmr.reg_inst/reg0/data_o_reg[22]/C
                            (rising edge-triggered cell FDRE clocked by clk_out1_clock_wizard  {rise@0.000ns fall@8.500ns period=17.000ns})
  Destination:            iob_soc_memwrapper/iob_core_inst/periphs_axi2iob/w_addr_reg_reg[13]/CE
                            (rising edge-triggered cell FDCE clocked by clk_out1_clock_wizard  {rise@0.000ns fall@8.500ns period=17.000ns})
  Path Group:             clk_out1_clock_wizard
  Path Type:              Setup (Max at Slow Process Corner)
  Requirement:            17.000ns  (clk_out1_clock_wizard rise@17.000ns - clk_out1_clock_wizard rise@0.000ns)
  Data Path Delay:        14.254ns  (logic 3.890ns (27.291%)  route 10.364ns (72.709%))
  Logic Levels:           22  (CARRY8=4 LUT3=3 LUT4=5 LUT5=4 LUT6=6)
  Clock Path Skew:        -0.208ns (DCD - SCD + CPR)
    Destination Clock Delay (DCD):    4.140ns = ( 21.140 - 17.000 ) 
    Source Clock Delay      (SCD):    4.731ns
    Clock Pessimism Removal (CPR):    0.383ns
  Clock Uncertainty:      0.069ns  ((TSJ^2 + DJ^2)^1/2) / 2 + PE
    Total System Jitter     (TSJ):    0.071ns
    Discrete Jitter          (DJ):    0.119ns
    Phase Error              (PE):    0.000ns
  Clock Net Delay (Source):      2.291ns (routing 0.396ns, distribution 1.895ns)
  Clock Net Delay (Destination): 1.938ns (routing 0.365ns, distribution 1.573ns)

    Location             Delay type                Incr(ns)  Path(ns)    Netlist Resource(s)
  -------------------------------------------------------------------    -------------------
                         (clock clk_out1_clock_wizard rise edge)
                                                      0.000     0.000 r  
    H22                                               0.000     0.000 r  c0_sys_clk_clk_p_i (IN)
                         net (fo=0)                   0.000     0.000    clk_250_to_100_MHz/clock_wizard_inst/clkin1_ibufds/I
    HPIOBDIFFINBUF_X0Y36 DIFFINBUF (Prop_DIFFINBUF_HPIOBDIFFINBUF_DIFF_IN_P_O)
                                                      0.556     0.556 r  clk_250_to_100_MHz/clock_wizard_inst/clkin1_ibufds/DIFFINBUF_INST/O
                         net (fo=1, routed)           0.104     0.660    clk_250_to_100_MHz/clock_wizard_inst/clkin1_ibufds/OUT
    H22                  IBUFCTRL (Prop_IBUFCTRL_HPIOB_I_O)
                                                      0.000     0.660 r  clk_250_to_100_MHz/clock_wizard_inst/clkin1_ibufds/IBUFCTRL_INST/O
                         net (fo=1, routed)           1.082     1.742    clk_250_to_100_MHz/clock_wizard_inst/clk_in1_clock_wizard
    PLLE3_ADV_X0Y3       PLLE3_ADV (Prop_PLLE3_ADV_CLKIN_CLKOUT0)
                                                      0.068     1.810 r  clk_250_to_100_MHz/clock_wizard_inst/plle3_adv_inst/CLKOUT0
                         net (fo=1, routed)           0.529     2.339    clk_250_to_100_MHz/clock_wizard_inst/clk_out1_clock_wizard
    BUFGCE_X0Y47         BUFGCE (Prop_BUFCE_BUFGCE_I_O)
                                                      0.101     2.440 r  clk_250_to_100_MHz/clock_wizard_inst/clkout1_buf/O
    X0Y1 (CLOCK_ROOT)    net (fo=9788, routed)        2.291     4.731    iob_soc_memwrapper/iob_core_inst/cpu/u_top/u_ibex_core/if_stage_i/g_instr_rdata_ra.instr_rdata_id_reg_inst/no_tmr.reg_inst/reg0/clk
    SLICE_X15Y80         FDRE                                         r  iob_soc_memwrapper/iob_core_inst/cpu/u_top/u_ibex_core/if_stage_i/g_instr_rdata_ra.instr_rdata_id_reg_inst/no_tmr.reg_inst/reg0/data_o_reg[22]/C
  -------------------------------------------------------------------    -------------------
    SLICE_X15Y80         FDRE (Prop_CFF_SLICEM_C_Q)
                                                      0.138     4.869 r  iob_soc_memwrapper/iob_core_inst/cpu/u_top/u_ibex_core/if_stage_i/g_instr_rdata_ra.instr_rdata_id_reg_inst/no_tmr.reg_inst/reg0/data_o_reg[22]/Q
                         net (fo=46, routed)          0.545     5.414    iob_soc_memwrapper/iob_core_inst/cpu/u_top/gen_regfile_fpga.register_file_i/gen_rdata_mux_check.u_prim_onehot_enc_raddr_b/rf_raddr_b[2]
    SLICE_X14Y71         LUT5 (Prop_D5LUT_SLICEL_I1_O)
                                                      0.260     5.674 r  iob_soc_memwrapper/iob_core_inst/cpu/u_top/gen_regfile_fpga.register_file_i/gen_rdata_mux_check.u_prim_onehot_enc_raddr_b/data_o[63]_i_39/O
                         net (fo=39, routed)          0.791     6.465    iob_soc_memwrapper/iob_core_inst/cpu/u_top/u_ibex_core/if_stage_i/g_instr_rdata_ra.instr_rdata_id_reg_inst/no_tmr.reg_inst/reg0/gen_rdata_mux_check.raddr_onehot_b[15]
    SLICE_X12Y58         LUT4 (Prop_G6LUT_SLICEL_I2_O)
                                                      0.089     6.554 r  iob_soc_memwrapper/iob_core_inst/cpu/u_top/u_ibex_core/if_stage_i/g_instr_rdata_ra.instr_rdata_id_reg_inst/no_tmr.reg_inst/reg0/data_o[34]_i_13/O
                         net (fo=1, routed)           0.241     6.795    iob_soc_memwrapper/iob_core_inst/cpu/u_top/u_ibex_core/if_stage_i/g_instr_rdata_ra.instr_rdata_id_reg_inst/no_tmr.reg_inst/reg0/data_o[34]_i_13_n_0
    SLICE_X12Y58         LUT6 (Prop_H6LUT_SLICEL_I0_O)
                                                      0.218     7.013 r  iob_soc_memwrapper/iob_core_inst/cpu/u_top/u_ibex_core/if_stage_i/g_instr_rdata_ra.instr_rdata_id_reg_inst/no_tmr.reg_inst/reg0/data_o[34]_i_8/O
                         net (fo=1, routed)           0.398     7.411    iob_soc_memwrapper/iob_core_inst/cpu/u_top/u_ibex_core/if_stage_i/g_instr_rdata_ra.instr_rdata_id_reg_inst/no_tmr.reg_inst/reg0/data_o[34]_i_8_n_0
    SLICE_X18Y59         LUT6 (Prop_H6LUT_SLICEM_I5_O)
                                                      0.173     7.584 r  iob_soc_memwrapper/iob_core_inst/cpu/u_top/u_ibex_core/if_stage_i/g_instr_rdata_ra.instr_rdata_id_reg_inst/no_tmr.reg_inst/reg0/data_o[34]_i_3/O
                         net (fo=1, routed)           0.266     7.850    iob_soc_memwrapper/iob_core_inst/cpu/u_top/u_ibex_core/if_stage_i/g_instr_rdata_ra.instr_rdata_id_reg_inst/no_tmr.reg_inst/reg0/data_o[34]_i_3_n_0
    SLICE_X19Y61         LUT5 (Prop_C6LUT_SLICEL_I1_O)
                                                      0.219     8.069 r  iob_soc_memwrapper/iob_core_inst/cpu/u_top/u_ibex_core/if_stage_i/g_instr_rdata_ra.instr_rdata_id_reg_inst/no_tmr.reg_inst/reg0/data_o[34]_i_1/O
                         net (fo=10, routed)          0.746     8.815    iob_soc_memwrapper/iob_core_inst/cpu/u_top/u_ibex_core/if_stage_i/g_instr_rdata_ra.instr_rdata_id_reg_inst/no_tmr.reg_inst/reg0/mem_reg[1][9]
    SLICE_X15Y92         LUT6 (Prop_D6LUT_SLICEM_I4_O)
                                                      0.092     8.907 r  iob_soc_memwrapper/iob_core_inst/cpu/u_top/u_ibex_core/if_stage_i/g_instr_rdata_ra.instr_rdata_id_reg_inst/no_tmr.reg_inst/reg0/i___5_i_12__0/O
                         net (fo=3, routed)           0.569     9.476    iob_soc_memwrapper/iob_core_inst/cpu/u_top/u_ibex_core/ex_block_i/alu_operand_b_ex[8]
    SLICE_X14Y103        LUT3 (Prop_B6LUT_SLICEL_I1_O)
                                                      0.053     9.529 r  iob_soc_memwrapper/iob_core_inst/cpu/u_top/u_ibex_core/ex_block_i/adder_result_ext_o_carry__0_i_15/O
                         net (fo=1, routed)           0.000     9.529    iob_soc_memwrapper/iob_core_inst/cpu/u_top/u_ibex_core/ex_block_i/alu_i/data_o_reg[15][1]
    SLICE_X14Y103        CARRY8 (Prop_CARRY8_SLICEL_S[1]_CO[7])
                                                      0.408     9.937 r  iob_soc_memwrapper/iob_core_inst/cpu/u_top/u_ibex_core/ex_block_i/alu_i/adder_result_ext_o_carry__0/CO[7]
                         net (fo=1, routed)           0.030     9.967    iob_soc_memwrapper/iob_core_inst/cpu/u_top/u_ibex_core/ex_block_i/alu_i/adder_result_ext_o_carry__0_n_0
    SLICE_X14Y104        CARRY8 (Prop_CARRY8_SLICEL_CI_CO[7])
                                                      0.025     9.992 r  iob_soc_memwrapper/iob_core_inst/cpu/u_top/u_ibex_core/ex_block_i/alu_i/adder_result_ext_o_carry__1/CO[7]
                         net (fo=1, routed)           0.030    10.022    iob_soc_memwrapper/iob_core_inst/cpu/u_top/u_ibex_core/ex_block_i/alu_i/adder_result_ext_o_carry__1_n_0
    SLICE_X14Y105        CARRY8 (Prop_CARRY8_SLICEL_CI_O[0])
                                                      0.132    10.154 f  iob_soc_memwrapper/iob_core_inst/cpu/u_top/u_ibex_core/ex_block_i/alu_i/adder_result_ext_o_carry__2/O[0]
                         net (fo=88, routed)          1.394    11.548    iob_soc_memwrapper/iob_core_inst/cpu/u_top/u_ibex_core/cs_registers_i/g_pmp_registers.g_pmp_csrs[8].u_pmp_cfg_csr/rdata_reg_inst/no_tmr.reg_inst/reg0/alu_adder_result_ex_o[22]
    SLICE_X2Y139         LUT6 (Prop_G6LUT_SLICEL_I0_O)
                                                      0.166    11.714 f  iob_soc_memwrapper/iob_core_inst/cpu/u_top/u_ibex_core/cs_registers_i/g_pmp_registers.g_pmp_csrs[8].u_pmp_cfg_csr/rdata_reg_inst/no_tmr.reg_inst/reg0/core_outputs_q_reg[1][data_req]_srl2_i_141/O
                         net (fo=1, routed)           0.475    12.189    iob_soc_memwrapper/iob_core_inst/cpu/u_top/u_ibex_core/g_pmp.pmp_i/core_outputs_q_reg[1][data_req]_srl2_i_13[3]
    SLICE_X3Y139         CARRY8 (Prop_CARRY8_SLICEL_DI[3]_CO[7])
                                                      0.432    12.621 f  iob_soc_memwrapper/iob_core_inst/cpu/u_top/u_ibex_core/g_pmp.pmp_i/core_outputs_q_reg[1][data_req]_srl2_i_42/CO[7]
                         net (fo=1, routed)           0.498    13.119    iob_soc_memwrapper/iob_core_inst/cpu/u_top/u_ibex_core/cs_registers_i/g_pmp_registers.g_pmp_csrs[8].u_pmp_cfg_csr/rdata_reg_inst/no_tmr.reg_inst/reg0/core_outputs_q_reg[1][data_req]_srl2_i_55_1[0]
    SLICE_X5Y135         LUT5 (Prop_D5LUT_SLICEM_I4_O)
                                                      0.171    13.290 f  iob_soc_memwrapper/iob_core_inst/cpu/u_top/u_ibex_core/cs_registers_i/g_pmp_registers.g_pmp_csrs[8].u_pmp_cfg_csr/rdata_reg_inst/no_tmr.reg_inst/reg0/core_outputs_q_reg[1][data_req]_srl2_i_13/O
                         net (fo=5, routed)           0.712    14.002    iob_soc_memwrapper/iob_core_inst/cpu/u_top/u_ibex_core/cs_registers_i/g_pmp_registers.g_pmp_csrs[10].u_pmp_cfg_csr/rdata_reg_inst/no_tmr.reg_inst/reg0/g_access_check[2].g_regions[8].region_match_all_reg[2]_70
    SLICE_X15Y136        LUT6 (Prop_G6LUT_SLICEM_I1_O)
                                                      0.168    14.170 f  iob_soc_memwrapper/iob_core_inst/cpu/u_top/u_ibex_core/cs_registers_i/g_pmp_registers.g_pmp_csrs[10].u_pmp_cfg_csr/rdata_reg_inst/no_tmr.reg_inst/reg0/core_outputs_q_reg[1][data_req]_srl2_i_55/O
                         net (fo=4, routed)           0.095    14.265    iob_soc_memwrapper/iob_core_inst/cpu/u_top/u_ibex_core/cs_registers_i/g_pmp_registers.g_pmp_csrs[13].u_pmp_cfg_csr/rdata_reg_inst/no_tmr.reg_inst/reg0/core_outputs_q_reg[1][data_req]_srl2_i_7
    SLICE_X15Y136        LUT4 (Prop_D5LUT_SLICEM_I2_O)
                                                      0.193    14.458 f  iob_soc_memwrapper/iob_core_inst/cpu/u_top/u_ibex_core/cs_registers_i/g_pmp_registers.g_pmp_csrs[13].u_pmp_cfg_csr/rdata_reg_inst/no_tmr.reg_inst/reg0/core_outputs_q_reg[1][data_req]_srl2_i_24/O
                         net (fo=2, routed)           0.235    14.693    iob_soc_memwrapper/iob_core_inst/cpu/u_top/u_ibex_core/cs_registers_i/g_pmp_registers.g_pmp_csrs[14].u_pmp_cfg_csr/rdata_reg_inst/no_tmr.reg_inst/reg0/core_outputs_q_reg[1][data_req]_srl2_i_3
    SLICE_X16Y136        LUT3 (Prop_B6LUT_SLICEL_I1_O)
                                                      0.053    14.746 r  iob_soc_memwrapper/iob_core_inst/cpu/u_top/u_ibex_core/cs_registers_i/g_pmp_registers.g_pmp_csrs[14].u_pmp_cfg_csr/rdata_reg_inst/no_tmr.reg_inst/reg0/core_outputs_q_reg[1][data_req]_srl2_i_7/O
                         net (fo=2, routed)           0.258    15.004    iob_soc_memwrapper/iob_core_inst/cpu/u_top/u_ibex_core/cs_registers_i/g_pmp_registers.g_pmp_csrs[13].u_pmp_cfg_csr/rdata_reg_inst/no_tmr.reg_inst/reg0/data_o[0]_i_5__5
    SLICE_X15Y135        LUT5 (Prop_E6LUT_SLICEM_I1_O)
                                                      0.225    15.229 f  iob_soc_memwrapper/iob_core_inst/cpu/u_top/u_ibex_core/cs_registers_i/g_pmp_registers.g_pmp_csrs[13].u_pmp_cfg_csr/rdata_reg_inst/no_tmr.reg_inst/reg0/core_outputs_q_reg[1][data_req]_srl2_i_3/O
                         net (fo=4, routed)           0.559    15.788    iob_soc_memwrapper/iob_core_inst/cpu/u_top/u_ibex_core/cs_registers_i/g_pmp_registers.g_pmp_csrs[13].u_pmp_cfg_csr/rdata_reg_inst/no_tmr.reg_inst/reg0/core_outputs_q_reg[1][data_req]_srl2_i_10
    SLICE_X12Y118        LUT6 (Prop_H6LUT_SLICEL_I3_O)
                                                      0.089    15.877 f  iob_soc_memwrapper/iob_core_inst/cpu/u_top/u_ibex_core/cs_registers_i/g_pmp_registers.g_pmp_csrs[13].u_pmp_cfg_csr/rdata_reg_inst/no_tmr.reg_inst/reg0/data_o[0]_i_3__30/O
                         net (fo=14, routed)          0.666    16.543    iob_soc_memwrapper/iob_core_inst/iob_axi_full_xbar/iob_axi_merge_2/busy_write_reg_re/reg0/data_o_reg[0]_3
    SLICE_X8Y105         LUT4 (Prop_G6LUT_SLICEL_I0_O)
                                                      0.089    16.632 f  iob_soc_memwrapper/iob_core_inst/iob_axi_full_xbar/iob_axi_merge_2/busy_write_reg_re/reg0/data_o[0]_i_2__31/O
                         net (fo=71, routed)          0.778    17.410    iob_soc_memwrapper/iob_core_inst/iob_axi_full_xbar/iob_axi_merge_2/busy_write_reg_re/reg0/data_o_reg[0]_0
    SLICE_X3Y79          LUT4 (Prop_A6LUT_SLICEL_I0_O)
                                                      0.166    17.576 f  iob_soc_memwrapper/iob_core_inst/iob_axi_full_xbar/iob_axi_merge_2/busy_write_reg_re/reg0/FSM_sequential_w_state_reg[0]_i_3/O
                         net (fo=3, routed)           0.232    17.808    iob_soc_memwrapper/iob_core_inst/periphs_axi2iob/s_axi_wready_reg_reg_0
    SLICE_X2Y79          LUT3 (Prop_C6LUT_SLICEL_I0_O)
                                                      0.088    17.896 r  iob_soc_memwrapper/iob_core_inst/periphs_axi2iob/m_axil_wstrb_reg[3]_i_1__0/O
                         net (fo=33, routed)          0.279    18.175    iob_soc_memwrapper/iob_core_inst/periphs_axi2iob/m_axil_wdata_next
    SLICE_X2Y79          LUT4 (Prop_C5LUT_SLICEL_I3_O)
                                                      0.243    18.418 r  iob_soc_memwrapper/iob_core_inst/periphs_axi2iob/w_burst_reg[7]_i_1__0/O
                         net (fo=37, routed)          0.567    18.985    iob_soc_memwrapper/iob_core_inst/periphs_axi2iob/w_burst_reg[7]_i_1__0_n_0
    SLICE_X1Y79          FDCE                                         r  iob_soc_memwrapper/iob_core_inst/periphs_axi2iob/w_addr_reg_reg[13]/CE
  -------------------------------------------------------------------    -------------------

                         (clock clk_out1_clock_wizard rise edge)
                                                     17.000    17.000 r  
    H22                                               0.000    17.000 r  c0_sys_clk_clk_p_i (IN)
                         net (fo=0)                   0.000    17.000    clk_250_to_100_MHz/clock_wizard_inst/clkin1_ibufds/I
    HPIOBDIFFINBUF_X0Y36 DIFFINBUF (Prop_DIFFINBUF_HPIOBDIFFINBUF_DIFF_IN_P_O)
                                                      0.374    17.374 r  clk_250_to_100_MHz/clock_wizard_inst/clkin1_ibufds/DIFFINBUF_INST/O
                         net (fo=1, routed)           0.055    17.429    clk_250_to_100_MHz/clock_wizard_inst/clkin1_ibufds/OUT
    H22                  IBUFCTRL (Prop_IBUFCTRL_HPIOB_I_O)
                                                      0.000    17.429 r  clk_250_to_100_MHz/clock_wizard_inst/clkin1_ibufds/IBUFCTRL_INST/O
                         net (fo=1, routed)           0.981    18.410    clk_250_to_100_MHz/clock_wizard_inst/clk_in1_clock_wizard
    PLLE3_ADV_X0Y3       PLLE3_ADV (Prop_PLLE3_ADV_CLKIN_CLKOUT0)
                                                      0.250    18.660 r  clk_250_to_100_MHz/clock_wizard_inst/plle3_adv_inst/CLKOUT0
                         net (fo=1, routed)           0.451    19.111    clk_250_to_100_MHz/clock_wizard_inst/clk_out1_clock_wizard
    BUFGCE_X0Y47         BUFGCE (Prop_BUFCE_BUFGCE_I_O)
                                                      0.091    19.202 r  clk_250_to_100_MHz/clock_wizard_inst/clkout1_buf/O
    X0Y1 (CLOCK_ROOT)    net (fo=9788, routed)        1.938    21.140    iob_soc_memwrapper/iob_core_inst/periphs_axi2iob/clk
    SLICE_X1Y79          FDCE                                         r  iob_soc_memwrapper/iob_core_inst/periphs_axi2iob/w_addr_reg_reg[13]/C
                         clock pessimism              0.383    21.523    
                         clock uncertainty           -0.069    21.454    
    SLICE_X1Y79          FDCE (Setup_CFF_SLICEM_C_CE)
                                                     -0.054    21.400    iob_soc_memwrapper/iob_core_inst/periphs_axi2iob/w_addr_reg_reg[13]
  -------------------------------------------------------------------
                         required time                         21.400    
                         arrival time                         -18.985    
  -------------------------------------------------------------------
                         slack                                  2.415    

Slack (MET) :             2.415ns  (required time - arrival time)
  Source:                 iob_soc_memwrapper/iob_core_inst/cpu/u_top/u_ibex_core/if_stage_i/g_instr_rdata_ra.instr_rdata_id_reg_inst/no_tmr.reg_inst/reg0/data_o_reg[22]/C
                            (rising edge-triggered cell FDRE clocked by clk_out1_clock_wizard  {rise@0.000ns fall@8.500ns period=17.000ns})
  Destination:            iob_soc_memwrapper/iob_core_inst/periphs_axi2iob/w_addr_reg_reg[18]/CE
                            (rising edge-triggered cell FDCE clocked by clk_out1_clock_wizard  {rise@0.000ns fall@8.500ns period=17.000ns})
  Path Group:             clk_out1_clock_wizard
  Path Type:              Setup (Max at Slow Process Corner)
  Requirement:            17.000ns  (clk_out1_clock_wizard rise@17.000ns - clk_out1_clock_wizard rise@0.000ns)
  Data Path Delay:        14.254ns  (logic 3.890ns (27.291%)  route 10.364ns (72.709%))
  Logic Levels:           22  (CARRY8=4 LUT3=3 LUT4=5 LUT5=4 LUT6=6)
  Clock Path Skew:        -0.208ns (DCD - SCD + CPR)
    Destination Clock Delay (DCD):    4.140ns = ( 21.140 - 17.000 ) 
    Source Clock Delay      (SCD):    4.731ns
    Clock Pessimism Removal (CPR):    0.383ns
  Clock Uncertainty:      0.069ns  ((TSJ^2 + DJ^2)^1/2) / 2 + PE
    Total System Jitter     (TSJ):    0.071ns
    Discrete Jitter          (DJ):    0.119ns
    Phase Error              (PE):    0.000ns
  Clock Net Delay (Source):      2.291ns (routing 0.396ns, distribution 1.895ns)
  Clock Net Delay (Destination): 1.938ns (routing 0.365ns, distribution 1.573ns)

    Location             Delay type                Incr(ns)  Path(ns)    Netlist Resource(s)
  -------------------------------------------------------------------    -------------------
                         (clock clk_out1_clock_wizard rise edge)
                                                      0.000     0.000 r  
    H22                                               0.000     0.000 r  c0_sys_clk_clk_p_i (IN)
                         net (fo=0)                   0.000     0.000    clk_250_to_100_MHz/clock_wizard_inst/clkin1_ibufds/I
    HPIOBDIFFINBUF_X0Y36 DIFFINBUF (Prop_DIFFINBUF_HPIOBDIFFINBUF_DIFF_IN_P_O)
                                                      0.556     0.556 r  clk_250_to_100_MHz/clock_wizard_inst/clkin1_ibufds/DIFFINBUF_INST/O
                         net (fo=1, routed)           0.104     0.660    clk_250_to_100_MHz/clock_wizard_inst/clkin1_ibufds/OUT
    H22                  IBUFCTRL (Prop_IBUFCTRL_HPIOB_I_O)
                                                      0.000     0.660 r  clk_250_to_100_MHz/clock_wizard_inst/clkin1_ibufds/IBUFCTRL_INST/O
                         net (fo=1, routed)           1.082     1.742    clk_250_to_100_MHz/clock_wizard_inst/clk_in1_clock_wizard
    PLLE3_ADV_X0Y3       PLLE3_ADV (Prop_PLLE3_ADV_CLKIN_CLKOUT0)
                                                      0.068     1.810 r  clk_250_to_100_MHz/clock_wizard_inst/plle3_adv_inst/CLKOUT0
                         net (fo=1, routed)           0.529     2.339    clk_250_to_100_MHz/clock_wizard_inst/clk_out1_clock_wizard
    BUFGCE_X0Y47         BUFGCE (Prop_BUFCE_BUFGCE_I_O)
                                                      0.101     2.440 r  clk_250_to_100_MHz/clock_wizard_inst/clkout1_buf/O
    X0Y1 (CLOCK_ROOT)    net (fo=9788, routed)        2.291     4.731    iob_soc_memwrapper/iob_core_inst/cpu/u_top/u_ibex_core/if_stage_i/g_instr_rdata_ra.instr_rdata_id_reg_inst/no_tmr.reg_inst/reg0/clk
    SLICE_X15Y80         FDRE                                         r  iob_soc_memwrapper/iob_core_inst/cpu/u_top/u_ibex_core/if_stage_i/g_instr_rdata_ra.instr_rdata_id_reg_inst/no_tmr.reg_inst/reg0/data_o_reg[22]/C
  -------------------------------------------------------------------    -------------------
    SLICE_X15Y80         FDRE (Prop_CFF_SLICEM_C_Q)
                                                      0.138     4.869 r  iob_soc_memwrapper/iob_core_inst/cpu/u_top/u_ibex_core/if_stage_i/g_instr_rdata_ra.instr_rdata_id_reg_inst/no_tmr.reg_inst/reg0/data_o_reg[22]/Q
                         net (fo=46, routed)          0.545     5.414    iob_soc_memwrapper/iob_core_inst/cpu/u_top/gen_regfile_fpga.register_file_i/gen_rdata_mux_check.u_prim_onehot_enc_raddr_b/rf_raddr_b[2]
    SLICE_X14Y71         LUT5 (Prop_D5LUT_SLICEL_I1_O)
                                                      0.260     5.674 r  iob_soc_memwrapper/iob_core_inst/cpu/u_top/gen_regfile_fpga.register_file_i/gen_rdata_mux_check.u_prim_onehot_enc_raddr_b/data_o[63]_i_39/O
                         net (fo=39, routed)          0.791     6.465    iob_soc_memwrapper/iob_core_inst/cpu/u_top/u_ibex_core/if_stage_i/g_instr_rdata_ra.instr_rdata_id_reg_inst/no_tmr.reg_inst/reg0/gen_rdata_mux_check.raddr_onehot_b[15]
    SLICE_X12Y58         LUT4 (Prop_G6LUT_SLICEL_I2_O)
                                                      0.089     6.554 r  iob_soc_memwrapper/iob_core_inst/cpu/u_top/u_ibex_core/if_stage_i/g_instr_rdata_ra.instr_rdata_id_reg_inst/no_tmr.reg_inst/reg0/data_o[34]_i_13/O
                         net (fo=1, routed)           0.241     6.795    iob_soc_memwrapper/iob_core_inst/cpu/u_top/u_ibex_core/if_stage_i/g_instr_rdata_ra.instr_rdata_id_reg_inst/no_tmr.reg_inst/reg0/data_o[34]_i_13_n_0
    SLICE_X12Y58         LUT6 (Prop_H6LUT_SLICEL_I0_O)
                                                      0.218     7.013 r  iob_soc_memwrapper/iob_core_inst/cpu/u_top/u_ibex_core/if_stage_i/g_instr_rdata_ra.instr_rdata_id_reg_inst/no_tmr.reg_inst/reg0/data_o[34]_i_8/O
                         net (fo=1, routed)           0.398     7.411    iob_soc_memwrapper/iob_core_inst/cpu/u_top/u_ibex_core/if_stage_i/g_instr_rdata_ra.instr_rdata_id_reg_inst/no_tmr.reg_inst/reg0/data_o[34]_i_8_n_0
    SLICE_X18Y59         LUT6 (Prop_H6LUT_SLICEM_I5_O)
                                                      0.173     7.584 r  iob_soc_memwrapper/iob_core_inst/cpu/u_top/u_ibex_core/if_stage_i/g_instr_rdata_ra.instr_rdata_id_reg_inst/no_tmr.reg_inst/reg0/data_o[34]_i_3/O
                         net (fo=1, routed)           0.266     7.850    iob_soc_memwrapper/iob_core_inst/cpu/u_top/u_ibex_core/if_stage_i/g_instr_rdata_ra.instr_rdata_id_reg_inst/no_tmr.reg_inst/reg0/data_o[34]_i_3_n_0
    SLICE_X19Y61         LUT5 (Prop_C6LUT_SLICEL_I1_O)
                                                      0.219     8.069 r  iob_soc_memwrapper/iob_core_inst/cpu/u_top/u_ibex_core/if_stage_i/g_instr_rdata_ra.instr_rdata_id_reg_inst/no_tmr.reg_inst/reg0/data_o[34]_i_1/O
                         net (fo=10, routed)          0.746     8.815    iob_soc_memwrapper/iob_core_inst/cpu/u_top/u_ibex_core/if_stage_i/g_instr_rdata_ra.instr_rdata_id_reg_inst/no_tmr.reg_inst/reg0/mem_reg[1][9]
    SLICE_X15Y92         LUT6 (Prop_D6LUT_SLICEM_I4_O)
                                                      0.092     8.907 r  iob_soc_memwrapper/iob_core_inst/cpu/u_top/u_ibex_core/if_stage_i/g_instr_rdata_ra.instr_rdata_id_reg_inst/no_tmr.reg_inst/reg0/i___5_i_12__0/O
                         net (fo=3, routed)           0.569     9.476    iob_soc_memwrapper/iob_core_inst/cpu/u_top/u_ibex_core/ex_block_i/alu_operand_b_ex[8]
    SLICE_X14Y103        LUT3 (Prop_B6LUT_SLICEL_I1_O)
                                                      0.053     9.529 r  iob_soc_memwrapper/iob_core_inst/cpu/u_top/u_ibex_core/ex_block_i/adder_result_ext_o_carry__0_i_15/O
                         net (fo=1, routed)           0.000     9.529    iob_soc_memwrapper/iob_core_inst/cpu/u_top/u_ibex_core/ex_block_i/alu_i/data_o_reg[15][1]
    SLICE_X14Y103        CARRY8 (Prop_CARRY8_SLICEL_S[1]_CO[7])
                                                      0.408     9.937 r  iob_soc_memwrapper/iob_core_inst/cpu/u_top/u_ibex_core/ex_block_i/alu_i/adder_result_ext_o_carry__0/CO[7]
                         net (fo=1, routed)           0.030     9.967    iob_soc_memwrapper/iob_core_inst/cpu/u_top/u_ibex_core/ex_block_i/alu_i/adder_result_ext_o_carry__0_n_0
    SLICE_X14Y104        CARRY8 (Prop_CARRY8_SLICEL_CI_CO[7])
                                                      0.025     9.992 r  iob_soc_memwrapper/iob_core_inst/cpu/u_top/u_ibex_core/ex_block_i/alu_i/adder_result_ext_o_carry__1/CO[7]
                         net (fo=1, routed)           0.030    10.022    iob_soc_memwrapper/iob_core_inst/cpu/u_top/u_ibex_core/ex_block_i/alu_i/adder_result_ext_o_carry__1_n_0
    SLICE_X14Y105        CARRY8 (Prop_CARRY8_SLICEL_CI_O[0])
                                                      0.132    10.154 f  iob_soc_memwrapper/iob_core_inst/cpu/u_top/u_ibex_core/ex_block_i/alu_i/adder_result_ext_o_carry__2/O[0]
                         net (fo=88, routed)          1.394    11.548    iob_soc_memwrapper/iob_core_inst/cpu/u_top/u_ibex_core/cs_registers_i/g_pmp_registers.g_pmp_csrs[8].u_pmp_cfg_csr/rdata_reg_inst/no_tmr.reg_inst/reg0/alu_adder_result_ex_o[22]
    SLICE_X2Y139         LUT6 (Prop_G6LUT_SLICEL_I0_O)
                                                      0.166    11.714 f  iob_soc_memwrapper/iob_core_inst/cpu/u_top/u_ibex_core/cs_registers_i/g_pmp_registers.g_pmp_csrs[8].u_pmp_cfg_csr/rdata_reg_inst/no_tmr.reg_inst/reg0/core_outputs_q_reg[1][data_req]_srl2_i_141/O
                         net (fo=1, routed)           0.475    12.189    iob_soc_memwrapper/iob_core_inst/cpu/u_top/u_ibex_core/g_pmp.pmp_i/core_outputs_q_reg[1][data_req]_srl2_i_13[3]
    SLICE_X3Y139         CARRY8 (Prop_CARRY8_SLICEL_DI[3]_CO[7])
                                                      0.432    12.621 f  iob_soc_memwrapper/iob_core_inst/cpu/u_top/u_ibex_core/g_pmp.pmp_i/core_outputs_q_reg[1][data_req]_srl2_i_42/CO[7]
                         net (fo=1, routed)           0.498    13.119    iob_soc_memwrapper/iob_core_inst/cpu/u_top/u_ibex_core/cs_registers_i/g_pmp_registers.g_pmp_csrs[8].u_pmp_cfg_csr/rdata_reg_inst/no_tmr.reg_inst/reg0/core_outputs_q_reg[1][data_req]_srl2_i_55_1[0]
    SLICE_X5Y135         LUT5 (Prop_D5LUT_SLICEM_I4_O)
                                                      0.171    13.290 f  iob_soc_memwrapper/iob_core_inst/cpu/u_top/u_ibex_core/cs_registers_i/g_pmp_registers.g_pmp_csrs[8].u_pmp_cfg_csr/rdata_reg_inst/no_tmr.reg_inst/reg0/core_outputs_q_reg[1][data_req]_srl2_i_13/O
                         net (fo=5, routed)           0.712    14.002    iob_soc_memwrapper/iob_core_inst/cpu/u_top/u_ibex_core/cs_registers_i/g_pmp_registers.g_pmp_csrs[10].u_pmp_cfg_csr/rdata_reg_inst/no_tmr.reg_inst/reg0/g_access_check[2].g_regions[8].region_match_all_reg[2]_70
    SLICE_X15Y136        LUT6 (Prop_G6LUT_SLICEM_I1_O)
                                                      0.168    14.170 f  iob_soc_memwrapper/iob_core_inst/cpu/u_top/u_ibex_core/cs_registers_i/g_pmp_registers.g_pmp_csrs[10].u_pmp_cfg_csr/rdata_reg_inst/no_tmr.reg_inst/reg0/core_outputs_q_reg[1][data_req]_srl2_i_55/O
                         net (fo=4, routed)           0.095    14.265    iob_soc_memwrapper/iob_core_inst/cpu/u_top/u_ibex_core/cs_registers_i/g_pmp_registers.g_pmp_csrs[13].u_pmp_cfg_csr/rdata_reg_inst/no_tmr.reg_inst/reg0/core_outputs_q_reg[1][data_req]_srl2_i_7
    SLICE_X15Y136        LUT4 (Prop_D5LUT_SLICEM_I2_O)
                                                      0.193    14.458 f  iob_soc_memwrapper/iob_core_inst/cpu/u_top/u_ibex_core/cs_registers_i/g_pmp_registers.g_pmp_csrs[13].u_pmp_cfg_csr/rdata_reg_inst/no_tmr.reg_inst/reg0/core_outputs_q_reg[1][data_req]_srl2_i_24/O
                         net (fo=2, routed)           0.235    14.693    iob_soc_memwrapper/iob_core_inst/cpu/u_top/u_ibex_core/cs_registers_i/g_pmp_registers.g_pmp_csrs[14].u_pmp_cfg_csr/rdata_reg_inst/no_tmr.reg_inst/reg0/core_outputs_q_reg[1][data_req]_srl2_i_3
    SLICE_X16Y136        LUT3 (Prop_B6LUT_SLICEL_I1_O)
                                                      0.053    14.746 r  iob_soc_memwrapper/iob_core_inst/cpu/u_top/u_ibex_core/cs_registers_i/g_pmp_registers.g_pmp_csrs[14].u_pmp_cfg_csr/rdata_reg_inst/no_tmr.reg_inst/reg0/core_outputs_q_reg[1][data_req]_srl2_i_7/O
                         net (fo=2, routed)           0.258    15.004    iob_soc_memwrapper/iob_core_inst/cpu/u_top/u_ibex_core/cs_registers_i/g_pmp_registers.g_pmp_csrs[13].u_pmp_cfg_csr/rdata_reg_inst/no_tmr.reg_inst/reg0/data_o[0]_i_5__5
    SLICE_X15Y135        LUT5 (Prop_E6LUT_SLICEM_I1_O)
                                                      0.225    15.229 f  iob_soc_memwrapper/iob_core_inst/cpu/u_top/u_ibex_core/cs_registers_i/g_pmp_registers.g_pmp_csrs[13].u_pmp_cfg_csr/rdata_reg_inst/no_tmr.reg_inst/reg0/core_outputs_q_reg[1][data_req]_srl2_i_3/O
                         net (fo=4, routed)           0.559    15.788    iob_soc_memwrapper/iob_core_inst/cpu/u_top/u_ibex_core/cs_registers_i/g_pmp_registers.g_pmp_csrs[13].u_pmp_cfg_csr/rdata_reg_inst/no_tmr.reg_inst/reg0/core_outputs_q_reg[1][data_req]_srl2_i_10
    SLICE_X12Y118        LUT6 (Prop_H6LUT_SLICEL_I3_O)
                                                      0.089    15.877 f  iob_soc_memwrapper/iob_core_inst/cpu/u_top/u_ibex_core/cs_registers_i/g_pmp_registers.g_pmp_csrs[13].u_pmp_cfg_csr/rdata_reg_inst/no_tmr.reg_inst/reg0/data_o[0]_i_3__30/O
                         net (fo=14, routed)          0.666    16.543    iob_soc_memwrapper/iob_core_inst/iob_axi_full_xbar/iob_axi_merge_2/busy_write_reg_re/reg0/data_o_reg[0]_3
    SLICE_X8Y105         LUT4 (Prop_G6LUT_SLICEL_I0_O)
                                                      0.089    16.632 f  iob_soc_memwrapper/iob_core_inst/iob_axi_full_xbar/iob_axi_merge_2/busy_write_reg_re/reg0/data_o[0]_i_2__31/O
                         net (fo=71, routed)          0.778    17.410    iob_soc_memwrapper/iob_core_inst/iob_axi_full_xbar/iob_axi_merge_2/busy_write_reg_re/reg0/data_o_reg[0]_0
    SLICE_X3Y79          LUT4 (Prop_A6LUT_SLICEL_I0_O)
                                                      0.166    17.576 f  iob_soc_memwrapper/iob_core_inst/iob_axi_full_xbar/iob_axi_merge_2/busy_write_reg_re/reg0/FSM_sequential_w_state_reg[0]_i_3/O
                         net (fo=3, routed)           0.232    17.808    iob_soc_memwrapper/iob_core_inst/periphs_axi2iob/s_axi_wready_reg_reg_0
    SLICE_X2Y79          LUT3 (Prop_C6LUT_SLICEL_I0_O)
                                                      0.088    17.896 r  iob_soc_memwrapper/iob_core_inst/periphs_axi2iob/m_axil_wstrb_reg[3]_i_1__0/O
                         net (fo=33, routed)          0.279    18.175    iob_soc_memwrapper/iob_core_inst/periphs_axi2iob/m_axil_wdata_next
    SLICE_X2Y79          LUT4 (Prop_C5LUT_SLICEL_I3_O)
                                                      0.243    18.418 r  iob_soc_memwrapper/iob_core_inst/periphs_axi2iob/w_burst_reg[7]_i_1__0/O
                         net (fo=37, routed)          0.567    18.985    iob_soc_memwrapper/iob_core_inst/periphs_axi2iob/w_burst_reg[7]_i_1__0_n_0
    SLICE_X1Y79          FDCE                                         r  iob_soc_memwrapper/iob_core_inst/periphs_axi2iob/w_addr_reg_reg[18]/CE
  -------------------------------------------------------------------    -------------------

                         (clock clk_out1_clock_wizard rise edge)
                                                     17.000    17.000 r  
    H22                                               0.000    17.000 r  c0_sys_clk_clk_p_i (IN)
                         net (fo=0)                   0.000    17.000    clk_250_to_100_MHz/clock_wizard_inst/clkin1_ibufds/I
    HPIOBDIFFINBUF_X0Y36 DIFFINBUF (Prop_DIFFINBUF_HPIOBDIFFINBUF_DIFF_IN_P_O)
                                                      0.374    17.374 r  clk_250_to_100_MHz/clock_wizard_inst/clkin1_ibufds/DIFFINBUF_INST/O
                         net (fo=1, routed)           0.055    17.429    clk_250_to_100_MHz/clock_wizard_inst/clkin1_ibufds/OUT
    H22                  IBUFCTRL (Prop_IBUFCTRL_HPIOB_I_O)
                                                      0.000    17.429 r  clk_250_to_100_MHz/clock_wizard_inst/clkin1_ibufds/IBUFCTRL_INST/O
                         net (fo=1, routed)           0.981    18.410    clk_250_to_100_MHz/clock_wizard_inst/clk_in1_clock_wizard
    PLLE3_ADV_X0Y3       PLLE3_ADV (Prop_PLLE3_ADV_CLKIN_CLKOUT0)
                                                      0.250    18.660 r  clk_250_to_100_MHz/clock_wizard_inst/plle3_adv_inst/CLKOUT0
                         net (fo=1, routed)           0.451    19.111    clk_250_to_100_MHz/clock_wizard_inst/clk_out1_clock_wizard
    BUFGCE_X0Y47         BUFGCE (Prop_BUFCE_BUFGCE_I_O)
                                                      0.091    19.202 r  clk_250_to_100_MHz/clock_wizard_inst/clkout1_buf/O
    X0Y1 (CLOCK_ROOT)    net (fo=9788, routed)        1.938    21.140    iob_soc_memwrapper/iob_core_inst/periphs_axi2iob/clk
    SLICE_X1Y79          FDCE                                         r  iob_soc_memwrapper/iob_core_inst/periphs_axi2iob/w_addr_reg_reg[18]/C
                         clock pessimism              0.383    21.523    
                         clock uncertainty           -0.069    21.454    
    SLICE_X1Y79          FDCE (Setup_BFF_SLICEM_C_CE)
                                                     -0.054    21.400    iob_soc_memwrapper/iob_core_inst/periphs_axi2iob/w_addr_reg_reg[18]
  -------------------------------------------------------------------
                         required time                         21.400    
                         arrival time                         -18.985    
  -------------------------------------------------------------------
                         slack                                  2.415    

Slack (MET) :             2.415ns  (required time - arrival time)
  Source:                 iob_soc_memwrapper/iob_core_inst/cpu/u_top/u_ibex_core/if_stage_i/g_instr_rdata_ra.instr_rdata_id_reg_inst/no_tmr.reg_inst/reg0/data_o_reg[22]/C
                            (rising edge-triggered cell FDRE clocked by clk_out1_clock_wizard  {rise@0.000ns fall@8.500ns period=17.000ns})
  Destination:            iob_soc_memwrapper/iob_core_inst/periphs_axi2iob/w_addr_reg_reg[25]/CE
                            (rising edge-triggered cell FDCE clocked by clk_out1_clock_wizard  {rise@0.000ns fall@8.500ns period=17.000ns})
  Path Group:             clk_out1_clock_wizard
  Path Type:              Setup (Max at Slow Process Corner)
  Requirement:            17.000ns  (clk_out1_clock_wizard rise@17.000ns - clk_out1_clock_wizard rise@0.000ns)
  Data Path Delay:        14.254ns  (logic 3.890ns (27.291%)  route 10.364ns (72.709%))
  Logic Levels:           22  (CARRY8=4 LUT3=3 LUT4=5 LUT5=4 LUT6=6)
  Clock Path Skew:        -0.208ns (DCD - SCD + CPR)
    Destination Clock Delay (DCD):    4.140ns = ( 21.140 - 17.000 ) 
    Source Clock Delay      (SCD):    4.731ns
    Clock Pessimism Removal (CPR):    0.383ns
  Clock Uncertainty:      0.069ns  ((TSJ^2 + DJ^2)^1/2) / 2 + PE
    Total System Jitter     (TSJ):    0.071ns
    Discrete Jitter          (DJ):    0.119ns
    Phase Error              (PE):    0.000ns
  Clock Net Delay (Source):      2.291ns (routing 0.396ns, distribution 1.895ns)
  Clock Net Delay (Destination): 1.938ns (routing 0.365ns, distribution 1.573ns)

    Location             Delay type                Incr(ns)  Path(ns)    Netlist Resource(s)
  -------------------------------------------------------------------    -------------------
                         (clock clk_out1_clock_wizard rise edge)
                                                      0.000     0.000 r  
    H22                                               0.000     0.000 r  c0_sys_clk_clk_p_i (IN)
                         net (fo=0)                   0.000     0.000    clk_250_to_100_MHz/clock_wizard_inst/clkin1_ibufds/I
    HPIOBDIFFINBUF_X0Y36 DIFFINBUF (Prop_DIFFINBUF_HPIOBDIFFINBUF_DIFF_IN_P_O)
                                                      0.556     0.556 r  clk_250_to_100_MHz/clock_wizard_inst/clkin1_ibufds/DIFFINBUF_INST/O
                         net (fo=1, routed)           0.104     0.660    clk_250_to_100_MHz/clock_wizard_inst/clkin1_ibufds/OUT
    H22                  IBUFCTRL (Prop_IBUFCTRL_HPIOB_I_O)
                                                      0.000     0.660 r  clk_250_to_100_MHz/clock_wizard_inst/clkin1_ibufds/IBUFCTRL_INST/O
                         net (fo=1, routed)           1.082     1.742    clk_250_to_100_MHz/clock_wizard_inst/clk_in1_clock_wizard
    PLLE3_ADV_X0Y3       PLLE3_ADV (Prop_PLLE3_ADV_CLKIN_CLKOUT0)
                                                      0.068     1.810 r  clk_250_to_100_MHz/clock_wizard_inst/plle3_adv_inst/CLKOUT0
                         net (fo=1, routed)           0.529     2.339    clk_250_to_100_MHz/clock_wizard_inst/clk_out1_clock_wizard
    BUFGCE_X0Y47         BUFGCE (Prop_BUFCE_BUFGCE_I_O)
                                                      0.101     2.440 r  clk_250_to_100_MHz/clock_wizard_inst/clkout1_buf/O
    X0Y1 (CLOCK_ROOT)    net (fo=9788, routed)        2.291     4.731    iob_soc_memwrapper/iob_core_inst/cpu/u_top/u_ibex_core/if_stage_i/g_instr_rdata_ra.instr_rdata_id_reg_inst/no_tmr.reg_inst/reg0/clk
    SLICE_X15Y80         FDRE                                         r  iob_soc_memwrapper/iob_core_inst/cpu/u_top/u_ibex_core/if_stage_i/g_instr_rdata_ra.instr_rdata_id_reg_inst/no_tmr.reg_inst/reg0/data_o_reg[22]/C
  -------------------------------------------------------------------    -------------------
    SLICE_X15Y80         FDRE (Prop_CFF_SLICEM_C_Q)
                                                      0.138     4.869 r  iob_soc_memwrapper/iob_core_inst/cpu/u_top/u_ibex_core/if_stage_i/g_instr_rdata_ra.instr_rdata_id_reg_inst/no_tmr.reg_inst/reg0/data_o_reg[22]/Q
                         net (fo=46, routed)          0.545     5.414    iob_soc_memwrapper/iob_core_inst/cpu/u_top/gen_regfile_fpga.register_file_i/gen_rdata_mux_check.u_prim_onehot_enc_raddr_b/rf_raddr_b[2]
    SLICE_X14Y71         LUT5 (Prop_D5LUT_SLICEL_I1_O)
                                                      0.260     5.674 r  iob_soc_memwrapper/iob_core_inst/cpu/u_top/gen_regfile_fpga.register_file_i/gen_rdata_mux_check.u_prim_onehot_enc_raddr_b/data_o[63]_i_39/O
                         net (fo=39, routed)          0.791     6.465    iob_soc_memwrapper/iob_core_inst/cpu/u_top/u_ibex_core/if_stage_i/g_instr_rdata_ra.instr_rdata_id_reg_inst/no_tmr.reg_inst/reg0/gen_rdata_mux_check.raddr_onehot_b[15]
    SLICE_X12Y58         LUT4 (Prop_G6LUT_SLICEL_I2_O)
                                                      0.089     6.554 r  iob_soc_memwrapper/iob_core_inst/cpu/u_top/u_ibex_core/if_stage_i/g_instr_rdata_ra.instr_rdata_id_reg_inst/no_tmr.reg_inst/reg0/data_o[34]_i_13/O
                         net (fo=1, routed)           0.241     6.795    iob_soc_memwrapper/iob_core_inst/cpu/u_top/u_ibex_core/if_stage_i/g_instr_rdata_ra.instr_rdata_id_reg_inst/no_tmr.reg_inst/reg0/data_o[34]_i_13_n_0
    SLICE_X12Y58         LUT6 (Prop_H6LUT_SLICEL_I0_O)
                                                      0.218     7.013 r  iob_soc_memwrapper/iob_core_inst/cpu/u_top/u_ibex_core/if_stage_i/g_instr_rdata_ra.instr_rdata_id_reg_inst/no_tmr.reg_inst/reg0/data_o[34]_i_8/O
                         net (fo=1, routed)           0.398     7.411    iob_soc_memwrapper/iob_core_inst/cpu/u_top/u_ibex_core/if_stage_i/g_instr_rdata_ra.instr_rdata_id_reg_inst/no_tmr.reg_inst/reg0/data_o[34]_i_8_n_0
    SLICE_X18Y59         LUT6 (Prop_H6LUT_SLICEM_I5_O)
                                                      0.173     7.584 r  iob_soc_memwrapper/iob_core_inst/cpu/u_top/u_ibex_core/if_stage_i/g_instr_rdata_ra.instr_rdata_id_reg_inst/no_tmr.reg_inst/reg0/data_o[34]_i_3/O
                         net (fo=1, routed)           0.266     7.850    iob_soc_memwrapper/iob_core_inst/cpu/u_top/u_ibex_core/if_stage_i/g_instr_rdata_ra.instr_rdata_id_reg_inst/no_tmr.reg_inst/reg0/data_o[34]_i_3_n_0
    SLICE_X19Y61         LUT5 (Prop_C6LUT_SLICEL_I1_O)
                                                      0.219     8.069 r  iob_soc_memwrapper/iob_core_inst/cpu/u_top/u_ibex_core/if_stage_i/g_instr_rdata_ra.instr_rdata_id_reg_inst/no_tmr.reg_inst/reg0/data_o[34]_i_1/O
                         net (fo=10, routed)          0.746     8.815    iob_soc_memwrapper/iob_core_inst/cpu/u_top/u_ibex_core/if_stage_i/g_instr_rdata_ra.instr_rdata_id_reg_inst/no_tmr.reg_inst/reg0/mem_reg[1][9]
    SLICE_X15Y92         LUT6 (Prop_D6LUT_SLICEM_I4_O)
                                                      0.092     8.907 r  iob_soc_memwrapper/iob_core_inst/cpu/u_top/u_ibex_core/if_stage_i/g_instr_rdata_ra.instr_rdata_id_reg_inst/no_tmr.reg_inst/reg0/i___5_i_12__0/O
                         net (fo=3, routed)           0.569     9.476    iob_soc_memwrapper/iob_core_inst/cpu/u_top/u_ibex_core/ex_block_i/alu_operand_b_ex[8]
    SLICE_X14Y103        LUT3 (Prop_B6LUT_SLICEL_I1_O)
                                                      0.053     9.529 r  iob_soc_memwrapper/iob_core_inst/cpu/u_top/u_ibex_core/ex_block_i/adder_result_ext_o_carry__0_i_15/O
                         net (fo=1, routed)           0.000     9.529    iob_soc_memwrapper/iob_core_inst/cpu/u_top/u_ibex_core/ex_block_i/alu_i/data_o_reg[15][1]
    SLICE_X14Y103        CARRY8 (Prop_CARRY8_SLICEL_S[1]_CO[7])
                                                      0.408     9.937 r  iob_soc_memwrapper/iob_core_inst/cpu/u_top/u_ibex_core/ex_block_i/alu_i/adder_result_ext_o_carry__0/CO[7]
                         net (fo=1, routed)           0.030     9.967    iob_soc_memwrapper/iob_core_inst/cpu/u_top/u_ibex_core/ex_block_i/alu_i/adder_result_ext_o_carry__0_n_0
    SLICE_X14Y104        CARRY8 (Prop_CARRY8_SLICEL_CI_CO[7])
                                                      0.025     9.992 r  iob_soc_memwrapper/iob_core_inst/cpu/u_top/u_ibex_core/ex_block_i/alu_i/adder_result_ext_o_carry__1/CO[7]
                         net (fo=1, routed)           0.030    10.022    iob_soc_memwrapper/iob_core_inst/cpu/u_top/u_ibex_core/ex_block_i/alu_i/adder_result_ext_o_carry__1_n_0
    SLICE_X14Y105        CARRY8 (Prop_CARRY8_SLICEL_CI_O[0])
                                                      0.132    10.154 f  iob_soc_memwrapper/iob_core_inst/cpu/u_top/u_ibex_core/ex_block_i/alu_i/adder_result_ext_o_carry__2/O[0]
                         net (fo=88, routed)          1.394    11.548    iob_soc_memwrapper/iob_core_inst/cpu/u_top/u_ibex_core/cs_registers_i/g_pmp_registers.g_pmp_csrs[8].u_pmp_cfg_csr/rdata_reg_inst/no_tmr.reg_inst/reg0/alu_adder_result_ex_o[22]
    SLICE_X2Y139         LUT6 (Prop_G6LUT_SLICEL_I0_O)
                                                      0.166    11.714 f  iob_soc_memwrapper/iob_core_inst/cpu/u_top/u_ibex_core/cs_registers_i/g_pmp_registers.g_pmp_csrs[8].u_pmp_cfg_csr/rdata_reg_inst/no_tmr.reg_inst/reg0/core_outputs_q_reg[1][data_req]_srl2_i_141/O
                         net (fo=1, routed)           0.475    12.189    iob_soc_memwrapper/iob_core_inst/cpu/u_top/u_ibex_core/g_pmp.pmp_i/core_outputs_q_reg[1][data_req]_srl2_i_13[3]
    SLICE_X3Y139         CARRY8 (Prop_CARRY8_SLICEL_DI[3]_CO[7])
                                                      0.432    12.621 f  iob_soc_memwrapper/iob_core_inst/cpu/u_top/u_ibex_core/g_pmp.pmp_i/core_outputs_q_reg[1][data_req]_srl2_i_42/CO[7]
                         net (fo=1, routed)           0.498    13.119    iob_soc_memwrapper/iob_core_inst/cpu/u_top/u_ibex_core/cs_registers_i/g_pmp_registers.g_pmp_csrs[8].u_pmp_cfg_csr/rdata_reg_inst/no_tmr.reg_inst/reg0/core_outputs_q_reg[1][data_req]_srl2_i_55_1[0]
    SLICE_X5Y135         LUT5 (Prop_D5LUT_SLICEM_I4_O)
                                                      0.171    13.290 f  iob_soc_memwrapper/iob_core_inst/cpu/u_top/u_ibex_core/cs_registers_i/g_pmp_registers.g_pmp_csrs[8].u_pmp_cfg_csr/rdata_reg_inst/no_tmr.reg_inst/reg0/core_outputs_q_reg[1][data_req]_srl2_i_13/O
                         net (fo=5, routed)           0.712    14.002    iob_soc_memwrapper/iob_core_inst/cpu/u_top/u_ibex_core/cs_registers_i/g_pmp_registers.g_pmp_csrs[10].u_pmp_cfg_csr/rdata_reg_inst/no_tmr.reg_inst/reg0/g_access_check[2].g_regions[8].region_match_all_reg[2]_70
    SLICE_X15Y136        LUT6 (Prop_G6LUT_SLICEM_I1_O)
                                                      0.168    14.170 f  iob_soc_memwrapper/iob_core_inst/cpu/u_top/u_ibex_core/cs_registers_i/g_pmp_registers.g_pmp_csrs[10].u_pmp_cfg_csr/rdata_reg_inst/no_tmr.reg_inst/reg0/core_outputs_q_reg[1][data_req]_srl2_i_55/O
                         net (fo=4, routed)           0.095    14.265    iob_soc_memwrapper/iob_core_inst/cpu/u_top/u_ibex_core/cs_registers_i/g_pmp_registers.g_pmp_csrs[13].u_pmp_cfg_csr/rdata_reg_inst/no_tmr.reg_inst/reg0/core_outputs_q_reg[1][data_req]_srl2_i_7
    SLICE_X15Y136        LUT4 (Prop_D5LUT_SLICEM_I2_O)
                                                      0.193    14.458 f  iob_soc_memwrapper/iob_core_inst/cpu/u_top/u_ibex_core/cs_registers_i/g_pmp_registers.g_pmp_csrs[13].u_pmp_cfg_csr/rdata_reg_inst/no_tmr.reg_inst/reg0/core_outputs_q_reg[1][data_req]_srl2_i_24/O
                         net (fo=2, routed)           0.235    14.693    iob_soc_memwrapper/iob_core_inst/cpu/u_top/u_ibex_core/cs_registers_i/g_pmp_registers.g_pmp_csrs[14].u_pmp_cfg_csr/rdata_reg_inst/no_tmr.reg_inst/reg0/core_outputs_q_reg[1][data_req]_srl2_i_3
    SLICE_X16Y136        LUT3 (Prop_B6LUT_SLICEL_I1_O)
                                                      0.053    14.746 r  iob_soc_memwrapper/iob_core_inst/cpu/u_top/u_ibex_core/cs_registers_i/g_pmp_registers.g_pmp_csrs[14].u_pmp_cfg_csr/rdata_reg_inst/no_tmr.reg_inst/reg0/core_outputs_q_reg[1][data_req]_srl2_i_7/O
                         net (fo=2, routed)           0.258    15.004    iob_soc_memwrapper/iob_core_inst/cpu/u_top/u_ibex_core/cs_registers_i/g_pmp_registers.g_pmp_csrs[13].u_pmp_cfg_csr/rdata_reg_inst/no_tmr.reg_inst/reg0/data_o[0]_i_5__5
    SLICE_X15Y135        LUT5 (Prop_E6LUT_SLICEM_I1_O)
                                                      0.225    15.229 f  iob_soc_memwrapper/iob_core_inst/cpu/u_top/u_ibex_core/cs_registers_i/g_pmp_registers.g_pmp_csrs[13].u_pmp_cfg_csr/rdata_reg_inst/no_tmr.reg_inst/reg0/core_outputs_q_reg[1][data_req]_srl2_i_3/O
                         net (fo=4, routed)           0.559    15.788    iob_soc_memwrapper/iob_core_inst/cpu/u_top/u_ibex_core/cs_registers_i/g_pmp_registers.g_pmp_csrs[13].u_pmp_cfg_csr/rdata_reg_inst/no_tmr.reg_inst/reg0/core_outputs_q_reg[1][data_req]_srl2_i_10
    SLICE_X12Y118        LUT6 (Prop_H6LUT_SLICEL_I3_O)
                                                      0.089    15.877 f  iob_soc_memwrapper/iob_core_inst/cpu/u_top/u_ibex_core/cs_registers_i/g_pmp_registers.g_pmp_csrs[13].u_pmp_cfg_csr/rdata_reg_inst/no_tmr.reg_inst/reg0/data_o[0]_i_3__30/O
                         net (fo=14, routed)          0.666    16.543    iob_soc_memwrapper/iob_core_inst/iob_axi_full_xbar/iob_axi_merge_2/busy_write_reg_re/reg0/data_o_reg[0]_3
    SLICE_X8Y105         LUT4 (Prop_G6LUT_SLICEL_I0_O)
                                                      0.089    16.632 f  iob_soc_memwrapper/iob_core_inst/iob_axi_full_xbar/iob_axi_merge_2/busy_write_reg_re/reg0/data_o[0]_i_2__31/O
                         net (fo=71, routed)          0.778    17.410    iob_soc_memwrapper/iob_core_inst/iob_axi_full_xbar/iob_axi_merge_2/busy_write_reg_re/reg0/data_o_reg[0]_0
    SLICE_X3Y79          LUT4 (Prop_A6LUT_SLICEL_I0_O)
                                                      0.166    17.576 f  iob_soc_memwrapper/iob_core_inst/iob_axi_full_xbar/iob_axi_merge_2/busy_write_reg_re/reg0/FSM_sequential_w_state_reg[0]_i_3/O
                         net (fo=3, routed)           0.232    17.808    iob_soc_memwrapper/iob_core_inst/periphs_axi2iob/s_axi_wready_reg_reg_0
    SLICE_X2Y79          LUT3 (Prop_C6LUT_SLICEL_I0_O)
                                                      0.088    17.896 r  iob_soc_memwrapper/iob_core_inst/periphs_axi2iob/m_axil_wstrb_reg[3]_i_1__0/O
                         net (fo=33, routed)          0.279    18.175    iob_soc_memwrapper/iob_core_inst/periphs_axi2iob/m_axil_wdata_next
    SLICE_X2Y79          LUT4 (Prop_C5LUT_SLICEL_I3_O)
                                                      0.243    18.418 r  iob_soc_memwrapper/iob_core_inst/periphs_axi2iob/w_burst_reg[7]_i_1__0/O
                         net (fo=37, routed)          0.567    18.985    iob_soc_memwrapper/iob_core_inst/periphs_axi2iob/w_burst_reg[7]_i_1__0_n_0
    SLICE_X1Y79          FDCE                                         r  iob_soc_memwrapper/iob_core_inst/periphs_axi2iob/w_addr_reg_reg[25]/CE
  -------------------------------------------------------------------    -------------------

                         (clock clk_out1_clock_wizard rise edge)
                                                     17.000    17.000 r  
    H22                                               0.000    17.000 r  c0_sys_clk_clk_p_i (IN)
                         net (fo=0)                   0.000    17.000    clk_250_to_100_MHz/clock_wizard_inst/clkin1_ibufds/I
    HPIOBDIFFINBUF_X0Y36 DIFFINBUF (Prop_DIFFINBUF_HPIOBDIFFINBUF_DIFF_IN_P_O)
                                                      0.374    17.374 r  clk_250_to_100_MHz/clock_wizard_inst/clkin1_ibufds/DIFFINBUF_INST/O
                         net (fo=1, routed)           0.055    17.429    clk_250_to_100_MHz/clock_wizard_inst/clkin1_ibufds/OUT
    H22                  IBUFCTRL (Prop_IBUFCTRL_HPIOB_I_O)
                                                      0.000    17.429 r  clk_250_to_100_MHz/clock_wizard_inst/clkin1_ibufds/IBUFCTRL_INST/O
                         net (fo=1, routed)           0.981    18.410    clk_250_to_100_MHz/clock_wizard_inst/clk_in1_clock_wizard
    PLLE3_ADV_X0Y3       PLLE3_ADV (Prop_PLLE3_ADV_CLKIN_CLKOUT0)
                                                      0.250    18.660 r  clk_250_to_100_MHz/clock_wizard_inst/plle3_adv_inst/CLKOUT0
                         net (fo=1, routed)           0.451    19.111    clk_250_to_100_MHz/clock_wizard_inst/clk_out1_clock_wizard
    BUFGCE_X0Y47         BUFGCE (Prop_BUFCE_BUFGCE_I_O)
                                                      0.091    19.202 r  clk_250_to_100_MHz/clock_wizard_inst/clkout1_buf/O
    X0Y1 (CLOCK_ROOT)    net (fo=9788, routed)        1.938    21.140    iob_soc_memwrapper/iob_core_inst/periphs_axi2iob/clk
    SLICE_X1Y79          FDCE                                         r  iob_soc_memwrapper/iob_core_inst/periphs_axi2iob/w_addr_reg_reg[25]/C
                         clock pessimism              0.383    21.523    
                         clock uncertainty           -0.069    21.454    
    SLICE_X1Y79          FDCE (Setup_AFF_SLICEM_C_CE)
                                                     -0.054    21.400    iob_soc_memwrapper/iob_core_inst/periphs_axi2iob/w_addr_reg_reg[25]
  -------------------------------------------------------------------
                         required time                         21.400    
                         arrival time                         -18.985    
  -------------------------------------------------------------------
                         slack                                  2.415    

Slack (MET) :             2.420ns  (required time - arrival time)
  Source:                 iob_soc_memwrapper/iob_core_inst/cpu/u_top/u_ibex_core/if_stage_i/g_instr_rdata_ra.instr_rdata_id_reg_inst/no_tmr.reg_inst/reg0/data_o_reg[22]/C
                            (rising edge-triggered cell FDRE clocked by clk_out1_clock_wizard  {rise@0.000ns fall@8.500ns period=17.000ns})
  Destination:            iob_soc_memwrapper/iob_core_inst/periphs_axi2iob/w_addr_reg_reg[7]/CE
                            (rising edge-triggered cell FDCE clocked by clk_out1_clock_wizard  {rise@0.000ns fall@8.500ns period=17.000ns})
  Path Group:             clk_out1_clock_wizard
  Path Type:              Setup (Max at Slow Process Corner)
  Requirement:            17.000ns  (clk_out1_clock_wizard rise@17.000ns - clk_out1_clock_wizard rise@0.000ns)
  Data Path Delay:        14.250ns  (logic 3.890ns (27.298%)  route 10.360ns (72.702%))
  Logic Levels:           22  (CARRY8=4 LUT3=3 LUT4=5 LUT5=4 LUT6=6)
  Clock Path Skew:        -0.207ns (DCD - SCD + CPR)
    Destination Clock Delay (DCD):    4.141ns = ( 21.141 - 17.000 ) 
    Source Clock Delay      (SCD):    4.731ns
    Clock Pessimism Removal (CPR):    0.383ns
  Clock Uncertainty:      0.069ns  ((TSJ^2 + DJ^2)^1/2) / 2 + PE
    Total System Jitter     (TSJ):    0.071ns
    Discrete Jitter          (DJ):    0.119ns
    Phase Error              (PE):    0.000ns
  Clock Net Delay (Source):      2.291ns (routing 0.396ns, distribution 1.895ns)
  Clock Net Delay (Destination): 1.939ns (routing 0.365ns, distribution 1.574ns)

    Location             Delay type                Incr(ns)  Path(ns)    Netlist Resource(s)
  -------------------------------------------------------------------    -------------------
                         (clock clk_out1_clock_wizard rise edge)
                                                      0.000     0.000 r  
    H22                                               0.000     0.000 r  c0_sys_clk_clk_p_i (IN)
                         net (fo=0)                   0.000     0.000    clk_250_to_100_MHz/clock_wizard_inst/clkin1_ibufds/I
    HPIOBDIFFINBUF_X0Y36 DIFFINBUF (Prop_DIFFINBUF_HPIOBDIFFINBUF_DIFF_IN_P_O)
                                                      0.556     0.556 r  clk_250_to_100_MHz/clock_wizard_inst/clkin1_ibufds/DIFFINBUF_INST/O
                         net (fo=1, routed)           0.104     0.660    clk_250_to_100_MHz/clock_wizard_inst/clkin1_ibufds/OUT
    H22                  IBUFCTRL (Prop_IBUFCTRL_HPIOB_I_O)
                                                      0.000     0.660 r  clk_250_to_100_MHz/clock_wizard_inst/clkin1_ibufds/IBUFCTRL_INST/O
                         net (fo=1, routed)           1.082     1.742    clk_250_to_100_MHz/clock_wizard_inst/clk_in1_clock_wizard
    PLLE3_ADV_X0Y3       PLLE3_ADV (Prop_PLLE3_ADV_CLKIN_CLKOUT0)
                                                      0.068     1.810 r  clk_250_to_100_MHz/clock_wizard_inst/plle3_adv_inst/CLKOUT0
                         net (fo=1, routed)           0.529     2.339    clk_250_to_100_MHz/clock_wizard_inst/clk_out1_clock_wizard
    BUFGCE_X0Y47         BUFGCE (Prop_BUFCE_BUFGCE_I_O)
                                                      0.101     2.440 r  clk_250_to_100_MHz/clock_wizard_inst/clkout1_buf/O
    X0Y1 (CLOCK_ROOT)    net (fo=9788, routed)        2.291     4.731    iob_soc_memwrapper/iob_core_inst/cpu/u_top/u_ibex_core/if_stage_i/g_instr_rdata_ra.instr_rdata_id_reg_inst/no_tmr.reg_inst/reg0/clk
    SLICE_X15Y80         FDRE                                         r  iob_soc_memwrapper/iob_core_inst/cpu/u_top/u_ibex_core/if_stage_i/g_instr_rdata_ra.instr_rdata_id_reg_inst/no_tmr.reg_inst/reg0/data_o_reg[22]/C
  -------------------------------------------------------------------    -------------------
    SLICE_X15Y80         FDRE (Prop_CFF_SLICEM_C_Q)
                                                      0.138     4.869 r  iob_soc_memwrapper/iob_core_inst/cpu/u_top/u_ibex_core/if_stage_i/g_instr_rdata_ra.instr_rdata_id_reg_inst/no_tmr.reg_inst/reg0/data_o_reg[22]/Q
                         net (fo=46, routed)          0.545     5.414    iob_soc_memwrapper/iob_core_inst/cpu/u_top/gen_regfile_fpga.register_file_i/gen_rdata_mux_check.u_prim_onehot_enc_raddr_b/rf_raddr_b[2]
    SLICE_X14Y71         LUT5 (Prop_D5LUT_SLICEL_I1_O)
                                                      0.260     5.674 r  iob_soc_memwrapper/iob_core_inst/cpu/u_top/gen_regfile_fpga.register_file_i/gen_rdata_mux_check.u_prim_onehot_enc_raddr_b/data_o[63]_i_39/O
                         net (fo=39, routed)          0.791     6.465    iob_soc_memwrapper/iob_core_inst/cpu/u_top/u_ibex_core/if_stage_i/g_instr_rdata_ra.instr_rdata_id_reg_inst/no_tmr.reg_inst/reg0/gen_rdata_mux_check.raddr_onehot_b[15]
    SLICE_X12Y58         LUT4 (Prop_G6LUT_SLICEL_I2_O)
                                                      0.089     6.554 r  iob_soc_memwrapper/iob_core_inst/cpu/u_top/u_ibex_core/if_stage_i/g_instr_rdata_ra.instr_rdata_id_reg_inst/no_tmr.reg_inst/reg0/data_o[34]_i_13/O
                         net (fo=1, routed)           0.241     6.795    iob_soc_memwrapper/iob_core_inst/cpu/u_top/u_ibex_core/if_stage_i/g_instr_rdata_ra.instr_rdata_id_reg_inst/no_tmr.reg_inst/reg0/data_o[34]_i_13_n_0
    SLICE_X12Y58         LUT6 (Prop_H6LUT_SLICEL_I0_O)
                                                      0.218     7.013 r  iob_soc_memwrapper/iob_core_inst/cpu/u_top/u_ibex_core/if_stage_i/g_instr_rdata_ra.instr_rdata_id_reg_inst/no_tmr.reg_inst/reg0/data_o[34]_i_8/O
                         net (fo=1, routed)           0.398     7.411    iob_soc_memwrapper/iob_core_inst/cpu/u_top/u_ibex_core/if_stage_i/g_instr_rdata_ra.instr_rdata_id_reg_inst/no_tmr.reg_inst/reg0/data_o[34]_i_8_n_0
    SLICE_X18Y59         LUT6 (Prop_H6LUT_SLICEM_I5_O)
                                                      0.173     7.584 r  iob_soc_memwrapper/iob_core_inst/cpu/u_top/u_ibex_core/if_stage_i/g_instr_rdata_ra.instr_rdata_id_reg_inst/no_tmr.reg_inst/reg0/data_o[34]_i_3/O
                         net (fo=1, routed)           0.266     7.850    iob_soc_memwrapper/iob_core_inst/cpu/u_top/u_ibex_core/if_stage_i/g_instr_rdata_ra.instr_rdata_id_reg_inst/no_tmr.reg_inst/reg0/data_o[34]_i_3_n_0
    SLICE_X19Y61         LUT5 (Prop_C6LUT_SLICEL_I1_O)
                                                      0.219     8.069 r  iob_soc_memwrapper/iob_core_inst/cpu/u_top/u_ibex_core/if_stage_i/g_instr_rdata_ra.instr_rdata_id_reg_inst/no_tmr.reg_inst/reg0/data_o[34]_i_1/O
                         net (fo=10, routed)          0.746     8.815    iob_soc_memwrapper/iob_core_inst/cpu/u_top/u_ibex_core/if_stage_i/g_instr_rdata_ra.instr_rdata_id_reg_inst/no_tmr.reg_inst/reg0/mem_reg[1][9]
    SLICE_X15Y92         LUT6 (Prop_D6LUT_SLICEM_I4_O)
                                                      0.092     8.907 r  iob_soc_memwrapper/iob_core_inst/cpu/u_top/u_ibex_core/if_stage_i/g_instr_rdata_ra.instr_rdata_id_reg_inst/no_tmr.reg_inst/reg0/i___5_i_12__0/O
                         net (fo=3, routed)           0.569     9.476    iob_soc_memwrapper/iob_core_inst/cpu/u_top/u_ibex_core/ex_block_i/alu_operand_b_ex[8]
    SLICE_X14Y103        LUT3 (Prop_B6LUT_SLICEL_I1_O)
                                                      0.053     9.529 r  iob_soc_memwrapper/iob_core_inst/cpu/u_top/u_ibex_core/ex_block_i/adder_result_ext_o_carry__0_i_15/O
                         net (fo=1, routed)           0.000     9.529    iob_soc_memwrapper/iob_core_inst/cpu/u_top/u_ibex_core/ex_block_i/alu_i/data_o_reg[15][1]
    SLICE_X14Y103        CARRY8 (Prop_CARRY8_SLICEL_S[1]_CO[7])
                                                      0.408     9.937 r  iob_soc_memwrapper/iob_core_inst/cpu/u_top/u_ibex_core/ex_block_i/alu_i/adder_result_ext_o_carry__0/CO[7]
                         net (fo=1, routed)           0.030     9.967    iob_soc_memwrapper/iob_core_inst/cpu/u_top/u_ibex_core/ex_block_i/alu_i/adder_result_ext_o_carry__0_n_0
    SLICE_X14Y104        CARRY8 (Prop_CARRY8_SLICEL_CI_CO[7])
                                                      0.025     9.992 r  iob_soc_memwrapper/iob_core_inst/cpu/u_top/u_ibex_core/ex_block_i/alu_i/adder_result_ext_o_carry__1/CO[7]
                         net (fo=1, routed)           0.030    10.022    iob_soc_memwrapper/iob_core_inst/cpu/u_top/u_ibex_core/ex_block_i/alu_i/adder_result_ext_o_carry__1_n_0
    SLICE_X14Y105        CARRY8 (Prop_CARRY8_SLICEL_CI_O[0])
                                                      0.132    10.154 f  iob_soc_memwrapper/iob_core_inst/cpu/u_top/u_ibex_core/ex_block_i/alu_i/adder_result_ext_o_carry__2/O[0]
                         net (fo=88, routed)          1.394    11.548    iob_soc_memwrapper/iob_core_inst/cpu/u_top/u_ibex_core/cs_registers_i/g_pmp_registers.g_pmp_csrs[8].u_pmp_cfg_csr/rdata_reg_inst/no_tmr.reg_inst/reg0/alu_adder_result_ex_o[22]
    SLICE_X2Y139         LUT6 (Prop_G6LUT_SLICEL_I0_O)
                                                      0.166    11.714 f  iob_soc_memwrapper/iob_core_inst/cpu/u_top/u_ibex_core/cs_registers_i/g_pmp_registers.g_pmp_csrs[8].u_pmp_cfg_csr/rdata_reg_inst/no_tmr.reg_inst/reg0/core_outputs_q_reg[1][data_req]_srl2_i_141/O
                         net (fo=1, routed)           0.475    12.189    iob_soc_memwrapper/iob_core_inst/cpu/u_top/u_ibex_core/g_pmp.pmp_i/core_outputs_q_reg[1][data_req]_srl2_i_13[3]
    SLICE_X3Y139         CARRY8 (Prop_CARRY8_SLICEL_DI[3]_CO[7])
                                                      0.432    12.621 f  iob_soc_memwrapper/iob_core_inst/cpu/u_top/u_ibex_core/g_pmp.pmp_i/core_outputs_q_reg[1][data_req]_srl2_i_42/CO[7]
                         net (fo=1, routed)           0.498    13.119    iob_soc_memwrapper/iob_core_inst/cpu/u_top/u_ibex_core/cs_registers_i/g_pmp_registers.g_pmp_csrs[8].u_pmp_cfg_csr/rdata_reg_inst/no_tmr.reg_inst/reg0/core_outputs_q_reg[1][data_req]_srl2_i_55_1[0]
    SLICE_X5Y135         LUT5 (Prop_D5LUT_SLICEM_I4_O)
                                                      0.171    13.290 f  iob_soc_memwrapper/iob_core_inst/cpu/u_top/u_ibex_core/cs_registers_i/g_pmp_registers.g_pmp_csrs[8].u_pmp_cfg_csr/rdata_reg_inst/no_tmr.reg_inst/reg0/core_outputs_q_reg[1][data_req]_srl2_i_13/O
                         net (fo=5, routed)           0.712    14.002    iob_soc_memwrapper/iob_core_inst/cpu/u_top/u_ibex_core/cs_registers_i/g_pmp_registers.g_pmp_csrs[10].u_pmp_cfg_csr/rdata_reg_inst/no_tmr.reg_inst/reg0/g_access_check[2].g_regions[8].region_match_all_reg[2]_70
    SLICE_X15Y136        LUT6 (Prop_G6LUT_SLICEM_I1_O)
                                                      0.168    14.170 f  iob_soc_memwrapper/iob_core_inst/cpu/u_top/u_ibex_core/cs_registers_i/g_pmp_registers.g_pmp_csrs[10].u_pmp_cfg_csr/rdata_reg_inst/no_tmr.reg_inst/reg0/core_outputs_q_reg[1][data_req]_srl2_i_55/O
                         net (fo=4, routed)           0.095    14.265    iob_soc_memwrapper/iob_core_inst/cpu/u_top/u_ibex_core/cs_registers_i/g_pmp_registers.g_pmp_csrs[13].u_pmp_cfg_csr/rdata_reg_inst/no_tmr.reg_inst/reg0/core_outputs_q_reg[1][data_req]_srl2_i_7
    SLICE_X15Y136        LUT4 (Prop_D5LUT_SLICEM_I2_O)
                                                      0.193    14.458 f  iob_soc_memwrapper/iob_core_inst/cpu/u_top/u_ibex_core/cs_registers_i/g_pmp_registers.g_pmp_csrs[13].u_pmp_cfg_csr/rdata_reg_inst/no_tmr.reg_inst/reg0/core_outputs_q_reg[1][data_req]_srl2_i_24/O
                         net (fo=2, routed)           0.235    14.693    iob_soc_memwrapper/iob_core_inst/cpu/u_top/u_ibex_core/cs_registers_i/g_pmp_registers.g_pmp_csrs[14].u_pmp_cfg_csr/rdata_reg_inst/no_tmr.reg_inst/reg0/core_outputs_q_reg[1][data_req]_srl2_i_3
    SLICE_X16Y136        LUT3 (Prop_B6LUT_SLICEL_I1_O)
                                                      0.053    14.746 r  iob_soc_memwrapper/iob_core_inst/cpu/u_top/u_ibex_core/cs_registers_i/g_pmp_registers.g_pmp_csrs[14].u_pmp_cfg_csr/rdata_reg_inst/no_tmr.reg_inst/reg0/core_outputs_q_reg[1][data_req]_srl2_i_7/O
                         net (fo=2, routed)           0.258    15.004    iob_soc_memwrapper/iob_core_inst/cpu/u_top/u_ibex_core/cs_registers_i/g_pmp_registers.g_pmp_csrs[13].u_pmp_cfg_csr/rdata_reg_inst/no_tmr.reg_inst/reg0/data_o[0]_i_5__5
    SLICE_X15Y135        LUT5 (Prop_E6LUT_SLICEM_I1_O)
                                                      0.225    15.229 f  iob_soc_memwrapper/iob_core_inst/cpu/u_top/u_ibex_core/cs_registers_i/g_pmp_registers.g_pmp_csrs[13].u_pmp_cfg_csr/rdata_reg_inst/no_tmr.reg_inst/reg0/core_outputs_q_reg[1][data_req]_srl2_i_3/O
                         net (fo=4, routed)           0.559    15.788    iob_soc_memwrapper/iob_core_inst/cpu/u_top/u_ibex_core/cs_registers_i/g_pmp_registers.g_pmp_csrs[13].u_pmp_cfg_csr/rdata_reg_inst/no_tmr.reg_inst/reg0/core_outputs_q_reg[1][data_req]_srl2_i_10
    SLICE_X12Y118        LUT6 (Prop_H6LUT_SLICEL_I3_O)
                                                      0.089    15.877 f  iob_soc_memwrapper/iob_core_inst/cpu/u_top/u_ibex_core/cs_registers_i/g_pmp_registers.g_pmp_csrs[13].u_pmp_cfg_csr/rdata_reg_inst/no_tmr.reg_inst/reg0/data_o[0]_i_3__30/O
                         net (fo=14, routed)          0.666    16.543    iob_soc_memwrapper/iob_core_inst/iob_axi_full_xbar/iob_axi_merge_2/busy_write_reg_re/reg0/data_o_reg[0]_3
    SLICE_X8Y105         LUT4 (Prop_G6LUT_SLICEL_I0_O)
                                                      0.089    16.632 f  iob_soc_memwrapper/iob_core_inst/iob_axi_full_xbar/iob_axi_merge_2/busy_write_reg_re/reg0/data_o[0]_i_2__31/O
                         net (fo=71, routed)          0.778    17.410    iob_soc_memwrapper/iob_core_inst/iob_axi_full_xbar/iob_axi_merge_2/busy_write_reg_re/reg0/data_o_reg[0]_0
    SLICE_X3Y79          LUT4 (Prop_A6LUT_SLICEL_I0_O)
                                                      0.166    17.576 f  iob_soc_memwrapper/iob_core_inst/iob_axi_full_xbar/iob_axi_merge_2/busy_write_reg_re/reg0/FSM_sequential_w_state_reg[0]_i_3/O
                         net (fo=3, routed)           0.232    17.808    iob_soc_memwrapper/iob_core_inst/periphs_axi2iob/s_axi_wready_reg_reg_0
    SLICE_X2Y79          LUT3 (Prop_C6LUT_SLICEL_I0_O)
                                                      0.088    17.896 r  iob_soc_memwrapper/iob_core_inst/periphs_axi2iob/m_axil_wstrb_reg[3]_i_1__0/O
                         net (fo=33, routed)          0.279    18.175    iob_soc_memwrapper/iob_core_inst/periphs_axi2iob/m_axil_wdata_next
    SLICE_X2Y79          LUT4 (Prop_C5LUT_SLICEL_I3_O)
                                                      0.243    18.418 r  iob_soc_memwrapper/iob_core_inst/periphs_axi2iob/w_burst_reg[7]_i_1__0/O
                         net (fo=37, routed)          0.563    18.981    iob_soc_memwrapper/iob_core_inst/periphs_axi2iob/w_burst_reg[7]_i_1__0_n_0
    SLICE_X2Y79          FDCE                                         r  iob_soc_memwrapper/iob_core_inst/periphs_axi2iob/w_addr_reg_reg[7]/CE
  -------------------------------------------------------------------    -------------------

                         (clock clk_out1_clock_wizard rise edge)
                                                     17.000    17.000 r  
    H22                                               0.000    17.000 r  c0_sys_clk_clk_p_i (IN)
                         net (fo=0)                   0.000    17.000    clk_250_to_100_MHz/clock_wizard_inst/clkin1_ibufds/I
    HPIOBDIFFINBUF_X0Y36 DIFFINBUF (Prop_DIFFINBUF_HPIOBDIFFINBUF_DIFF_IN_P_O)
                                                      0.374    17.374 r  clk_250_to_100_MHz/clock_wizard_inst/clkin1_ibufds/DIFFINBUF_INST/O
                         net (fo=1, routed)           0.055    17.429    clk_250_to_100_MHz/clock_wizard_inst/clkin1_ibufds/OUT
    H22                  IBUFCTRL (Prop_IBUFCTRL_HPIOB_I_O)
                                                      0.000    17.429 r  clk_250_to_100_MHz/clock_wizard_inst/clkin1_ibufds/IBUFCTRL_INST/O
                         net (fo=1, routed)           0.981    18.410    clk_250_to_100_MHz/clock_wizard_inst/clk_in1_clock_wizard
    PLLE3_ADV_X0Y3       PLLE3_ADV (Prop_PLLE3_ADV_CLKIN_CLKOUT0)
                                                      0.250    18.660 r  clk_250_to_100_MHz/clock_wizard_inst/plle3_adv_inst/CLKOUT0
                         net (fo=1, routed)           0.451    19.111    clk_250_to_100_MHz/clock_wizard_inst/clk_out1_clock_wizard
    BUFGCE_X0Y47         BUFGCE (Prop_BUFCE_BUFGCE_I_O)
                                                      0.091    19.202 r  clk_250_to_100_MHz/clock_wizard_inst/clkout1_buf/O
    X0Y1 (CLOCK_ROOT)    net (fo=9788, routed)        1.939    21.141    iob_soc_memwrapper/iob_core_inst/periphs_axi2iob/clk
    SLICE_X2Y79          FDCE                                         r  iob_soc_memwrapper/iob_core_inst/periphs_axi2iob/w_addr_reg_reg[7]/C
                         clock pessimism              0.383    21.524    
                         clock uncertainty           -0.069    21.455    
    SLICE_X2Y79          FDCE (Setup_DFF_SLICEL_C_CE)
                                                     -0.054    21.401    iob_soc_memwrapper/iob_core_inst/periphs_axi2iob/w_addr_reg_reg[7]
  -------------------------------------------------------------------
                         required time                         21.401    
                         arrival time                         -18.981    
  -------------------------------------------------------------------
                         slack                                  2.420    

Slack (MET) :             2.460ns  (required time - arrival time)
  Source:                 iob_soc_memwrapper/iob_core_inst/cpu/u_top/u_ibex_core/if_stage_i/g_instr_rdata_ra.instr_rdata_id_reg_inst/no_tmr.reg_inst/reg0/data_o_reg[22]/C
                            (rising edge-triggered cell FDRE clocked by clk_out1_clock_wizard  {rise@0.000ns fall@8.500ns period=17.000ns})
  Destination:            iob_soc_memwrapper/iob_core_inst/periphs_axi2iob/w_addr_reg_reg[10]/CE
                            (rising edge-triggered cell FDCE clocked by clk_out1_clock_wizard  {rise@0.000ns fall@8.500ns period=17.000ns})
  Path Group:             clk_out1_clock_wizard
  Path Type:              Setup (Max at Slow Process Corner)
  Requirement:            17.000ns  (clk_out1_clock_wizard rise@17.000ns - clk_out1_clock_wizard rise@0.000ns)
  Data Path Delay:        14.205ns  (logic 3.890ns (27.385%)  route 10.315ns (72.615%))
  Logic Levels:           22  (CARRY8=4 LUT3=3 LUT4=5 LUT5=4 LUT6=6)
  Clock Path Skew:        -0.208ns (DCD - SCD + CPR)
    Destination Clock Delay (DCD):    4.140ns = ( 21.140 - 17.000 ) 
    Source Clock Delay      (SCD):    4.731ns
    Clock Pessimism Removal (CPR):    0.383ns
  Clock Uncertainty:      0.069ns  ((TSJ^2 + DJ^2)^1/2) / 2 + PE
    Total System Jitter     (TSJ):    0.071ns
    Discrete Jitter          (DJ):    0.119ns
    Phase Error              (PE):    0.000ns
  Clock Net Delay (Source):      2.291ns (routing 0.396ns, distribution 1.895ns)
  Clock Net Delay (Destination): 1.938ns (routing 0.365ns, distribution 1.573ns)

    Location             Delay type                Incr(ns)  Path(ns)    Netlist Resource(s)
  -------------------------------------------------------------------    -------------------
                         (clock clk_out1_clock_wizard rise edge)
                                                      0.000     0.000 r  
    H22                                               0.000     0.000 r  c0_sys_clk_clk_p_i (IN)
                         net (fo=0)                   0.000     0.000    clk_250_to_100_MHz/clock_wizard_inst/clkin1_ibufds/I
    HPIOBDIFFINBUF_X0Y36 DIFFINBUF (Prop_DIFFINBUF_HPIOBDIFFINBUF_DIFF_IN_P_O)
                                                      0.556     0.556 r  clk_250_to_100_MHz/clock_wizard_inst/clkin1_ibufds/DIFFINBUF_INST/O
                         net (fo=1, routed)           0.104     0.660    clk_250_to_100_MHz/clock_wizard_inst/clkin1_ibufds/OUT
    H22                  IBUFCTRL (Prop_IBUFCTRL_HPIOB_I_O)
                                                      0.000     0.660 r  clk_250_to_100_MHz/clock_wizard_inst/clkin1_ibufds/IBUFCTRL_INST/O
                         net (fo=1, routed)           1.082     1.742    clk_250_to_100_MHz/clock_wizard_inst/clk_in1_clock_wizard
    PLLE3_ADV_X0Y3       PLLE3_ADV (Prop_PLLE3_ADV_CLKIN_CLKOUT0)
                                                      0.068     1.810 r  clk_250_to_100_MHz/clock_wizard_inst/plle3_adv_inst/CLKOUT0
                         net (fo=1, routed)           0.529     2.339    clk_250_to_100_MHz/clock_wizard_inst/clk_out1_clock_wizard
    BUFGCE_X0Y47         BUFGCE (Prop_BUFCE_BUFGCE_I_O)
                                                      0.101     2.440 r  clk_250_to_100_MHz/clock_wizard_inst/clkout1_buf/O
    X0Y1 (CLOCK_ROOT)    net (fo=9788, routed)        2.291     4.731    iob_soc_memwrapper/iob_core_inst/cpu/u_top/u_ibex_core/if_stage_i/g_instr_rdata_ra.instr_rdata_id_reg_inst/no_tmr.reg_inst/reg0/clk
    SLICE_X15Y80         FDRE                                         r  iob_soc_memwrapper/iob_core_inst/cpu/u_top/u_ibex_core/if_stage_i/g_instr_rdata_ra.instr_rdata_id_reg_inst/no_tmr.reg_inst/reg0/data_o_reg[22]/C
  -------------------------------------------------------------------    -------------------
    SLICE_X15Y80         FDRE (Prop_CFF_SLICEM_C_Q)
                                                      0.138     4.869 r  iob_soc_memwrapper/iob_core_inst/cpu/u_top/u_ibex_core/if_stage_i/g_instr_rdata_ra.instr_rdata_id_reg_inst/no_tmr.reg_inst/reg0/data_o_reg[22]/Q
                         net (fo=46, routed)          0.545     5.414    iob_soc_memwrapper/iob_core_inst/cpu/u_top/gen_regfile_fpga.register_file_i/gen_rdata_mux_check.u_prim_onehot_enc_raddr_b/rf_raddr_b[2]
    SLICE_X14Y71         LUT5 (Prop_D5LUT_SLICEL_I1_O)
                                                      0.260     5.674 r  iob_soc_memwrapper/iob_core_inst/cpu/u_top/gen_regfile_fpga.register_file_i/gen_rdata_mux_check.u_prim_onehot_enc_raddr_b/data_o[63]_i_39/O
                         net (fo=39, routed)          0.791     6.465    iob_soc_memwrapper/iob_core_inst/cpu/u_top/u_ibex_core/if_stage_i/g_instr_rdata_ra.instr_rdata_id_reg_inst/no_tmr.reg_inst/reg0/gen_rdata_mux_check.raddr_onehot_b[15]
    SLICE_X12Y58         LUT4 (Prop_G6LUT_SLICEL_I2_O)
                                                      0.089     6.554 r  iob_soc_memwrapper/iob_core_inst/cpu/u_top/u_ibex_core/if_stage_i/g_instr_rdata_ra.instr_rdata_id_reg_inst/no_tmr.reg_inst/reg0/data_o[34]_i_13/O
                         net (fo=1, routed)           0.241     6.795    iob_soc_memwrapper/iob_core_inst/cpu/u_top/u_ibex_core/if_stage_i/g_instr_rdata_ra.instr_rdata_id_reg_inst/no_tmr.reg_inst/reg0/data_o[34]_i_13_n_0
    SLICE_X12Y58         LUT6 (Prop_H6LUT_SLICEL_I0_O)
                                                      0.218     7.013 r  iob_soc_memwrapper/iob_core_inst/cpu/u_top/u_ibex_core/if_stage_i/g_instr_rdata_ra.instr_rdata_id_reg_inst/no_tmr.reg_inst/reg0/data_o[34]_i_8/O
                         net (fo=1, routed)           0.398     7.411    iob_soc_memwrapper/iob_core_inst/cpu/u_top/u_ibex_core/if_stage_i/g_instr_rdata_ra.instr_rdata_id_reg_inst/no_tmr.reg_inst/reg0/data_o[34]_i_8_n_0
    SLICE_X18Y59         LUT6 (Prop_H6LUT_SLICEM_I5_O)
                                                      0.173     7.584 r  iob_soc_memwrapper/iob_core_inst/cpu/u_top/u_ibex_core/if_stage_i/g_instr_rdata_ra.instr_rdata_id_reg_inst/no_tmr.reg_inst/reg0/data_o[34]_i_3/O
                         net (fo=1, routed)           0.266     7.850    iob_soc_memwrapper/iob_core_inst/cpu/u_top/u_ibex_core/if_stage_i/g_instr_rdata_ra.instr_rdata_id_reg_inst/no_tmr.reg_inst/reg0/data_o[34]_i_3_n_0
    SLICE_X19Y61         LUT5 (Prop_C6LUT_SLICEL_I1_O)
                                                      0.219     8.069 r  iob_soc_memwrapper/iob_core_inst/cpu/u_top/u_ibex_core/if_stage_i/g_instr_rdata_ra.instr_rdata_id_reg_inst/no_tmr.reg_inst/reg0/data_o[34]_i_1/O
                         net (fo=10, routed)          0.746     8.815    iob_soc_memwrapper/iob_core_inst/cpu/u_top/u_ibex_core/if_stage_i/g_instr_rdata_ra.instr_rdata_id_reg_inst/no_tmr.reg_inst/reg0/mem_reg[1][9]
    SLICE_X15Y92         LUT6 (Prop_D6LUT_SLICEM_I4_O)
                                                      0.092     8.907 r  iob_soc_memwrapper/iob_core_inst/cpu/u_top/u_ibex_core/if_stage_i/g_instr_rdata_ra.instr_rdata_id_reg_inst/no_tmr.reg_inst/reg0/i___5_i_12__0/O
                         net (fo=3, routed)           0.569     9.476    iob_soc_memwrapper/iob_core_inst/cpu/u_top/u_ibex_core/ex_block_i/alu_operand_b_ex[8]
    SLICE_X14Y103        LUT3 (Prop_B6LUT_SLICEL_I1_O)
                                                      0.053     9.529 r  iob_soc_memwrapper/iob_core_inst/cpu/u_top/u_ibex_core/ex_block_i/adder_result_ext_o_carry__0_i_15/O
                         net (fo=1, routed)           0.000     9.529    iob_soc_memwrapper/iob_core_inst/cpu/u_top/u_ibex_core/ex_block_i/alu_i/data_o_reg[15][1]
    SLICE_X14Y103        CARRY8 (Prop_CARRY8_SLICEL_S[1]_CO[7])
                                                      0.408     9.937 r  iob_soc_memwrapper/iob_core_inst/cpu/u_top/u_ibex_core/ex_block_i/alu_i/adder_result_ext_o_carry__0/CO[7]
                         net (fo=1, routed)           0.030     9.967    iob_soc_memwrapper/iob_core_inst/cpu/u_top/u_ibex_core/ex_block_i/alu_i/adder_result_ext_o_carry__0_n_0
    SLICE_X14Y104        CARRY8 (Prop_CARRY8_SLICEL_CI_CO[7])
                                                      0.025     9.992 r  iob_soc_memwrapper/iob_core_inst/cpu/u_top/u_ibex_core/ex_block_i/alu_i/adder_result_ext_o_carry__1/CO[7]
                         net (fo=1, routed)           0.030    10.022    iob_soc_memwrapper/iob_core_inst/cpu/u_top/u_ibex_core/ex_block_i/alu_i/adder_result_ext_o_carry__1_n_0
    SLICE_X14Y105        CARRY8 (Prop_CARRY8_SLICEL_CI_O[0])
                                                      0.132    10.154 f  iob_soc_memwrapper/iob_core_inst/cpu/u_top/u_ibex_core/ex_block_i/alu_i/adder_result_ext_o_carry__2/O[0]
                         net (fo=88, routed)          1.394    11.548    iob_soc_memwrapper/iob_core_inst/cpu/u_top/u_ibex_core/cs_registers_i/g_pmp_registers.g_pmp_csrs[8].u_pmp_cfg_csr/rdata_reg_inst/no_tmr.reg_inst/reg0/alu_adder_result_ex_o[22]
    SLICE_X2Y139         LUT6 (Prop_G6LUT_SLICEL_I0_O)
                                                      0.166    11.714 f  iob_soc_memwrapper/iob_core_inst/cpu/u_top/u_ibex_core/cs_registers_i/g_pmp_registers.g_pmp_csrs[8].u_pmp_cfg_csr/rdata_reg_inst/no_tmr.reg_inst/reg0/core_outputs_q_reg[1][data_req]_srl2_i_141/O
                         net (fo=1, routed)           0.475    12.189    iob_soc_memwrapper/iob_core_inst/cpu/u_top/u_ibex_core/g_pmp.pmp_i/core_outputs_q_reg[1][data_req]_srl2_i_13[3]
    SLICE_X3Y139         CARRY8 (Prop_CARRY8_SLICEL_DI[3]_CO[7])
                                                      0.432    12.621 f  iob_soc_memwrapper/iob_core_inst/cpu/u_top/u_ibex_core/g_pmp.pmp_i/core_outputs_q_reg[1][data_req]_srl2_i_42/CO[7]
                         net (fo=1, routed)           0.498    13.119    iob_soc_memwrapper/iob_core_inst/cpu/u_top/u_ibex_core/cs_registers_i/g_pmp_registers.g_pmp_csrs[8].u_pmp_cfg_csr/rdata_reg_inst/no_tmr.reg_inst/reg0/core_outputs_q_reg[1][data_req]_srl2_i_55_1[0]
    SLICE_X5Y135         LUT5 (Prop_D5LUT_SLICEM_I4_O)
                                                      0.171    13.290 f  iob_soc_memwrapper/iob_core_inst/cpu/u_top/u_ibex_core/cs_registers_i/g_pmp_registers.g_pmp_csrs[8].u_pmp_cfg_csr/rdata_reg_inst/no_tmr.reg_inst/reg0/core_outputs_q_reg[1][data_req]_srl2_i_13/O
                         net (fo=5, routed)           0.712    14.002    iob_soc_memwrapper/iob_core_inst/cpu/u_top/u_ibex_core/cs_registers_i/g_pmp_registers.g_pmp_csrs[10].u_pmp_cfg_csr/rdata_reg_inst/no_tmr.reg_inst/reg0/g_access_check[2].g_regions[8].region_match_all_reg[2]_70
    SLICE_X15Y136        LUT6 (Prop_G6LUT_SLICEM_I1_O)
                                                      0.168    14.170 f  iob_soc_memwrapper/iob_core_inst/cpu/u_top/u_ibex_core/cs_registers_i/g_pmp_registers.g_pmp_csrs[10].u_pmp_cfg_csr/rdata_reg_inst/no_tmr.reg_inst/reg0/core_outputs_q_reg[1][data_req]_srl2_i_55/O
                         net (fo=4, routed)           0.095    14.265    iob_soc_memwrapper/iob_core_inst/cpu/u_top/u_ibex_core/cs_registers_i/g_pmp_registers.g_pmp_csrs[13].u_pmp_cfg_csr/rdata_reg_inst/no_tmr.reg_inst/reg0/core_outputs_q_reg[1][data_req]_srl2_i_7
    SLICE_X15Y136        LUT4 (Prop_D5LUT_SLICEM_I2_O)
                                                      0.193    14.458 f  iob_soc_memwrapper/iob_core_inst/cpu/u_top/u_ibex_core/cs_registers_i/g_pmp_registers.g_pmp_csrs[13].u_pmp_cfg_csr/rdata_reg_inst/no_tmr.reg_inst/reg0/core_outputs_q_reg[1][data_req]_srl2_i_24/O
                         net (fo=2, routed)           0.235    14.693    iob_soc_memwrapper/iob_core_inst/cpu/u_top/u_ibex_core/cs_registers_i/g_pmp_registers.g_pmp_csrs[14].u_pmp_cfg_csr/rdata_reg_inst/no_tmr.reg_inst/reg0/core_outputs_q_reg[1][data_req]_srl2_i_3
    SLICE_X16Y136        LUT3 (Prop_B6LUT_SLICEL_I1_O)
                                                      0.053    14.746 r  iob_soc_memwrapper/iob_core_inst/cpu/u_top/u_ibex_core/cs_registers_i/g_pmp_registers.g_pmp_csrs[14].u_pmp_cfg_csr/rdata_reg_inst/no_tmr.reg_inst/reg0/core_outputs_q_reg[1][data_req]_srl2_i_7/O
                         net (fo=2, routed)           0.258    15.004    iob_soc_memwrapper/iob_core_inst/cpu/u_top/u_ibex_core/cs_registers_i/g_pmp_registers.g_pmp_csrs[13].u_pmp_cfg_csr/rdata_reg_inst/no_tmr.reg_inst/reg0/data_o[0]_i_5__5
    SLICE_X15Y135        LUT5 (Prop_E6LUT_SLICEM_I1_O)
                                                      0.225    15.229 f  iob_soc_memwrapper/iob_core_inst/cpu/u_top/u_ibex_core/cs_registers_i/g_pmp_registers.g_pmp_csrs[13].u_pmp_cfg_csr/rdata_reg_inst/no_tmr.reg_inst/reg0/core_outputs_q_reg[1][data_req]_srl2_i_3/O
                         net (fo=4, routed)           0.559    15.788    iob_soc_memwrapper/iob_core_inst/cpu/u_top/u_ibex_core/cs_registers_i/g_pmp_registers.g_pmp_csrs[13].u_pmp_cfg_csr/rdata_reg_inst/no_tmr.reg_inst/reg0/core_outputs_q_reg[1][data_req]_srl2_i_10
    SLICE_X12Y118        LUT6 (Prop_H6LUT_SLICEL_I3_O)
                                                      0.089    15.877 f  iob_soc_memwrapper/iob_core_inst/cpu/u_top/u_ibex_core/cs_registers_i/g_pmp_registers.g_pmp_csrs[13].u_pmp_cfg_csr/rdata_reg_inst/no_tmr.reg_inst/reg0/data_o[0]_i_3__30/O
                         net (fo=14, routed)          0.666    16.543    iob_soc_memwrapper/iob_core_inst/iob_axi_full_xbar/iob_axi_merge_2/busy_write_reg_re/reg0/data_o_reg[0]_3
    SLICE_X8Y105         LUT4 (Prop_G6LUT_SLICEL_I0_O)
                                                      0.089    16.632 f  iob_soc_memwrapper/iob_core_inst/iob_axi_full_xbar/iob_axi_merge_2/busy_write_reg_re/reg0/data_o[0]_i_2__31/O
                         net (fo=71, routed)          0.778    17.410    iob_soc_memwrapper/iob_core_inst/iob_axi_full_xbar/iob_axi_merge_2/busy_write_reg_re/reg0/data_o_reg[0]_0
    SLICE_X3Y79          LUT4 (Prop_A6LUT_SLICEL_I0_O)
                                                      0.166    17.576 f  iob_soc_memwrapper/iob_core_inst/iob_axi_full_xbar/iob_axi_merge_2/busy_write_reg_re/reg0/FSM_sequential_w_state_reg[0]_i_3/O
                         net (fo=3, routed)           0.232    17.808    iob_soc_memwrapper/iob_core_inst/periphs_axi2iob/s_axi_wready_reg_reg_0
    SLICE_X2Y79          LUT3 (Prop_C6LUT_SLICEL_I0_O)
                                                      0.088    17.896 r  iob_soc_memwrapper/iob_core_inst/periphs_axi2iob/m_axil_wstrb_reg[3]_i_1__0/O
                         net (fo=33, routed)          0.279    18.175    iob_soc_memwrapper/iob_core_inst/periphs_axi2iob/m_axil_wdata_next
    SLICE_X2Y79          LUT4 (Prop_C5LUT_SLICEL_I3_O)
                                                      0.243    18.418 r  iob_soc_memwrapper/iob_core_inst/periphs_axi2iob/w_burst_reg[7]_i_1__0/O
                         net (fo=37, routed)          0.518    18.936    iob_soc_memwrapper/iob_core_inst/periphs_axi2iob/w_burst_reg[7]_i_1__0_n_0
    SLICE_X1Y77          FDCE                                         r  iob_soc_memwrapper/iob_core_inst/periphs_axi2iob/w_addr_reg_reg[10]/CE
  -------------------------------------------------------------------    -------------------

                         (clock clk_out1_clock_wizard rise edge)
                                                     17.000    17.000 r  
    H22                                               0.000    17.000 r  c0_sys_clk_clk_p_i (IN)
                         net (fo=0)                   0.000    17.000    clk_250_to_100_MHz/clock_wizard_inst/clkin1_ibufds/I
    HPIOBDIFFINBUF_X0Y36 DIFFINBUF (Prop_DIFFINBUF_HPIOBDIFFINBUF_DIFF_IN_P_O)
                                                      0.374    17.374 r  clk_250_to_100_MHz/clock_wizard_inst/clkin1_ibufds/DIFFINBUF_INST/O
                         net (fo=1, routed)           0.055    17.429    clk_250_to_100_MHz/clock_wizard_inst/clkin1_ibufds/OUT
    H22                  IBUFCTRL (Prop_IBUFCTRL_HPIOB_I_O)
                                                      0.000    17.429 r  clk_250_to_100_MHz/clock_wizard_inst/clkin1_ibufds/IBUFCTRL_INST/O
                         net (fo=1, routed)           0.981    18.410    clk_250_to_100_MHz/clock_wizard_inst/clk_in1_clock_wizard
    PLLE3_ADV_X0Y3       PLLE3_ADV (Prop_PLLE3_ADV_CLKIN_CLKOUT0)
                                                      0.250    18.660 r  clk_250_to_100_MHz/clock_wizard_inst/plle3_adv_inst/CLKOUT0
                         net (fo=1, routed)           0.451    19.111    clk_250_to_100_MHz/clock_wizard_inst/clk_out1_clock_wizard
    BUFGCE_X0Y47         BUFGCE (Prop_BUFCE_BUFGCE_I_O)
                                                      0.091    19.202 r  clk_250_to_100_MHz/clock_wizard_inst/clkout1_buf/O
    X0Y1 (CLOCK_ROOT)    net (fo=9788, routed)        1.938    21.140    iob_soc_memwrapper/iob_core_inst/periphs_axi2iob/clk
    SLICE_X1Y77          FDCE                                         r  iob_soc_memwrapper/iob_core_inst/periphs_axi2iob/w_addr_reg_reg[10]/C
                         clock pessimism              0.383    21.523    
                         clock uncertainty           -0.069    21.454    
    SLICE_X1Y77          FDCE (Setup_EFF2_SLICEM_C_CE)
                                                     -0.058    21.396    iob_soc_memwrapper/iob_core_inst/periphs_axi2iob/w_addr_reg_reg[10]
  -------------------------------------------------------------------
                         required time                         21.396    
                         arrival time                         -18.936    
  -------------------------------------------------------------------
                         slack                                  2.460    

Slack (MET) :             2.461ns  (required time - arrival time)
  Source:                 iob_soc_memwrapper/iob_core_inst/cpu/u_top/u_ibex_core/if_stage_i/g_instr_rdata_ra.instr_rdata_id_reg_inst/no_tmr.reg_inst/reg0/data_o_reg[22]/C
                            (rising edge-triggered cell FDRE clocked by clk_out1_clock_wizard  {rise@0.000ns fall@8.500ns period=17.000ns})
  Destination:            iob_soc_memwrapper/iob_core_inst/periphs_axi2iob/r_addr_reg_reg[24]/CE
                            (rising edge-triggered cell FDCE clocked by clk_out1_clock_wizard  {rise@0.000ns fall@8.500ns period=17.000ns})
  Path Group:             clk_out1_clock_wizard
  Path Type:              Setup (Max at Slow Process Corner)
  Requirement:            17.000ns  (clk_out1_clock_wizard rise@17.000ns - clk_out1_clock_wizard rise@0.000ns)
  Data Path Delay:        14.099ns  (logic 3.891ns (27.598%)  route 10.208ns (72.402%))
  Logic Levels:           23  (CARRY8=4 LUT2=1 LUT3=2 LUT4=4 LUT5=4 LUT6=8)
  Clock Path Skew:        -0.317ns (DCD - SCD + CPR)
    Destination Clock Delay (DCD):    4.145ns = ( 21.145 - 17.000 ) 
    Source Clock Delay      (SCD):    4.731ns
    Clock Pessimism Removal (CPR):    0.269ns
  Clock Uncertainty:      0.069ns  ((TSJ^2 + DJ^2)^1/2) / 2 + PE
    Total System Jitter     (TSJ):    0.071ns
    Discrete Jitter          (DJ):    0.119ns
    Phase Error              (PE):    0.000ns
  Clock Net Delay (Source):      2.291ns (routing 0.396ns, distribution 1.895ns)
  Clock Net Delay (Destination): 1.943ns (routing 0.365ns, distribution 1.578ns)

    Location             Delay type                Incr(ns)  Path(ns)    Netlist Resource(s)
  -------------------------------------------------------------------    -------------------
                         (clock clk_out1_clock_wizard rise edge)
                                                      0.000     0.000 r  
    H22                                               0.000     0.000 r  c0_sys_clk_clk_p_i (IN)
                         net (fo=0)                   0.000     0.000    clk_250_to_100_MHz/clock_wizard_inst/clkin1_ibufds/I
    HPIOBDIFFINBUF_X0Y36 DIFFINBUF (Prop_DIFFINBUF_HPIOBDIFFINBUF_DIFF_IN_P_O)
                                                      0.556     0.556 r  clk_250_to_100_MHz/clock_wizard_inst/clkin1_ibufds/DIFFINBUF_INST/O
                         net (fo=1, routed)           0.104     0.660    clk_250_to_100_MHz/clock_wizard_inst/clkin1_ibufds/OUT
    H22                  IBUFCTRL (Prop_IBUFCTRL_HPIOB_I_O)
                                                      0.000     0.660 r  clk_250_to_100_MHz/clock_wizard_inst/clkin1_ibufds/IBUFCTRL_INST/O
                         net (fo=1, routed)           1.082     1.742    clk_250_to_100_MHz/clock_wizard_inst/clk_in1_clock_wizard
    PLLE3_ADV_X0Y3       PLLE3_ADV (Prop_PLLE3_ADV_CLKIN_CLKOUT0)
                                                      0.068     1.810 r  clk_250_to_100_MHz/clock_wizard_inst/plle3_adv_inst/CLKOUT0
                         net (fo=1, routed)           0.529     2.339    clk_250_to_100_MHz/clock_wizard_inst/clk_out1_clock_wizard
    BUFGCE_X0Y47         BUFGCE (Prop_BUFCE_BUFGCE_I_O)
                                                      0.101     2.440 r  clk_250_to_100_MHz/clock_wizard_inst/clkout1_buf/O
    X0Y1 (CLOCK_ROOT)    net (fo=9788, routed)        2.291     4.731    iob_soc_memwrapper/iob_core_inst/cpu/u_top/u_ibex_core/if_stage_i/g_instr_rdata_ra.instr_rdata_id_reg_inst/no_tmr.reg_inst/reg0/clk
    SLICE_X15Y80         FDRE                                         r  iob_soc_memwrapper/iob_core_inst/cpu/u_top/u_ibex_core/if_stage_i/g_instr_rdata_ra.instr_rdata_id_reg_inst/no_tmr.reg_inst/reg0/data_o_reg[22]/C
  -------------------------------------------------------------------    -------------------
    SLICE_X15Y80         FDRE (Prop_CFF_SLICEM_C_Q)
                                                      0.138     4.869 r  iob_soc_memwrapper/iob_core_inst/cpu/u_top/u_ibex_core/if_stage_i/g_instr_rdata_ra.instr_rdata_id_reg_inst/no_tmr.reg_inst/reg0/data_o_reg[22]/Q
                         net (fo=46, routed)          0.545     5.414    iob_soc_memwrapper/iob_core_inst/cpu/u_top/gen_regfile_fpga.register_file_i/gen_rdata_mux_check.u_prim_onehot_enc_raddr_b/rf_raddr_b[2]
    SLICE_X14Y71         LUT5 (Prop_D5LUT_SLICEL_I1_O)
                                                      0.260     5.674 r  iob_soc_memwrapper/iob_core_inst/cpu/u_top/gen_regfile_fpga.register_file_i/gen_rdata_mux_check.u_prim_onehot_enc_raddr_b/data_o[63]_i_39/O
                         net (fo=39, routed)          0.791     6.465    iob_soc_memwrapper/iob_core_inst/cpu/u_top/u_ibex_core/if_stage_i/g_instr_rdata_ra.instr_rdata_id_reg_inst/no_tmr.reg_inst/reg0/gen_rdata_mux_check.raddr_onehot_b[15]
    SLICE_X12Y58         LUT4 (Prop_G6LUT_SLICEL_I2_O)
                                                      0.089     6.554 r  iob_soc_memwrapper/iob_core_inst/cpu/u_top/u_ibex_core/if_stage_i/g_instr_rdata_ra.instr_rdata_id_reg_inst/no_tmr.reg_inst/reg0/data_o[34]_i_13/O
                         net (fo=1, routed)           0.241     6.795    iob_soc_memwrapper/iob_core_inst/cpu/u_top/u_ibex_core/if_stage_i/g_instr_rdata_ra.instr_rdata_id_reg_inst/no_tmr.reg_inst/reg0/data_o[34]_i_13_n_0
    SLICE_X12Y58         LUT6 (Prop_H6LUT_SLICEL_I0_O)
                                                      0.218     7.013 r  iob_soc_memwrapper/iob_core_inst/cpu/u_top/u_ibex_core/if_stage_i/g_instr_rdata_ra.instr_rdata_id_reg_inst/no_tmr.reg_inst/reg0/data_o[34]_i_8/O
                         net (fo=1, routed)           0.398     7.411    iob_soc_memwrapper/iob_core_inst/cpu/u_top/u_ibex_core/if_stage_i/g_instr_rdata_ra.instr_rdata_id_reg_inst/no_tmr.reg_inst/reg0/data_o[34]_i_8_n_0
    SLICE_X18Y59         LUT6 (Prop_H6LUT_SLICEM_I5_O)
                                                      0.173     7.584 r  iob_soc_memwrapper/iob_core_inst/cpu/u_top/u_ibex_core/if_stage_i/g_instr_rdata_ra.instr_rdata_id_reg_inst/no_tmr.reg_inst/reg0/data_o[34]_i_3/O
                         net (fo=1, routed)           0.266     7.850    iob_soc_memwrapper/iob_core_inst/cpu/u_top/u_ibex_core/if_stage_i/g_instr_rdata_ra.instr_rdata_id_reg_inst/no_tmr.reg_inst/reg0/data_o[34]_i_3_n_0
    SLICE_X19Y61         LUT5 (Prop_C6LUT_SLICEL_I1_O)
                                                      0.219     8.069 r  iob_soc_memwrapper/iob_core_inst/cpu/u_top/u_ibex_core/if_stage_i/g_instr_rdata_ra.instr_rdata_id_reg_inst/no_tmr.reg_inst/reg0/data_o[34]_i_1/O
                         net (fo=10, routed)          0.746     8.815    iob_soc_memwrapper/iob_core_inst/cpu/u_top/u_ibex_core/if_stage_i/g_instr_rdata_ra.instr_rdata_id_reg_inst/no_tmr.reg_inst/reg0/mem_reg[1][9]
    SLICE_X15Y92         LUT6 (Prop_D6LUT_SLICEM_I4_O)
                                                      0.092     8.907 r  iob_soc_memwrapper/iob_core_inst/cpu/u_top/u_ibex_core/if_stage_i/g_instr_rdata_ra.instr_rdata_id_reg_inst/no_tmr.reg_inst/reg0/i___5_i_12__0/O
                         net (fo=3, routed)           0.569     9.476    iob_soc_memwrapper/iob_core_inst/cpu/u_top/u_ibex_core/ex_block_i/alu_operand_b_ex[8]
    SLICE_X14Y103        LUT3 (Prop_B6LUT_SLICEL_I1_O)
                                                      0.053     9.529 r  iob_soc_memwrapper/iob_core_inst/cpu/u_top/u_ibex_core/ex_block_i/adder_result_ext_o_carry__0_i_15/O
                         net (fo=1, routed)           0.000     9.529    iob_soc_memwrapper/iob_core_inst/cpu/u_top/u_ibex_core/ex_block_i/alu_i/data_o_reg[15][1]
    SLICE_X14Y103        CARRY8 (Prop_CARRY8_SLICEL_S[1]_CO[7])
                                                      0.408     9.937 r  iob_soc_memwrapper/iob_core_inst/cpu/u_top/u_ibex_core/ex_block_i/alu_i/adder_result_ext_o_carry__0/CO[7]
                         net (fo=1, routed)           0.030     9.967    iob_soc_memwrapper/iob_core_inst/cpu/u_top/u_ibex_core/ex_block_i/alu_i/adder_result_ext_o_carry__0_n_0
    SLICE_X14Y104        CARRY8 (Prop_CARRY8_SLICEL_CI_CO[7])
                                                      0.025     9.992 r  iob_soc_memwrapper/iob_core_inst/cpu/u_top/u_ibex_core/ex_block_i/alu_i/adder_result_ext_o_carry__1/CO[7]
                         net (fo=1, routed)           0.030    10.022    iob_soc_memwrapper/iob_core_inst/cpu/u_top/u_ibex_core/ex_block_i/alu_i/adder_result_ext_o_carry__1_n_0
    SLICE_X14Y105        CARRY8 (Prop_CARRY8_SLICEL_CI_O[0])
                                                      0.132    10.154 r  iob_soc_memwrapper/iob_core_inst/cpu/u_top/u_ibex_core/ex_block_i/alu_i/adder_result_ext_o_carry__2/O[0]
                         net (fo=88, routed)          1.394    11.548    iob_soc_memwrapper/iob_core_inst/cpu/u_top/u_ibex_core/cs_registers_i/g_pmp_registers.g_pmp_csrs[8].u_pmp_cfg_csr/rdata_reg_inst/no_tmr.reg_inst/reg0/alu_adder_result_ex_o[22]
    SLICE_X2Y139         LUT6 (Prop_G6LUT_SLICEL_I0_O)
                                                      0.166    11.714 r  iob_soc_memwrapper/iob_core_inst/cpu/u_top/u_ibex_core/cs_registers_i/g_pmp_registers.g_pmp_csrs[8].u_pmp_cfg_csr/rdata_reg_inst/no_tmr.reg_inst/reg0/core_outputs_q_reg[1][data_req]_srl2_i_141/O
                         net (fo=1, routed)           0.475    12.189    iob_soc_memwrapper/iob_core_inst/cpu/u_top/u_ibex_core/g_pmp.pmp_i/core_outputs_q_reg[1][data_req]_srl2_i_13[3]
    SLICE_X3Y139         CARRY8 (Prop_CARRY8_SLICEL_DI[3]_CO[7])
                                                      0.432    12.621 r  iob_soc_memwrapper/iob_core_inst/cpu/u_top/u_ibex_core/g_pmp.pmp_i/core_outputs_q_reg[1][data_req]_srl2_i_42/CO[7]
                         net (fo=1, routed)           0.498    13.119    iob_soc_memwrapper/iob_core_inst/cpu/u_top/u_ibex_core/cs_registers_i/g_pmp_registers.g_pmp_csrs[8].u_pmp_cfg_csr/rdata_reg_inst/no_tmr.reg_inst/reg0/core_outputs_q_reg[1][data_req]_srl2_i_55_1[0]
    SLICE_X5Y135         LUT5 (Prop_D5LUT_SLICEM_I4_O)
                                                      0.171    13.290 r  iob_soc_memwrapper/iob_core_inst/cpu/u_top/u_ibex_core/cs_registers_i/g_pmp_registers.g_pmp_csrs[8].u_pmp_cfg_csr/rdata_reg_inst/no_tmr.reg_inst/reg0/core_outputs_q_reg[1][data_req]_srl2_i_13/O
                         net (fo=5, routed)           0.712    14.002    iob_soc_memwrapper/iob_core_inst/cpu/u_top/u_ibex_core/cs_registers_i/g_pmp_registers.g_pmp_csrs[10].u_pmp_cfg_csr/rdata_reg_inst/no_tmr.reg_inst/reg0/g_access_check[2].g_regions[8].region_match_all_reg[2]_70
    SLICE_X15Y136        LUT6 (Prop_G6LUT_SLICEM_I1_O)
                                                      0.168    14.170 r  iob_soc_memwrapper/iob_core_inst/cpu/u_top/u_ibex_core/cs_registers_i/g_pmp_registers.g_pmp_csrs[10].u_pmp_cfg_csr/rdata_reg_inst/no_tmr.reg_inst/reg0/core_outputs_q_reg[1][data_req]_srl2_i_55/O
                         net (fo=4, routed)           0.095    14.265    iob_soc_memwrapper/iob_core_inst/cpu/u_top/u_ibex_core/cs_registers_i/g_pmp_registers.g_pmp_csrs[13].u_pmp_cfg_csr/rdata_reg_inst/no_tmr.reg_inst/reg0/core_outputs_q_reg[1][data_req]_srl2_i_7
    SLICE_X15Y136        LUT4 (Prop_D5LUT_SLICEM_I2_O)
                                                      0.193    14.458 r  iob_soc_memwrapper/iob_core_inst/cpu/u_top/u_ibex_core/cs_registers_i/g_pmp_registers.g_pmp_csrs[13].u_pmp_cfg_csr/rdata_reg_inst/no_tmr.reg_inst/reg0/core_outputs_q_reg[1][data_req]_srl2_i_24/O
                         net (fo=2, routed)           0.235    14.693    iob_soc_memwrapper/iob_core_inst/cpu/u_top/u_ibex_core/cs_registers_i/g_pmp_registers.g_pmp_csrs[14].u_pmp_cfg_csr/rdata_reg_inst/no_tmr.reg_inst/reg0/core_outputs_q_reg[1][data_req]_srl2_i_3
    SLICE_X16Y136        LUT3 (Prop_B6LUT_SLICEL_I1_O)
                                                      0.053    14.746 f  iob_soc_memwrapper/iob_core_inst/cpu/u_top/u_ibex_core/cs_registers_i/g_pmp_registers.g_pmp_csrs[14].u_pmp_cfg_csr/rdata_reg_inst/no_tmr.reg_inst/reg0/core_outputs_q_reg[1][data_req]_srl2_i_7/O
                         net (fo=2, routed)           0.258    15.004    iob_soc_memwrapper/iob_core_inst/cpu/u_top/u_ibex_core/cs_registers_i/g_pmp_registers.g_pmp_csrs[13].u_pmp_cfg_csr/rdata_reg_inst/no_tmr.reg_inst/reg0/data_o[0]_i_5__5
    SLICE_X15Y135        LUT5 (Prop_E6LUT_SLICEM_I1_O)
                                                      0.225    15.229 r  iob_soc_memwrapper/iob_core_inst/cpu/u_top/u_ibex_core/cs_registers_i/g_pmp_registers.g_pmp_csrs[13].u_pmp_cfg_csr/rdata_reg_inst/no_tmr.reg_inst/reg0/core_outputs_q_reg[1][data_req]_srl2_i_3/O
                         net (fo=4, routed)           0.582    15.811    iob_soc_memwrapper/iob_core_inst/cpu/u_top/u_ibex_core/cs_registers_i/g_pmp_registers.g_pmp_csrs[13].u_pmp_cfg_csr/rdata_reg_inst/no_tmr.reg_inst/reg0/core_outputs_q_reg[1][data_req]_srl2_i_10
    SLICE_X11Y118        LUT6 (Prop_H6LUT_SLICEM_I3_O)
                                                      0.055    15.866 f  iob_soc_memwrapper/iob_core_inst/cpu/u_top/u_ibex_core/cs_registers_i/g_pmp_registers.g_pmp_csrs[13].u_pmp_cfg_csr/rdata_reg_inst/no_tmr.reg_inst/reg0/core_outputs_q_reg[1][data_req]_srl2_i_1/O
                         net (fo=17, routed)          0.585    16.451    iob_soc_memwrapper/iob_core_inst/iob_axi_full_xbar/iob_axi_split_1/active_transaction_read_reg_re/reg0/data_req_o
    SLICE_X4Y118         LUT6 (Prop_F6LUT_SLICEM_I0_O)
                                                      0.093    16.544 r  iob_soc_memwrapper/iob_core_inst/iob_axi_full_xbar/iob_axi_split_1/active_transaction_read_reg_re/reg0/data_o[0]_i_2__37/O
                         net (fo=2, routed)           0.269    16.813    iob_soc_memwrapper/iob_core_inst/iob_axi_full_xbar/iob_axi_split_0/read_sel_reg_r/iob_reg_inst/data_o[0]_i_3__33
    SLICE_X3Y120         LUT6 (Prop_B6LUT_SLICEL_I5_O)
                                                      0.147    16.960 f  iob_soc_memwrapper/iob_core_inst/iob_axi_full_xbar/iob_axi_split_0/read_sel_reg_r/iob_reg_inst/data_o[172]_i_9/O
                         net (fo=58, routed)          0.149    17.109    iob_soc_memwrapper/iob_core_inst/iob_axi_full_xbar/iob_axi_split_0/active_transaction_read_reg_re/reg0/data_o_reg[0]_3
    SLICE_X3Y120         LUT4 (Prop_E6LUT_SLICEL_I3_O)
                                                      0.146    17.255 f  iob_soc_memwrapper/iob_core_inst/iob_axi_full_xbar/iob_axi_split_0/active_transaction_read_reg_re/reg0/data_o[0]_i_3__33/O
                         net (fo=4, routed)           0.364    17.619    iob_soc_memwrapper/iob_core_inst/iob_axi_full_xbar/iob_axi_merge_2/active_transaction_read_reg_re/reg0/data_o_reg[0]_3
    SLICE_X0Y120         LUT4 (Prop_C6LUT_SLICEL_I1_O)
                                                      0.146    17.765 r  iob_soc_memwrapper/iob_core_inst/iob_axi_full_xbar/iob_axi_merge_2/active_transaction_read_reg_re/reg0/FSM_sequential_r_state_reg_i_3__0/O
                         net (fo=4, routed)           0.076    17.841    iob_soc_memwrapper/iob_core_inst/iob_axi_full_xbar/iob_axi_merge_2/active_transaction_read_reg_re/reg0/data_o_reg[0]_2
    SLICE_X0Y120         LUT2 (Prop_B6LUT_SLICEL_I0_O)
                                                      0.089    17.930 r  iob_soc_memwrapper/iob_core_inst/iob_axi_full_xbar/iob_axi_merge_2/active_transaction_read_reg_re/reg0/r_burst_reg[7]_i_1__0/O
                         net (fo=36, routed)          0.900    18.830    iob_soc_memwrapper/iob_core_inst/periphs_axi2iob/r_burst_reg_reg[0]_0
    SLICE_X0Y147         FDCE                                         r  iob_soc_memwrapper/iob_core_inst/periphs_axi2iob/r_addr_reg_reg[24]/CE
  -------------------------------------------------------------------    -------------------

                         (clock clk_out1_clock_wizard rise edge)
                                                     17.000    17.000 r  
    H22                                               0.000    17.000 r  c0_sys_clk_clk_p_i (IN)
                         net (fo=0)                   0.000    17.000    clk_250_to_100_MHz/clock_wizard_inst/clkin1_ibufds/I
    HPIOBDIFFINBUF_X0Y36 DIFFINBUF (Prop_DIFFINBUF_HPIOBDIFFINBUF_DIFF_IN_P_O)
                                                      0.374    17.374 r  clk_250_to_100_MHz/clock_wizard_inst/clkin1_ibufds/DIFFINBUF_INST/O
                         net (fo=1, routed)           0.055    17.429    clk_250_to_100_MHz/clock_wizard_inst/clkin1_ibufds/OUT
    H22                  IBUFCTRL (Prop_IBUFCTRL_HPIOB_I_O)
                                                      0.000    17.429 r  clk_250_to_100_MHz/clock_wizard_inst/clkin1_ibufds/IBUFCTRL_INST/O
                         net (fo=1, routed)           0.981    18.410    clk_250_to_100_MHz/clock_wizard_inst/clk_in1_clock_wizard
    PLLE3_ADV_X0Y3       PLLE3_ADV (Prop_PLLE3_ADV_CLKIN_CLKOUT0)
                                                      0.250    18.660 r  clk_250_to_100_MHz/clock_wizard_inst/plle3_adv_inst/CLKOUT0
                         net (fo=1, routed)           0.451    19.111    clk_250_to_100_MHz/clock_wizard_inst/clk_out1_clock_wizard
    BUFGCE_X0Y47         BUFGCE (Prop_BUFCE_BUFGCE_I_O)
                                                      0.091    19.202 r  clk_250_to_100_MHz/clock_wizard_inst/clkout1_buf/O
    X0Y1 (CLOCK_ROOT)    net (fo=9788, routed)        1.943    21.145    iob_soc_memwrapper/iob_core_inst/periphs_axi2iob/clk
    SLICE_X0Y147         FDCE                                         r  iob_soc_memwrapper/iob_core_inst/periphs_axi2iob/r_addr_reg_reg[24]/C
                         clock pessimism              0.269    21.414    
                         clock uncertainty           -0.069    21.345    
    SLICE_X0Y147         FDCE (Setup_AFF_SLICEL_C_CE)
                                                     -0.054    21.291    iob_soc_memwrapper/iob_core_inst/periphs_axi2iob/r_addr_reg_reg[24]
  -------------------------------------------------------------------
                         required time                         21.291    
                         arrival time                         -18.830    
  -------------------------------------------------------------------
                         slack                                  2.461    

Slack (MET) :             2.461ns  (required time - arrival time)
  Source:                 iob_soc_memwrapper/iob_core_inst/cpu/u_top/u_ibex_core/if_stage_i/g_instr_rdata_ra.instr_rdata_id_reg_inst/no_tmr.reg_inst/reg0/data_o_reg[22]/C
                            (rising edge-triggered cell FDRE clocked by clk_out1_clock_wizard  {rise@0.000ns fall@8.500ns period=17.000ns})
  Destination:            iob_soc_memwrapper/iob_core_inst/periphs_axi2iob/r_addr_reg_reg[25]/CE
                            (rising edge-triggered cell FDCE clocked by clk_out1_clock_wizard  {rise@0.000ns fall@8.500ns period=17.000ns})
  Path Group:             clk_out1_clock_wizard
  Path Type:              Setup (Max at Slow Process Corner)
  Requirement:            17.000ns  (clk_out1_clock_wizard rise@17.000ns - clk_out1_clock_wizard rise@0.000ns)
  Data Path Delay:        14.099ns  (logic 3.891ns (27.598%)  route 10.208ns (72.402%))
  Logic Levels:           23  (CARRY8=4 LUT2=1 LUT3=2 LUT4=4 LUT5=4 LUT6=8)
  Clock Path Skew:        -0.317ns (DCD - SCD + CPR)
    Destination Clock Delay (DCD):    4.145ns = ( 21.145 - 17.000 ) 
    Source Clock Delay      (SCD):    4.731ns
    Clock Pessimism Removal (CPR):    0.269ns
  Clock Uncertainty:      0.069ns  ((TSJ^2 + DJ^2)^1/2) / 2 + PE
    Total System Jitter     (TSJ):    0.071ns
    Discrete Jitter          (DJ):    0.119ns
    Phase Error              (PE):    0.000ns
  Clock Net Delay (Source):      2.291ns (routing 0.396ns, distribution 1.895ns)
  Clock Net Delay (Destination): 1.943ns (routing 0.365ns, distribution 1.578ns)

    Location             Delay type                Incr(ns)  Path(ns)    Netlist Resource(s)
  -------------------------------------------------------------------    -------------------
                         (clock clk_out1_clock_wizard rise edge)
                                                      0.000     0.000 r  
    H22                                               0.000     0.000 r  c0_sys_clk_clk_p_i (IN)
                         net (fo=0)                   0.000     0.000    clk_250_to_100_MHz/clock_wizard_inst/clkin1_ibufds/I
    HPIOBDIFFINBUF_X0Y36 DIFFINBUF (Prop_DIFFINBUF_HPIOBDIFFINBUF_DIFF_IN_P_O)
                                                      0.556     0.556 r  clk_250_to_100_MHz/clock_wizard_inst/clkin1_ibufds/DIFFINBUF_INST/O
                         net (fo=1, routed)           0.104     0.660    clk_250_to_100_MHz/clock_wizard_inst/clkin1_ibufds/OUT
    H22                  IBUFCTRL (Prop_IBUFCTRL_HPIOB_I_O)
                                                      0.000     0.660 r  clk_250_to_100_MHz/clock_wizard_inst/clkin1_ibufds/IBUFCTRL_INST/O
                         net (fo=1, routed)           1.082     1.742    clk_250_to_100_MHz/clock_wizard_inst/clk_in1_clock_wizard
    PLLE3_ADV_X0Y3       PLLE3_ADV (Prop_PLLE3_ADV_CLKIN_CLKOUT0)
                                                      0.068     1.810 r  clk_250_to_100_MHz/clock_wizard_inst/plle3_adv_inst/CLKOUT0
                         net (fo=1, routed)           0.529     2.339    clk_250_to_100_MHz/clock_wizard_inst/clk_out1_clock_wizard
    BUFGCE_X0Y47         BUFGCE (Prop_BUFCE_BUFGCE_I_O)
                                                      0.101     2.440 r  clk_250_to_100_MHz/clock_wizard_inst/clkout1_buf/O
    X0Y1 (CLOCK_ROOT)    net (fo=9788, routed)        2.291     4.731    iob_soc_memwrapper/iob_core_inst/cpu/u_top/u_ibex_core/if_stage_i/g_instr_rdata_ra.instr_rdata_id_reg_inst/no_tmr.reg_inst/reg0/clk
    SLICE_X15Y80         FDRE                                         r  iob_soc_memwrapper/iob_core_inst/cpu/u_top/u_ibex_core/if_stage_i/g_instr_rdata_ra.instr_rdata_id_reg_inst/no_tmr.reg_inst/reg0/data_o_reg[22]/C
  -------------------------------------------------------------------    -------------------
    SLICE_X15Y80         FDRE (Prop_CFF_SLICEM_C_Q)
                                                      0.138     4.869 r  iob_soc_memwrapper/iob_core_inst/cpu/u_top/u_ibex_core/if_stage_i/g_instr_rdata_ra.instr_rdata_id_reg_inst/no_tmr.reg_inst/reg0/data_o_reg[22]/Q
                         net (fo=46, routed)          0.545     5.414    iob_soc_memwrapper/iob_core_inst/cpu/u_top/gen_regfile_fpga.register_file_i/gen_rdata_mux_check.u_prim_onehot_enc_raddr_b/rf_raddr_b[2]
    SLICE_X14Y71         LUT5 (Prop_D5LUT_SLICEL_I1_O)
                                                      0.260     5.674 r  iob_soc_memwrapper/iob_core_inst/cpu/u_top/gen_regfile_fpga.register_file_i/gen_rdata_mux_check.u_prim_onehot_enc_raddr_b/data_o[63]_i_39/O
                         net (fo=39, routed)          0.791     6.465    iob_soc_memwrapper/iob_core_inst/cpu/u_top/u_ibex_core/if_stage_i/g_instr_rdata_ra.instr_rdata_id_reg_inst/no_tmr.reg_inst/reg0/gen_rdata_mux_check.raddr_onehot_b[15]
    SLICE_X12Y58         LUT4 (Prop_G6LUT_SLICEL_I2_O)
                                                      0.089     6.554 r  iob_soc_memwrapper/iob_core_inst/cpu/u_top/u_ibex_core/if_stage_i/g_instr_rdata_ra.instr_rdata_id_reg_inst/no_tmr.reg_inst/reg0/data_o[34]_i_13/O
                         net (fo=1, routed)           0.241     6.795    iob_soc_memwrapper/iob_core_inst/cpu/u_top/u_ibex_core/if_stage_i/g_instr_rdata_ra.instr_rdata_id_reg_inst/no_tmr.reg_inst/reg0/data_o[34]_i_13_n_0
    SLICE_X12Y58         LUT6 (Prop_H6LUT_SLICEL_I0_O)
                                                      0.218     7.013 r  iob_soc_memwrapper/iob_core_inst/cpu/u_top/u_ibex_core/if_stage_i/g_instr_rdata_ra.instr_rdata_id_reg_inst/no_tmr.reg_inst/reg0/data_o[34]_i_8/O
                         net (fo=1, routed)           0.398     7.411    iob_soc_memwrapper/iob_core_inst/cpu/u_top/u_ibex_core/if_stage_i/g_instr_rdata_ra.instr_rdata_id_reg_inst/no_tmr.reg_inst/reg0/data_o[34]_i_8_n_0
    SLICE_X18Y59         LUT6 (Prop_H6LUT_SLICEM_I5_O)
                                                      0.173     7.584 r  iob_soc_memwrapper/iob_core_inst/cpu/u_top/u_ibex_core/if_stage_i/g_instr_rdata_ra.instr_rdata_id_reg_inst/no_tmr.reg_inst/reg0/data_o[34]_i_3/O
                         net (fo=1, routed)           0.266     7.850    iob_soc_memwrapper/iob_core_inst/cpu/u_top/u_ibex_core/if_stage_i/g_instr_rdata_ra.instr_rdata_id_reg_inst/no_tmr.reg_inst/reg0/data_o[34]_i_3_n_0
    SLICE_X19Y61         LUT5 (Prop_C6LUT_SLICEL_I1_O)
                                                      0.219     8.069 r  iob_soc_memwrapper/iob_core_inst/cpu/u_top/u_ibex_core/if_stage_i/g_instr_rdata_ra.instr_rdata_id_reg_inst/no_tmr.reg_inst/reg0/data_o[34]_i_1/O
                         net (fo=10, routed)          0.746     8.815    iob_soc_memwrapper/iob_core_inst/cpu/u_top/u_ibex_core/if_stage_i/g_instr_rdata_ra.instr_rdata_id_reg_inst/no_tmr.reg_inst/reg0/mem_reg[1][9]
    SLICE_X15Y92         LUT6 (Prop_D6LUT_SLICEM_I4_O)
                                                      0.092     8.907 r  iob_soc_memwrapper/iob_core_inst/cpu/u_top/u_ibex_core/if_stage_i/g_instr_rdata_ra.instr_rdata_id_reg_inst/no_tmr.reg_inst/reg0/i___5_i_12__0/O
                         net (fo=3, routed)           0.569     9.476    iob_soc_memwrapper/iob_core_inst/cpu/u_top/u_ibex_core/ex_block_i/alu_operand_b_ex[8]
    SLICE_X14Y103        LUT3 (Prop_B6LUT_SLICEL_I1_O)
                                                      0.053     9.529 r  iob_soc_memwrapper/iob_core_inst/cpu/u_top/u_ibex_core/ex_block_i/adder_result_ext_o_carry__0_i_15/O
                         net (fo=1, routed)           0.000     9.529    iob_soc_memwrapper/iob_core_inst/cpu/u_top/u_ibex_core/ex_block_i/alu_i/data_o_reg[15][1]
    SLICE_X14Y103        CARRY8 (Prop_CARRY8_SLICEL_S[1]_CO[7])
                                                      0.408     9.937 r  iob_soc_memwrapper/iob_core_inst/cpu/u_top/u_ibex_core/ex_block_i/alu_i/adder_result_ext_o_carry__0/CO[7]
                         net (fo=1, routed)           0.030     9.967    iob_soc_memwrapper/iob_core_inst/cpu/u_top/u_ibex_core/ex_block_i/alu_i/adder_result_ext_o_carry__0_n_0
    SLICE_X14Y104        CARRY8 (Prop_CARRY8_SLICEL_CI_CO[7])
                                                      0.025     9.992 r  iob_soc_memwrapper/iob_core_inst/cpu/u_top/u_ibex_core/ex_block_i/alu_i/adder_result_ext_o_carry__1/CO[7]
                         net (fo=1, routed)           0.030    10.022    iob_soc_memwrapper/iob_core_inst/cpu/u_top/u_ibex_core/ex_block_i/alu_i/adder_result_ext_o_carry__1_n_0
    SLICE_X14Y105        CARRY8 (Prop_CARRY8_SLICEL_CI_O[0])
                                                      0.132    10.154 r  iob_soc_memwrapper/iob_core_inst/cpu/u_top/u_ibex_core/ex_block_i/alu_i/adder_result_ext_o_carry__2/O[0]
                         net (fo=88, routed)          1.394    11.548    iob_soc_memwrapper/iob_core_inst/cpu/u_top/u_ibex_core/cs_registers_i/g_pmp_registers.g_pmp_csrs[8].u_pmp_cfg_csr/rdata_reg_inst/no_tmr.reg_inst/reg0/alu_adder_result_ex_o[22]
    SLICE_X2Y139         LUT6 (Prop_G6LUT_SLICEL_I0_O)
                                                      0.166    11.714 r  iob_soc_memwrapper/iob_core_inst/cpu/u_top/u_ibex_core/cs_registers_i/g_pmp_registers.g_pmp_csrs[8].u_pmp_cfg_csr/rdata_reg_inst/no_tmr.reg_inst/reg0/core_outputs_q_reg[1][data_req]_srl2_i_141/O
                         net (fo=1, routed)           0.475    12.189    iob_soc_memwrapper/iob_core_inst/cpu/u_top/u_ibex_core/g_pmp.pmp_i/core_outputs_q_reg[1][data_req]_srl2_i_13[3]
    SLICE_X3Y139         CARRY8 (Prop_CARRY8_SLICEL_DI[3]_CO[7])
                                                      0.432    12.621 r  iob_soc_memwrapper/iob_core_inst/cpu/u_top/u_ibex_core/g_pmp.pmp_i/core_outputs_q_reg[1][data_req]_srl2_i_42/CO[7]
                         net (fo=1, routed)           0.498    13.119    iob_soc_memwrapper/iob_core_inst/cpu/u_top/u_ibex_core/cs_registers_i/g_pmp_registers.g_pmp_csrs[8].u_pmp_cfg_csr/rdata_reg_inst/no_tmr.reg_inst/reg0/core_outputs_q_reg[1][data_req]_srl2_i_55_1[0]
    SLICE_X5Y135         LUT5 (Prop_D5LUT_SLICEM_I4_O)
                                                      0.171    13.290 r  iob_soc_memwrapper/iob_core_inst/cpu/u_top/u_ibex_core/cs_registers_i/g_pmp_registers.g_pmp_csrs[8].u_pmp_cfg_csr/rdata_reg_inst/no_tmr.reg_inst/reg0/core_outputs_q_reg[1][data_req]_srl2_i_13/O
                         net (fo=5, routed)           0.712    14.002    iob_soc_memwrapper/iob_core_inst/cpu/u_top/u_ibex_core/cs_registers_i/g_pmp_registers.g_pmp_csrs[10].u_pmp_cfg_csr/rdata_reg_inst/no_tmr.reg_inst/reg0/g_access_check[2].g_regions[8].region_match_all_reg[2]_70
    SLICE_X15Y136        LUT6 (Prop_G6LUT_SLICEM_I1_O)
                                                      0.168    14.170 r  iob_soc_memwrapper/iob_core_inst/cpu/u_top/u_ibex_core/cs_registers_i/g_pmp_registers.g_pmp_csrs[10].u_pmp_cfg_csr/rdata_reg_inst/no_tmr.reg_inst/reg0/core_outputs_q_reg[1][data_req]_srl2_i_55/O
                         net (fo=4, routed)           0.095    14.265    iob_soc_memwrapper/iob_core_inst/cpu/u_top/u_ibex_core/cs_registers_i/g_pmp_registers.g_pmp_csrs[13].u_pmp_cfg_csr/rdata_reg_inst/no_tmr.reg_inst/reg0/core_outputs_q_reg[1][data_req]_srl2_i_7
    SLICE_X15Y136        LUT4 (Prop_D5LUT_SLICEM_I2_O)
                                                      0.193    14.458 r  iob_soc_memwrapper/iob_core_inst/cpu/u_top/u_ibex_core/cs_registers_i/g_pmp_registers.g_pmp_csrs[13].u_pmp_cfg_csr/rdata_reg_inst/no_tmr.reg_inst/reg0/core_outputs_q_reg[1][data_req]_srl2_i_24/O
                         net (fo=2, routed)           0.235    14.693    iob_soc_memwrapper/iob_core_inst/cpu/u_top/u_ibex_core/cs_registers_i/g_pmp_registers.g_pmp_csrs[14].u_pmp_cfg_csr/rdata_reg_inst/no_tmr.reg_inst/reg0/core_outputs_q_reg[1][data_req]_srl2_i_3
    SLICE_X16Y136        LUT3 (Prop_B6LUT_SLICEL_I1_O)
                                                      0.053    14.746 f  iob_soc_memwrapper/iob_core_inst/cpu/u_top/u_ibex_core/cs_registers_i/g_pmp_registers.g_pmp_csrs[14].u_pmp_cfg_csr/rdata_reg_inst/no_tmr.reg_inst/reg0/core_outputs_q_reg[1][data_req]_srl2_i_7/O
                         net (fo=2, routed)           0.258    15.004    iob_soc_memwrapper/iob_core_inst/cpu/u_top/u_ibex_core/cs_registers_i/g_pmp_registers.g_pmp_csrs[13].u_pmp_cfg_csr/rdata_reg_inst/no_tmr.reg_inst/reg0/data_o[0]_i_5__5
    SLICE_X15Y135        LUT5 (Prop_E6LUT_SLICEM_I1_O)
                                                      0.225    15.229 r  iob_soc_memwrapper/iob_core_inst/cpu/u_top/u_ibex_core/cs_registers_i/g_pmp_registers.g_pmp_csrs[13].u_pmp_cfg_csr/rdata_reg_inst/no_tmr.reg_inst/reg0/core_outputs_q_reg[1][data_req]_srl2_i_3/O
                         net (fo=4, routed)           0.582    15.811    iob_soc_memwrapper/iob_core_inst/cpu/u_top/u_ibex_core/cs_registers_i/g_pmp_registers.g_pmp_csrs[13].u_pmp_cfg_csr/rdata_reg_inst/no_tmr.reg_inst/reg0/core_outputs_q_reg[1][data_req]_srl2_i_10
    SLICE_X11Y118        LUT6 (Prop_H6LUT_SLICEM_I3_O)
                                                      0.055    15.866 f  iob_soc_memwrapper/iob_core_inst/cpu/u_top/u_ibex_core/cs_registers_i/g_pmp_registers.g_pmp_csrs[13].u_pmp_cfg_csr/rdata_reg_inst/no_tmr.reg_inst/reg0/core_outputs_q_reg[1][data_req]_srl2_i_1/O
                         net (fo=17, routed)          0.585    16.451    iob_soc_memwrapper/iob_core_inst/iob_axi_full_xbar/iob_axi_split_1/active_transaction_read_reg_re/reg0/data_req_o
    SLICE_X4Y118         LUT6 (Prop_F6LUT_SLICEM_I0_O)
                                                      0.093    16.544 r  iob_soc_memwrapper/iob_core_inst/iob_axi_full_xbar/iob_axi_split_1/active_transaction_read_reg_re/reg0/data_o[0]_i_2__37/O
                         net (fo=2, routed)           0.269    16.813    iob_soc_memwrapper/iob_core_inst/iob_axi_full_xbar/iob_axi_split_0/read_sel_reg_r/iob_reg_inst/data_o[0]_i_3__33
    SLICE_X3Y120         LUT6 (Prop_B6LUT_SLICEL_I5_O)
                                                      0.147    16.960 f  iob_soc_memwrapper/iob_core_inst/iob_axi_full_xbar/iob_axi_split_0/read_sel_reg_r/iob_reg_inst/data_o[172]_i_9/O
                         net (fo=58, routed)          0.149    17.109    iob_soc_memwrapper/iob_core_inst/iob_axi_full_xbar/iob_axi_split_0/active_transaction_read_reg_re/reg0/data_o_reg[0]_3
    SLICE_X3Y120         LUT4 (Prop_E6LUT_SLICEL_I3_O)
                                                      0.146    17.255 f  iob_soc_memwrapper/iob_core_inst/iob_axi_full_xbar/iob_axi_split_0/active_transaction_read_reg_re/reg0/data_o[0]_i_3__33/O
                         net (fo=4, routed)           0.364    17.619    iob_soc_memwrapper/iob_core_inst/iob_axi_full_xbar/iob_axi_merge_2/active_transaction_read_reg_re/reg0/data_o_reg[0]_3
    SLICE_X0Y120         LUT4 (Prop_C6LUT_SLICEL_I1_O)
                                                      0.146    17.765 r  iob_soc_memwrapper/iob_core_inst/iob_axi_full_xbar/iob_axi_merge_2/active_transaction_read_reg_re/reg0/FSM_sequential_r_state_reg_i_3__0/O
                         net (fo=4, routed)           0.076    17.841    iob_soc_memwrapper/iob_core_inst/iob_axi_full_xbar/iob_axi_merge_2/active_transaction_read_reg_re/reg0/data_o_reg[0]_2
    SLICE_X0Y120         LUT2 (Prop_B6LUT_SLICEL_I0_O)
                                                      0.089    17.930 r  iob_soc_memwrapper/iob_core_inst/iob_axi_full_xbar/iob_axi_merge_2/active_transaction_read_reg_re/reg0/r_burst_reg[7]_i_1__0/O
                         net (fo=36, routed)          0.900    18.830    iob_soc_memwrapper/iob_core_inst/periphs_axi2iob/r_burst_reg_reg[0]_0
    SLICE_X0Y147         FDCE                                         r  iob_soc_memwrapper/iob_core_inst/periphs_axi2iob/r_addr_reg_reg[25]/CE
  -------------------------------------------------------------------    -------------------

                         (clock clk_out1_clock_wizard rise edge)
                                                     17.000    17.000 r  
    H22                                               0.000    17.000 r  c0_sys_clk_clk_p_i (IN)
                         net (fo=0)                   0.000    17.000    clk_250_to_100_MHz/clock_wizard_inst/clkin1_ibufds/I
    HPIOBDIFFINBUF_X0Y36 DIFFINBUF (Prop_DIFFINBUF_HPIOBDIFFINBUF_DIFF_IN_P_O)
                                                      0.374    17.374 r  clk_250_to_100_MHz/clock_wizard_inst/clkin1_ibufds/DIFFINBUF_INST/O
                         net (fo=1, routed)           0.055    17.429    clk_250_to_100_MHz/clock_wizard_inst/clkin1_ibufds/OUT
    H22                  IBUFCTRL (Prop_IBUFCTRL_HPIOB_I_O)
                                                      0.000    17.429 r  clk_250_to_100_MHz/clock_wizard_inst/clkin1_ibufds/IBUFCTRL_INST/O
                         net (fo=1, routed)           0.981    18.410    clk_250_to_100_MHz/clock_wizard_inst/clk_in1_clock_wizard
    PLLE3_ADV_X0Y3       PLLE3_ADV (Prop_PLLE3_ADV_CLKIN_CLKOUT0)
                                                      0.250    18.660 r  clk_250_to_100_MHz/clock_wizard_inst/plle3_adv_inst/CLKOUT0
                         net (fo=1, routed)           0.451    19.111    clk_250_to_100_MHz/clock_wizard_inst/clk_out1_clock_wizard
    BUFGCE_X0Y47         BUFGCE (Prop_BUFCE_BUFGCE_I_O)
                                                      0.091    19.202 r  clk_250_to_100_MHz/clock_wizard_inst/clkout1_buf/O
    X0Y1 (CLOCK_ROOT)    net (fo=9788, routed)        1.943    21.145    iob_soc_memwrapper/iob_core_inst/periphs_axi2iob/clk
    SLICE_X0Y147         FDCE                                         r  iob_soc_memwrapper/iob_core_inst/periphs_axi2iob/r_addr_reg_reg[25]/C
                         clock pessimism              0.269    21.414    
                         clock uncertainty           -0.069    21.345    
    SLICE_X0Y147         FDCE (Setup_BFF_SLICEL_C_CE)
                                                     -0.054    21.291    iob_soc_memwrapper/iob_core_inst/periphs_axi2iob/r_addr_reg_reg[25]
  -------------------------------------------------------------------
                         required time                         21.291    
                         arrival time                         -18.830    
  -------------------------------------------------------------------
                         slack                                  2.461    

Slack (MET) :             2.461ns  (required time - arrival time)
  Source:                 iob_soc_memwrapper/iob_core_inst/cpu/u_top/u_ibex_core/if_stage_i/g_instr_rdata_ra.instr_rdata_id_reg_inst/no_tmr.reg_inst/reg0/data_o_reg[22]/C
                            (rising edge-triggered cell FDRE clocked by clk_out1_clock_wizard  {rise@0.000ns fall@8.500ns period=17.000ns})
  Destination:            iob_soc_memwrapper/iob_core_inst/periphs_axi2iob/r_addr_reg_reg[26]/CE
                            (rising edge-triggered cell FDCE clocked by clk_out1_clock_wizard  {rise@0.000ns fall@8.500ns period=17.000ns})
  Path Group:             clk_out1_clock_wizard
  Path Type:              Setup (Max at Slow Process Corner)
  Requirement:            17.000ns  (clk_out1_clock_wizard rise@17.000ns - clk_out1_clock_wizard rise@0.000ns)
  Data Path Delay:        14.099ns  (logic 3.891ns (27.598%)  route 10.208ns (72.402%))
  Logic Levels:           23  (CARRY8=4 LUT2=1 LUT3=2 LUT4=4 LUT5=4 LUT6=8)
  Clock Path Skew:        -0.317ns (DCD - SCD + CPR)
    Destination Clock Delay (DCD):    4.145ns = ( 21.145 - 17.000 ) 
    Source Clock Delay      (SCD):    4.731ns
    Clock Pessimism Removal (CPR):    0.269ns
  Clock Uncertainty:      0.069ns  ((TSJ^2 + DJ^2)^1/2) / 2 + PE
    Total System Jitter     (TSJ):    0.071ns
    Discrete Jitter          (DJ):    0.119ns
    Phase Error              (PE):    0.000ns
  Clock Net Delay (Source):      2.291ns (routing 0.396ns, distribution 1.895ns)
  Clock Net Delay (Destination): 1.943ns (routing 0.365ns, distribution 1.578ns)

    Location             Delay type                Incr(ns)  Path(ns)    Netlist Resource(s)
  -------------------------------------------------------------------    -------------------
                         (clock clk_out1_clock_wizard rise edge)
                                                      0.000     0.000 r  
    H22                                               0.000     0.000 r  c0_sys_clk_clk_p_i (IN)
                         net (fo=0)                   0.000     0.000    clk_250_to_100_MHz/clock_wizard_inst/clkin1_ibufds/I
    HPIOBDIFFINBUF_X0Y36 DIFFINBUF (Prop_DIFFINBUF_HPIOBDIFFINBUF_DIFF_IN_P_O)
                                                      0.556     0.556 r  clk_250_to_100_MHz/clock_wizard_inst/clkin1_ibufds/DIFFINBUF_INST/O
                         net (fo=1, routed)           0.104     0.660    clk_250_to_100_MHz/clock_wizard_inst/clkin1_ibufds/OUT
    H22                  IBUFCTRL (Prop_IBUFCTRL_HPIOB_I_O)
                                                      0.000     0.660 r  clk_250_to_100_MHz/clock_wizard_inst/clkin1_ibufds/IBUFCTRL_INST/O
                         net (fo=1, routed)           1.082     1.742    clk_250_to_100_MHz/clock_wizard_inst/clk_in1_clock_wizard
    PLLE3_ADV_X0Y3       PLLE3_ADV (Prop_PLLE3_ADV_CLKIN_CLKOUT0)
                                                      0.068     1.810 r  clk_250_to_100_MHz/clock_wizard_inst/plle3_adv_inst/CLKOUT0
                         net (fo=1, routed)           0.529     2.339    clk_250_to_100_MHz/clock_wizard_inst/clk_out1_clock_wizard
    BUFGCE_X0Y47         BUFGCE (Prop_BUFCE_BUFGCE_I_O)
                                                      0.101     2.440 r  clk_250_to_100_MHz/clock_wizard_inst/clkout1_buf/O
    X0Y1 (CLOCK_ROOT)    net (fo=9788, routed)        2.291     4.731    iob_soc_memwrapper/iob_core_inst/cpu/u_top/u_ibex_core/if_stage_i/g_instr_rdata_ra.instr_rdata_id_reg_inst/no_tmr.reg_inst/reg0/clk
    SLICE_X15Y80         FDRE                                         r  iob_soc_memwrapper/iob_core_inst/cpu/u_top/u_ibex_core/if_stage_i/g_instr_rdata_ra.instr_rdata_id_reg_inst/no_tmr.reg_inst/reg0/data_o_reg[22]/C
  -------------------------------------------------------------------    -------------------
    SLICE_X15Y80         FDRE (Prop_CFF_SLICEM_C_Q)
                                                      0.138     4.869 r  iob_soc_memwrapper/iob_core_inst/cpu/u_top/u_ibex_core/if_stage_i/g_instr_rdata_ra.instr_rdata_id_reg_inst/no_tmr.reg_inst/reg0/data_o_reg[22]/Q
                         net (fo=46, routed)          0.545     5.414    iob_soc_memwrapper/iob_core_inst/cpu/u_top/gen_regfile_fpga.register_file_i/gen_rdata_mux_check.u_prim_onehot_enc_raddr_b/rf_raddr_b[2]
    SLICE_X14Y71         LUT5 (Prop_D5LUT_SLICEL_I1_O)
                                                      0.260     5.674 r  iob_soc_memwrapper/iob_core_inst/cpu/u_top/gen_regfile_fpga.register_file_i/gen_rdata_mux_check.u_prim_onehot_enc_raddr_b/data_o[63]_i_39/O
                         net (fo=39, routed)          0.791     6.465    iob_soc_memwrapper/iob_core_inst/cpu/u_top/u_ibex_core/if_stage_i/g_instr_rdata_ra.instr_rdata_id_reg_inst/no_tmr.reg_inst/reg0/gen_rdata_mux_check.raddr_onehot_b[15]
    SLICE_X12Y58         LUT4 (Prop_G6LUT_SLICEL_I2_O)
                                                      0.089     6.554 r  iob_soc_memwrapper/iob_core_inst/cpu/u_top/u_ibex_core/if_stage_i/g_instr_rdata_ra.instr_rdata_id_reg_inst/no_tmr.reg_inst/reg0/data_o[34]_i_13/O
                         net (fo=1, routed)           0.241     6.795    iob_soc_memwrapper/iob_core_inst/cpu/u_top/u_ibex_core/if_stage_i/g_instr_rdata_ra.instr_rdata_id_reg_inst/no_tmr.reg_inst/reg0/data_o[34]_i_13_n_0
    SLICE_X12Y58         LUT6 (Prop_H6LUT_SLICEL_I0_O)
                                                      0.218     7.013 r  iob_soc_memwrapper/iob_core_inst/cpu/u_top/u_ibex_core/if_stage_i/g_instr_rdata_ra.instr_rdata_id_reg_inst/no_tmr.reg_inst/reg0/data_o[34]_i_8/O
                         net (fo=1, routed)           0.398     7.411    iob_soc_memwrapper/iob_core_inst/cpu/u_top/u_ibex_core/if_stage_i/g_instr_rdata_ra.instr_rdata_id_reg_inst/no_tmr.reg_inst/reg0/data_o[34]_i_8_n_0
    SLICE_X18Y59         LUT6 (Prop_H6LUT_SLICEM_I5_O)
                                                      0.173     7.584 r  iob_soc_memwrapper/iob_core_inst/cpu/u_top/u_ibex_core/if_stage_i/g_instr_rdata_ra.instr_rdata_id_reg_inst/no_tmr.reg_inst/reg0/data_o[34]_i_3/O
                         net (fo=1, routed)           0.266     7.850    iob_soc_memwrapper/iob_core_inst/cpu/u_top/u_ibex_core/if_stage_i/g_instr_rdata_ra.instr_rdata_id_reg_inst/no_tmr.reg_inst/reg0/data_o[34]_i_3_n_0
    SLICE_X19Y61         LUT5 (Prop_C6LUT_SLICEL_I1_O)
                                                      0.219     8.069 r  iob_soc_memwrapper/iob_core_inst/cpu/u_top/u_ibex_core/if_stage_i/g_instr_rdata_ra.instr_rdata_id_reg_inst/no_tmr.reg_inst/reg0/data_o[34]_i_1/O
                         net (fo=10, routed)          0.746     8.815    iob_soc_memwrapper/iob_core_inst/cpu/u_top/u_ibex_core/if_stage_i/g_instr_rdata_ra.instr_rdata_id_reg_inst/no_tmr.reg_inst/reg0/mem_reg[1][9]
    SLICE_X15Y92         LUT6 (Prop_D6LUT_SLICEM_I4_O)
                                                      0.092     8.907 r  iob_soc_memwrapper/iob_core_inst/cpu/u_top/u_ibex_core/if_stage_i/g_instr_rdata_ra.instr_rdata_id_reg_inst/no_tmr.reg_inst/reg0/i___5_i_12__0/O
                         net (fo=3, routed)           0.569     9.476    iob_soc_memwrapper/iob_core_inst/cpu/u_top/u_ibex_core/ex_block_i/alu_operand_b_ex[8]
    SLICE_X14Y103        LUT3 (Prop_B6LUT_SLICEL_I1_O)
                                                      0.053     9.529 r  iob_soc_memwrapper/iob_core_inst/cpu/u_top/u_ibex_core/ex_block_i/adder_result_ext_o_carry__0_i_15/O
                         net (fo=1, routed)           0.000     9.529    iob_soc_memwrapper/iob_core_inst/cpu/u_top/u_ibex_core/ex_block_i/alu_i/data_o_reg[15][1]
    SLICE_X14Y103        CARRY8 (Prop_CARRY8_SLICEL_S[1]_CO[7])
                                                      0.408     9.937 r  iob_soc_memwrapper/iob_core_inst/cpu/u_top/u_ibex_core/ex_block_i/alu_i/adder_result_ext_o_carry__0/CO[7]
                         net (fo=1, routed)           0.030     9.967    iob_soc_memwrapper/iob_core_inst/cpu/u_top/u_ibex_core/ex_block_i/alu_i/adder_result_ext_o_carry__0_n_0
    SLICE_X14Y104        CARRY8 (Prop_CARRY8_SLICEL_CI_CO[7])
                                                      0.025     9.992 r  iob_soc_memwrapper/iob_core_inst/cpu/u_top/u_ibex_core/ex_block_i/alu_i/adder_result_ext_o_carry__1/CO[7]
                         net (fo=1, routed)           0.030    10.022    iob_soc_memwrapper/iob_core_inst/cpu/u_top/u_ibex_core/ex_block_i/alu_i/adder_result_ext_o_carry__1_n_0
    SLICE_X14Y105        CARRY8 (Prop_CARRY8_SLICEL_CI_O[0])
                                                      0.132    10.154 r  iob_soc_memwrapper/iob_core_inst/cpu/u_top/u_ibex_core/ex_block_i/alu_i/adder_result_ext_o_carry__2/O[0]
                         net (fo=88, routed)          1.394    11.548    iob_soc_memwrapper/iob_core_inst/cpu/u_top/u_ibex_core/cs_registers_i/g_pmp_registers.g_pmp_csrs[8].u_pmp_cfg_csr/rdata_reg_inst/no_tmr.reg_inst/reg0/alu_adder_result_ex_o[22]
    SLICE_X2Y139         LUT6 (Prop_G6LUT_SLICEL_I0_O)
                                                      0.166    11.714 r  iob_soc_memwrapper/iob_core_inst/cpu/u_top/u_ibex_core/cs_registers_i/g_pmp_registers.g_pmp_csrs[8].u_pmp_cfg_csr/rdata_reg_inst/no_tmr.reg_inst/reg0/core_outputs_q_reg[1][data_req]_srl2_i_141/O
                         net (fo=1, routed)           0.475    12.189    iob_soc_memwrapper/iob_core_inst/cpu/u_top/u_ibex_core/g_pmp.pmp_i/core_outputs_q_reg[1][data_req]_srl2_i_13[3]
    SLICE_X3Y139         CARRY8 (Prop_CARRY8_SLICEL_DI[3]_CO[7])
                                                      0.432    12.621 r  iob_soc_memwrapper/iob_core_inst/cpu/u_top/u_ibex_core/g_pmp.pmp_i/core_outputs_q_reg[1][data_req]_srl2_i_42/CO[7]
                         net (fo=1, routed)           0.498    13.119    iob_soc_memwrapper/iob_core_inst/cpu/u_top/u_ibex_core/cs_registers_i/g_pmp_registers.g_pmp_csrs[8].u_pmp_cfg_csr/rdata_reg_inst/no_tmr.reg_inst/reg0/core_outputs_q_reg[1][data_req]_srl2_i_55_1[0]
    SLICE_X5Y135         LUT5 (Prop_D5LUT_SLICEM_I4_O)
                                                      0.171    13.290 r  iob_soc_memwrapper/iob_core_inst/cpu/u_top/u_ibex_core/cs_registers_i/g_pmp_registers.g_pmp_csrs[8].u_pmp_cfg_csr/rdata_reg_inst/no_tmr.reg_inst/reg0/core_outputs_q_reg[1][data_req]_srl2_i_13/O
                         net (fo=5, routed)           0.712    14.002    iob_soc_memwrapper/iob_core_inst/cpu/u_top/u_ibex_core/cs_registers_i/g_pmp_registers.g_pmp_csrs[10].u_pmp_cfg_csr/rdata_reg_inst/no_tmr.reg_inst/reg0/g_access_check[2].g_regions[8].region_match_all_reg[2]_70
    SLICE_X15Y136        LUT6 (Prop_G6LUT_SLICEM_I1_O)
                                                      0.168    14.170 r  iob_soc_memwrapper/iob_core_inst/cpu/u_top/u_ibex_core/cs_registers_i/g_pmp_registers.g_pmp_csrs[10].u_pmp_cfg_csr/rdata_reg_inst/no_tmr.reg_inst/reg0/core_outputs_q_reg[1][data_req]_srl2_i_55/O
                         net (fo=4, routed)           0.095    14.265    iob_soc_memwrapper/iob_core_inst/cpu/u_top/u_ibex_core/cs_registers_i/g_pmp_registers.g_pmp_csrs[13].u_pmp_cfg_csr/rdata_reg_inst/no_tmr.reg_inst/reg0/core_outputs_q_reg[1][data_req]_srl2_i_7
    SLICE_X15Y136        LUT4 (Prop_D5LUT_SLICEM_I2_O)
                                                      0.193    14.458 r  iob_soc_memwrapper/iob_core_inst/cpu/u_top/u_ibex_core/cs_registers_i/g_pmp_registers.g_pmp_csrs[13].u_pmp_cfg_csr/rdata_reg_inst/no_tmr.reg_inst/reg0/core_outputs_q_reg[1][data_req]_srl2_i_24/O
                         net (fo=2, routed)           0.235    14.693    iob_soc_memwrapper/iob_core_inst/cpu/u_top/u_ibex_core/cs_registers_i/g_pmp_registers.g_pmp_csrs[14].u_pmp_cfg_csr/rdata_reg_inst/no_tmr.reg_inst/reg0/core_outputs_q_reg[1][data_req]_srl2_i_3
    SLICE_X16Y136        LUT3 (Prop_B6LUT_SLICEL_I1_O)
                                                      0.053    14.746 f  iob_soc_memwrapper/iob_core_inst/cpu/u_top/u_ibex_core/cs_registers_i/g_pmp_registers.g_pmp_csrs[14].u_pmp_cfg_csr/rdata_reg_inst/no_tmr.reg_inst/reg0/core_outputs_q_reg[1][data_req]_srl2_i_7/O
                         net (fo=2, routed)           0.258    15.004    iob_soc_memwrapper/iob_core_inst/cpu/u_top/u_ibex_core/cs_registers_i/g_pmp_registers.g_pmp_csrs[13].u_pmp_cfg_csr/rdata_reg_inst/no_tmr.reg_inst/reg0/data_o[0]_i_5__5
    SLICE_X15Y135        LUT5 (Prop_E6LUT_SLICEM_I1_O)
                                                      0.225    15.229 r  iob_soc_memwrapper/iob_core_inst/cpu/u_top/u_ibex_core/cs_registers_i/g_pmp_registers.g_pmp_csrs[13].u_pmp_cfg_csr/rdata_reg_inst/no_tmr.reg_inst/reg0/core_outputs_q_reg[1][data_req]_srl2_i_3/O
                         net (fo=4, routed)           0.582    15.811    iob_soc_memwrapper/iob_core_inst/cpu/u_top/u_ibex_core/cs_registers_i/g_pmp_registers.g_pmp_csrs[13].u_pmp_cfg_csr/rdata_reg_inst/no_tmr.reg_inst/reg0/core_outputs_q_reg[1][data_req]_srl2_i_10
    SLICE_X11Y118        LUT6 (Prop_H6LUT_SLICEM_I3_O)
                                                      0.055    15.866 f  iob_soc_memwrapper/iob_core_inst/cpu/u_top/u_ibex_core/cs_registers_i/g_pmp_registers.g_pmp_csrs[13].u_pmp_cfg_csr/rdata_reg_inst/no_tmr.reg_inst/reg0/core_outputs_q_reg[1][data_req]_srl2_i_1/O
                         net (fo=17, routed)          0.585    16.451    iob_soc_memwrapper/iob_core_inst/iob_axi_full_xbar/iob_axi_split_1/active_transaction_read_reg_re/reg0/data_req_o
    SLICE_X4Y118         LUT6 (Prop_F6LUT_SLICEM_I0_O)
                                                      0.093    16.544 r  iob_soc_memwrapper/iob_core_inst/iob_axi_full_xbar/iob_axi_split_1/active_transaction_read_reg_re/reg0/data_o[0]_i_2__37/O
                         net (fo=2, routed)           0.269    16.813    iob_soc_memwrapper/iob_core_inst/iob_axi_full_xbar/iob_axi_split_0/read_sel_reg_r/iob_reg_inst/data_o[0]_i_3__33
    SLICE_X3Y120         LUT6 (Prop_B6LUT_SLICEL_I5_O)
                                                      0.147    16.960 f  iob_soc_memwrapper/iob_core_inst/iob_axi_full_xbar/iob_axi_split_0/read_sel_reg_r/iob_reg_inst/data_o[172]_i_9/O
                         net (fo=58, routed)          0.149    17.109    iob_soc_memwrapper/iob_core_inst/iob_axi_full_xbar/iob_axi_split_0/active_transaction_read_reg_re/reg0/data_o_reg[0]_3
    SLICE_X3Y120         LUT4 (Prop_E6LUT_SLICEL_I3_O)
                                                      0.146    17.255 f  iob_soc_memwrapper/iob_core_inst/iob_axi_full_xbar/iob_axi_split_0/active_transaction_read_reg_re/reg0/data_o[0]_i_3__33/O
                         net (fo=4, routed)           0.364    17.619    iob_soc_memwrapper/iob_core_inst/iob_axi_full_xbar/iob_axi_merge_2/active_transaction_read_reg_re/reg0/data_o_reg[0]_3
    SLICE_X0Y120         LUT4 (Prop_C6LUT_SLICEL_I1_O)
                                                      0.146    17.765 r  iob_soc_memwrapper/iob_core_inst/iob_axi_full_xbar/iob_axi_merge_2/active_transaction_read_reg_re/reg0/FSM_sequential_r_state_reg_i_3__0/O
                         net (fo=4, routed)           0.076    17.841    iob_soc_memwrapper/iob_core_inst/iob_axi_full_xbar/iob_axi_merge_2/active_transaction_read_reg_re/reg0/data_o_reg[0]_2
    SLICE_X0Y120         LUT2 (Prop_B6LUT_SLICEL_I0_O)
                                                      0.089    17.930 r  iob_soc_memwrapper/iob_core_inst/iob_axi_full_xbar/iob_axi_merge_2/active_transaction_read_reg_re/reg0/r_burst_reg[7]_i_1__0/O
                         net (fo=36, routed)          0.900    18.830    iob_soc_memwrapper/iob_core_inst/periphs_axi2iob/r_burst_reg_reg[0]_0
    SLICE_X0Y147         FDCE                                         r  iob_soc_memwrapper/iob_core_inst/periphs_axi2iob/r_addr_reg_reg[26]/CE
  -------------------------------------------------------------------    -------------------

                         (clock clk_out1_clock_wizard rise edge)
                                                     17.000    17.000 r  
    H22                                               0.000    17.000 r  c0_sys_clk_clk_p_i (IN)
                         net (fo=0)                   0.000    17.000    clk_250_to_100_MHz/clock_wizard_inst/clkin1_ibufds/I
    HPIOBDIFFINBUF_X0Y36 DIFFINBUF (Prop_DIFFINBUF_HPIOBDIFFINBUF_DIFF_IN_P_O)
                                                      0.374    17.374 r  clk_250_to_100_MHz/clock_wizard_inst/clkin1_ibufds/DIFFINBUF_INST/O
                         net (fo=1, routed)           0.055    17.429    clk_250_to_100_MHz/clock_wizard_inst/clkin1_ibufds/OUT
    H22                  IBUFCTRL (Prop_IBUFCTRL_HPIOB_I_O)
                                                      0.000    17.429 r  clk_250_to_100_MHz/clock_wizard_inst/clkin1_ibufds/IBUFCTRL_INST/O
                         net (fo=1, routed)           0.981    18.410    clk_250_to_100_MHz/clock_wizard_inst/clk_in1_clock_wizard
    PLLE3_ADV_X0Y3       PLLE3_ADV (Prop_PLLE3_ADV_CLKIN_CLKOUT0)
                                                      0.250    18.660 r  clk_250_to_100_MHz/clock_wizard_inst/plle3_adv_inst/CLKOUT0
                         net (fo=1, routed)           0.451    19.111    clk_250_to_100_MHz/clock_wizard_inst/clk_out1_clock_wizard
    BUFGCE_X0Y47         BUFGCE (Prop_BUFCE_BUFGCE_I_O)
                                                      0.091    19.202 r  clk_250_to_100_MHz/clock_wizard_inst/clkout1_buf/O
    X0Y1 (CLOCK_ROOT)    net (fo=9788, routed)        1.943    21.145    iob_soc_memwrapper/iob_core_inst/periphs_axi2iob/clk
    SLICE_X0Y147         FDCE                                         r  iob_soc_memwrapper/iob_core_inst/periphs_axi2iob/r_addr_reg_reg[26]/C
                         clock pessimism              0.269    21.414    
                         clock uncertainty           -0.069    21.345    
    SLICE_X0Y147         FDCE (Setup_CFF_SLICEL_C_CE)
                                                     -0.054    21.291    iob_soc_memwrapper/iob_core_inst/periphs_axi2iob/r_addr_reg_reg[26]
  -------------------------------------------------------------------
                         required time                         21.291    
                         arrival time                         -18.830    
  -------------------------------------------------------------------
                         slack                                  2.461    

Slack (MET) :             2.461ns  (required time - arrival time)
  Source:                 iob_soc_memwrapper/iob_core_inst/cpu/u_top/u_ibex_core/if_stage_i/g_instr_rdata_ra.instr_rdata_id_reg_inst/no_tmr.reg_inst/reg0/data_o_reg[22]/C
                            (rising edge-triggered cell FDRE clocked by clk_out1_clock_wizard  {rise@0.000ns fall@8.500ns period=17.000ns})
  Destination:            iob_soc_memwrapper/iob_core_inst/periphs_axi2iob/r_addr_reg_reg[27]/CE
                            (rising edge-triggered cell FDCE clocked by clk_out1_clock_wizard  {rise@0.000ns fall@8.500ns period=17.000ns})
  Path Group:             clk_out1_clock_wizard
  Path Type:              Setup (Max at Slow Process Corner)
  Requirement:            17.000ns  (clk_out1_clock_wizard rise@17.000ns - clk_out1_clock_wizard rise@0.000ns)
  Data Path Delay:        14.099ns  (logic 3.891ns (27.598%)  route 10.208ns (72.402%))
  Logic Levels:           23  (CARRY8=4 LUT2=1 LUT3=2 LUT4=4 LUT5=4 LUT6=8)
  Clock Path Skew:        -0.317ns (DCD - SCD + CPR)
    Destination Clock Delay (DCD):    4.145ns = ( 21.145 - 17.000 ) 
    Source Clock Delay      (SCD):    4.731ns
    Clock Pessimism Removal (CPR):    0.269ns
  Clock Uncertainty:      0.069ns  ((TSJ^2 + DJ^2)^1/2) / 2 + PE
    Total System Jitter     (TSJ):    0.071ns
    Discrete Jitter          (DJ):    0.119ns
    Phase Error              (PE):    0.000ns
  Clock Net Delay (Source):      2.291ns (routing 0.396ns, distribution 1.895ns)
  Clock Net Delay (Destination): 1.943ns (routing 0.365ns, distribution 1.578ns)

    Location             Delay type                Incr(ns)  Path(ns)    Netlist Resource(s)
  -------------------------------------------------------------------    -------------------
                         (clock clk_out1_clock_wizard rise edge)
                                                      0.000     0.000 r  
    H22                                               0.000     0.000 r  c0_sys_clk_clk_p_i (IN)
                         net (fo=0)                   0.000     0.000    clk_250_to_100_MHz/clock_wizard_inst/clkin1_ibufds/I
    HPIOBDIFFINBUF_X0Y36 DIFFINBUF (Prop_DIFFINBUF_HPIOBDIFFINBUF_DIFF_IN_P_O)
                                                      0.556     0.556 r  clk_250_to_100_MHz/clock_wizard_inst/clkin1_ibufds/DIFFINBUF_INST/O
                         net (fo=1, routed)           0.104     0.660    clk_250_to_100_MHz/clock_wizard_inst/clkin1_ibufds/OUT
    H22                  IBUFCTRL (Prop_IBUFCTRL_HPIOB_I_O)
                                                      0.000     0.660 r  clk_250_to_100_MHz/clock_wizard_inst/clkin1_ibufds/IBUFCTRL_INST/O
                         net (fo=1, routed)           1.082     1.742    clk_250_to_100_MHz/clock_wizard_inst/clk_in1_clock_wizard
    PLLE3_ADV_X0Y3       PLLE3_ADV (Prop_PLLE3_ADV_CLKIN_CLKOUT0)
                                                      0.068     1.810 r  clk_250_to_100_MHz/clock_wizard_inst/plle3_adv_inst/CLKOUT0
                         net (fo=1, routed)           0.529     2.339    clk_250_to_100_MHz/clock_wizard_inst/clk_out1_clock_wizard
    BUFGCE_X0Y47         BUFGCE (Prop_BUFCE_BUFGCE_I_O)
                                                      0.101     2.440 r  clk_250_to_100_MHz/clock_wizard_inst/clkout1_buf/O
    X0Y1 (CLOCK_ROOT)    net (fo=9788, routed)        2.291     4.731    iob_soc_memwrapper/iob_core_inst/cpu/u_top/u_ibex_core/if_stage_i/g_instr_rdata_ra.instr_rdata_id_reg_inst/no_tmr.reg_inst/reg0/clk
    SLICE_X15Y80         FDRE                                         r  iob_soc_memwrapper/iob_core_inst/cpu/u_top/u_ibex_core/if_stage_i/g_instr_rdata_ra.instr_rdata_id_reg_inst/no_tmr.reg_inst/reg0/data_o_reg[22]/C
  -------------------------------------------------------------------    -------------------
    SLICE_X15Y80         FDRE (Prop_CFF_SLICEM_C_Q)
                                                      0.138     4.869 r  iob_soc_memwrapper/iob_core_inst/cpu/u_top/u_ibex_core/if_stage_i/g_instr_rdata_ra.instr_rdata_id_reg_inst/no_tmr.reg_inst/reg0/data_o_reg[22]/Q
                         net (fo=46, routed)          0.545     5.414    iob_soc_memwrapper/iob_core_inst/cpu/u_top/gen_regfile_fpga.register_file_i/gen_rdata_mux_check.u_prim_onehot_enc_raddr_b/rf_raddr_b[2]
    SLICE_X14Y71         LUT5 (Prop_D5LUT_SLICEL_I1_O)
                                                      0.260     5.674 r  iob_soc_memwrapper/iob_core_inst/cpu/u_top/gen_regfile_fpga.register_file_i/gen_rdata_mux_check.u_prim_onehot_enc_raddr_b/data_o[63]_i_39/O
                         net (fo=39, routed)          0.791     6.465    iob_soc_memwrapper/iob_core_inst/cpu/u_top/u_ibex_core/if_stage_i/g_instr_rdata_ra.instr_rdata_id_reg_inst/no_tmr.reg_inst/reg0/gen_rdata_mux_check.raddr_onehot_b[15]
    SLICE_X12Y58         LUT4 (Prop_G6LUT_SLICEL_I2_O)
                                                      0.089     6.554 r  iob_soc_memwrapper/iob_core_inst/cpu/u_top/u_ibex_core/if_stage_i/g_instr_rdata_ra.instr_rdata_id_reg_inst/no_tmr.reg_inst/reg0/data_o[34]_i_13/O
                         net (fo=1, routed)           0.241     6.795    iob_soc_memwrapper/iob_core_inst/cpu/u_top/u_ibex_core/if_stage_i/g_instr_rdata_ra.instr_rdata_id_reg_inst/no_tmr.reg_inst/reg0/data_o[34]_i_13_n_0
    SLICE_X12Y58         LUT6 (Prop_H6LUT_SLICEL_I0_O)
                                                      0.218     7.013 r  iob_soc_memwrapper/iob_core_inst/cpu/u_top/u_ibex_core/if_stage_i/g_instr_rdata_ra.instr_rdata_id_reg_inst/no_tmr.reg_inst/reg0/data_o[34]_i_8/O
                         net (fo=1, routed)           0.398     7.411    iob_soc_memwrapper/iob_core_inst/cpu/u_top/u_ibex_core/if_stage_i/g_instr_rdata_ra.instr_rdata_id_reg_inst/no_tmr.reg_inst/reg0/data_o[34]_i_8_n_0
    SLICE_X18Y59         LUT6 (Prop_H6LUT_SLICEM_I5_O)
                                                      0.173     7.584 r  iob_soc_memwrapper/iob_core_inst/cpu/u_top/u_ibex_core/if_stage_i/g_instr_rdata_ra.instr_rdata_id_reg_inst/no_tmr.reg_inst/reg0/data_o[34]_i_3/O
                         net (fo=1, routed)           0.266     7.850    iob_soc_memwrapper/iob_core_inst/cpu/u_top/u_ibex_core/if_stage_i/g_instr_rdata_ra.instr_rdata_id_reg_inst/no_tmr.reg_inst/reg0/data_o[34]_i_3_n_0
    SLICE_X19Y61         LUT5 (Prop_C6LUT_SLICEL_I1_O)
                                                      0.219     8.069 r  iob_soc_memwrapper/iob_core_inst/cpu/u_top/u_ibex_core/if_stage_i/g_instr_rdata_ra.instr_rdata_id_reg_inst/no_tmr.reg_inst/reg0/data_o[34]_i_1/O
                         net (fo=10, routed)          0.746     8.815    iob_soc_memwrapper/iob_core_inst/cpu/u_top/u_ibex_core/if_stage_i/g_instr_rdata_ra.instr_rdata_id_reg_inst/no_tmr.reg_inst/reg0/mem_reg[1][9]
    SLICE_X15Y92         LUT6 (Prop_D6LUT_SLICEM_I4_O)
                                                      0.092     8.907 r  iob_soc_memwrapper/iob_core_inst/cpu/u_top/u_ibex_core/if_stage_i/g_instr_rdata_ra.instr_rdata_id_reg_inst/no_tmr.reg_inst/reg0/i___5_i_12__0/O
                         net (fo=3, routed)           0.569     9.476    iob_soc_memwrapper/iob_core_inst/cpu/u_top/u_ibex_core/ex_block_i/alu_operand_b_ex[8]
    SLICE_X14Y103        LUT3 (Prop_B6LUT_SLICEL_I1_O)
                                                      0.053     9.529 r  iob_soc_memwrapper/iob_core_inst/cpu/u_top/u_ibex_core/ex_block_i/adder_result_ext_o_carry__0_i_15/O
                         net (fo=1, routed)           0.000     9.529    iob_soc_memwrapper/iob_core_inst/cpu/u_top/u_ibex_core/ex_block_i/alu_i/data_o_reg[15][1]
    SLICE_X14Y103        CARRY8 (Prop_CARRY8_SLICEL_S[1]_CO[7])
                                                      0.408     9.937 r  iob_soc_memwrapper/iob_core_inst/cpu/u_top/u_ibex_core/ex_block_i/alu_i/adder_result_ext_o_carry__0/CO[7]
                         net (fo=1, routed)           0.030     9.967    iob_soc_memwrapper/iob_core_inst/cpu/u_top/u_ibex_core/ex_block_i/alu_i/adder_result_ext_o_carry__0_n_0
    SLICE_X14Y104        CARRY8 (Prop_CARRY8_SLICEL_CI_CO[7])
                                                      0.025     9.992 r  iob_soc_memwrapper/iob_core_inst/cpu/u_top/u_ibex_core/ex_block_i/alu_i/adder_result_ext_o_carry__1/CO[7]
                         net (fo=1, routed)           0.030    10.022    iob_soc_memwrapper/iob_core_inst/cpu/u_top/u_ibex_core/ex_block_i/alu_i/adder_result_ext_o_carry__1_n_0
    SLICE_X14Y105        CARRY8 (Prop_CARRY8_SLICEL_CI_O[0])
                                                      0.132    10.154 r  iob_soc_memwrapper/iob_core_inst/cpu/u_top/u_ibex_core/ex_block_i/alu_i/adder_result_ext_o_carry__2/O[0]
                         net (fo=88, routed)          1.394    11.548    iob_soc_memwrapper/iob_core_inst/cpu/u_top/u_ibex_core/cs_registers_i/g_pmp_registers.g_pmp_csrs[8].u_pmp_cfg_csr/rdata_reg_inst/no_tmr.reg_inst/reg0/alu_adder_result_ex_o[22]
    SLICE_X2Y139         LUT6 (Prop_G6LUT_SLICEL_I0_O)
                                                      0.166    11.714 r  iob_soc_memwrapper/iob_core_inst/cpu/u_top/u_ibex_core/cs_registers_i/g_pmp_registers.g_pmp_csrs[8].u_pmp_cfg_csr/rdata_reg_inst/no_tmr.reg_inst/reg0/core_outputs_q_reg[1][data_req]_srl2_i_141/O
                         net (fo=1, routed)           0.475    12.189    iob_soc_memwrapper/iob_core_inst/cpu/u_top/u_ibex_core/g_pmp.pmp_i/core_outputs_q_reg[1][data_req]_srl2_i_13[3]
    SLICE_X3Y139         CARRY8 (Prop_CARRY8_SLICEL_DI[3]_CO[7])
                                                      0.432    12.621 r  iob_soc_memwrapper/iob_core_inst/cpu/u_top/u_ibex_core/g_pmp.pmp_i/core_outputs_q_reg[1][data_req]_srl2_i_42/CO[7]
                         net (fo=1, routed)           0.498    13.119    iob_soc_memwrapper/iob_core_inst/cpu/u_top/u_ibex_core/cs_registers_i/g_pmp_registers.g_pmp_csrs[8].u_pmp_cfg_csr/rdata_reg_inst/no_tmr.reg_inst/reg0/core_outputs_q_reg[1][data_req]_srl2_i_55_1[0]
    SLICE_X5Y135         LUT5 (Prop_D5LUT_SLICEM_I4_O)
                                                      0.171    13.290 r  iob_soc_memwrapper/iob_core_inst/cpu/u_top/u_ibex_core/cs_registers_i/g_pmp_registers.g_pmp_csrs[8].u_pmp_cfg_csr/rdata_reg_inst/no_tmr.reg_inst/reg0/core_outputs_q_reg[1][data_req]_srl2_i_13/O
                         net (fo=5, routed)           0.712    14.002    iob_soc_memwrapper/iob_core_inst/cpu/u_top/u_ibex_core/cs_registers_i/g_pmp_registers.g_pmp_csrs[10].u_pmp_cfg_csr/rdata_reg_inst/no_tmr.reg_inst/reg0/g_access_check[2].g_regions[8].region_match_all_reg[2]_70
    SLICE_X15Y136        LUT6 (Prop_G6LUT_SLICEM_I1_O)
                                                      0.168    14.170 r  iob_soc_memwrapper/iob_core_inst/cpu/u_top/u_ibex_core/cs_registers_i/g_pmp_registers.g_pmp_csrs[10].u_pmp_cfg_csr/rdata_reg_inst/no_tmr.reg_inst/reg0/core_outputs_q_reg[1][data_req]_srl2_i_55/O
                         net (fo=4, routed)           0.095    14.265    iob_soc_memwrapper/iob_core_inst/cpu/u_top/u_ibex_core/cs_registers_i/g_pmp_registers.g_pmp_csrs[13].u_pmp_cfg_csr/rdata_reg_inst/no_tmr.reg_inst/reg0/core_outputs_q_reg[1][data_req]_srl2_i_7
    SLICE_X15Y136        LUT4 (Prop_D5LUT_SLICEM_I2_O)
                                                      0.193    14.458 r  iob_soc_memwrapper/iob_core_inst/cpu/u_top/u_ibex_core/cs_registers_i/g_pmp_registers.g_pmp_csrs[13].u_pmp_cfg_csr/rdata_reg_inst/no_tmr.reg_inst/reg0/core_outputs_q_reg[1][data_req]_srl2_i_24/O
                         net (fo=2, routed)           0.235    14.693    iob_soc_memwrapper/iob_core_inst/cpu/u_top/u_ibex_core/cs_registers_i/g_pmp_registers.g_pmp_csrs[14].u_pmp_cfg_csr/rdata_reg_inst/no_tmr.reg_inst/reg0/core_outputs_q_reg[1][data_req]_srl2_i_3
    SLICE_X16Y136        LUT3 (Prop_B6LUT_SLICEL_I1_O)
                                                      0.053    14.746 f  iob_soc_memwrapper/iob_core_inst/cpu/u_top/u_ibex_core/cs_registers_i/g_pmp_registers.g_pmp_csrs[14].u_pmp_cfg_csr/rdata_reg_inst/no_tmr.reg_inst/reg0/core_outputs_q_reg[1][data_req]_srl2_i_7/O
                         net (fo=2, routed)           0.258    15.004    iob_soc_memwrapper/iob_core_inst/cpu/u_top/u_ibex_core/cs_registers_i/g_pmp_registers.g_pmp_csrs[13].u_pmp_cfg_csr/rdata_reg_inst/no_tmr.reg_inst/reg0/data_o[0]_i_5__5
    SLICE_X15Y135        LUT5 (Prop_E6LUT_SLICEM_I1_O)
                                                      0.225    15.229 r  iob_soc_memwrapper/iob_core_inst/cpu/u_top/u_ibex_core/cs_registers_i/g_pmp_registers.g_pmp_csrs[13].u_pmp_cfg_csr/rdata_reg_inst/no_tmr.reg_inst/reg0/core_outputs_q_reg[1][data_req]_srl2_i_3/O
                         net (fo=4, routed)           0.582    15.811    iob_soc_memwrapper/iob_core_inst/cpu/u_top/u_ibex_core/cs_registers_i/g_pmp_registers.g_pmp_csrs[13].u_pmp_cfg_csr/rdata_reg_inst/no_tmr.reg_inst/reg0/core_outputs_q_reg[1][data_req]_srl2_i_10
    SLICE_X11Y118        LUT6 (Prop_H6LUT_SLICEM_I3_O)
                                                      0.055    15.866 f  iob_soc_memwrapper/iob_core_inst/cpu/u_top/u_ibex_core/cs_registers_i/g_pmp_registers.g_pmp_csrs[13].u_pmp_cfg_csr/rdata_reg_inst/no_tmr.reg_inst/reg0/core_outputs_q_reg[1][data_req]_srl2_i_1/O
                         net (fo=17, routed)          0.585    16.451    iob_soc_memwrapper/iob_core_inst/iob_axi_full_xbar/iob_axi_split_1/active_transaction_read_reg_re/reg0/data_req_o
    SLICE_X4Y118         LUT6 (Prop_F6LUT_SLICEM_I0_O)
                                                      0.093    16.544 r  iob_soc_memwrapper/iob_core_inst/iob_axi_full_xbar/iob_axi_split_1/active_transaction_read_reg_re/reg0/data_o[0]_i_2__37/O
                         net (fo=2, routed)           0.269    16.813    iob_soc_memwrapper/iob_core_inst/iob_axi_full_xbar/iob_axi_split_0/read_sel_reg_r/iob_reg_inst/data_o[0]_i_3__33
    SLICE_X3Y120         LUT6 (Prop_B6LUT_SLICEL_I5_O)
                                                      0.147    16.960 f  iob_soc_memwrapper/iob_core_inst/iob_axi_full_xbar/iob_axi_split_0/read_sel_reg_r/iob_reg_inst/data_o[172]_i_9/O
                         net (fo=58, routed)          0.149    17.109    iob_soc_memwrapper/iob_core_inst/iob_axi_full_xbar/iob_axi_split_0/active_transaction_read_reg_re/reg0/data_o_reg[0]_3
    SLICE_X3Y120         LUT4 (Prop_E6LUT_SLICEL_I3_O)
                                                      0.146    17.255 f  iob_soc_memwrapper/iob_core_inst/iob_axi_full_xbar/iob_axi_split_0/active_transaction_read_reg_re/reg0/data_o[0]_i_3__33/O
                         net (fo=4, routed)           0.364    17.619    iob_soc_memwrapper/iob_core_inst/iob_axi_full_xbar/iob_axi_merge_2/active_transaction_read_reg_re/reg0/data_o_reg[0]_3
    SLICE_X0Y120         LUT4 (Prop_C6LUT_SLICEL_I1_O)
                                                      0.146    17.765 r  iob_soc_memwrapper/iob_core_inst/iob_axi_full_xbar/iob_axi_merge_2/active_transaction_read_reg_re/reg0/FSM_sequential_r_state_reg_i_3__0/O
                         net (fo=4, routed)           0.076    17.841    iob_soc_memwrapper/iob_core_inst/iob_axi_full_xbar/iob_axi_merge_2/active_transaction_read_reg_re/reg0/data_o_reg[0]_2
    SLICE_X0Y120         LUT2 (Prop_B6LUT_SLICEL_I0_O)
                                                      0.089    17.930 r  iob_soc_memwrapper/iob_core_inst/iob_axi_full_xbar/iob_axi_merge_2/active_transaction_read_reg_re/reg0/r_burst_reg[7]_i_1__0/O
                         net (fo=36, routed)          0.900    18.830    iob_soc_memwrapper/iob_core_inst/periphs_axi2iob/r_burst_reg_reg[0]_0
    SLICE_X0Y147         FDCE                                         r  iob_soc_memwrapper/iob_core_inst/periphs_axi2iob/r_addr_reg_reg[27]/CE
  -------------------------------------------------------------------    -------------------

                         (clock clk_out1_clock_wizard rise edge)
                                                     17.000    17.000 r  
    H22                                               0.000    17.000 r  c0_sys_clk_clk_p_i (IN)
                         net (fo=0)                   0.000    17.000    clk_250_to_100_MHz/clock_wizard_inst/clkin1_ibufds/I
    HPIOBDIFFINBUF_X0Y36 DIFFINBUF (Prop_DIFFINBUF_HPIOBDIFFINBUF_DIFF_IN_P_O)
                                                      0.374    17.374 r  clk_250_to_100_MHz/clock_wizard_inst/clkin1_ibufds/DIFFINBUF_INST/O
                         net (fo=1, routed)           0.055    17.429    clk_250_to_100_MHz/clock_wizard_inst/clkin1_ibufds/OUT
    H22                  IBUFCTRL (Prop_IBUFCTRL_HPIOB_I_O)
                                                      0.000    17.429 r  clk_250_to_100_MHz/clock_wizard_inst/clkin1_ibufds/IBUFCTRL_INST/O
                         net (fo=1, routed)           0.981    18.410    clk_250_to_100_MHz/clock_wizard_inst/clk_in1_clock_wizard
    PLLE3_ADV_X0Y3       PLLE3_ADV (Prop_PLLE3_ADV_CLKIN_CLKOUT0)
                                                      0.250    18.660 r  clk_250_to_100_MHz/clock_wizard_inst/plle3_adv_inst/CLKOUT0
                         net (fo=1, routed)           0.451    19.111    clk_250_to_100_MHz/clock_wizard_inst/clk_out1_clock_wizard
    BUFGCE_X0Y47         BUFGCE (Prop_BUFCE_BUFGCE_I_O)
                                                      0.091    19.202 r  clk_250_to_100_MHz/clock_wizard_inst/clkout1_buf/O
    X0Y1 (CLOCK_ROOT)    net (fo=9788, routed)        1.943    21.145    iob_soc_memwrapper/iob_core_inst/periphs_axi2iob/clk
    SLICE_X0Y147         FDCE                                         r  iob_soc_memwrapper/iob_core_inst/periphs_axi2iob/r_addr_reg_reg[27]/C
                         clock pessimism              0.269    21.414    
                         clock uncertainty           -0.069    21.345    
    SLICE_X0Y147         FDCE (Setup_DFF_SLICEL_C_CE)
                                                     -0.054    21.291    iob_soc_memwrapper/iob_core_inst/periphs_axi2iob/r_addr_reg_reg[27]
  -------------------------------------------------------------------
                         required time                         21.291    
                         arrival time                         -18.830    
  -------------------------------------------------------------------
                         slack                                  2.461    




