#-----------------------------------------------------------
# Vivado v2020.2 (64-bit)
# SW Build 3064766 on Wed Nov 18 09:12:47 MST 2020
# IP Build 3064653 on Wed Nov 18 14:17:31 MST 2020
# Start of session at: Thu Jan 15 17:17:58 2026
# Process ID: 2257603
# Current directory: /home/jaguiar/sandbox/Fatori-V/iob_soc_V1.0/hardware/fpga
# Command line: vivado -nojournal -log reports/vivado.log -mode batch -source vivado/build.tcl -tclargs iob_soc_iob_aes_ku040_db_g iob iob_aes_ku040_db_g ../src/ibex_pkg.sv ../src/prim_cipher_pkg.sv ../src/prim_count_pkg.sv ../src/prim_mubi_pkg.sv ../src/prim_pkg.sv ../src/prim_ram_1p_pkg.sv ../src/prim_secded_pkg.sv ../src/prim_util_pkg.sv ../src/fatori_fault_mgr.sv ../src/fatori_mon_voter.sv ../src/fatori_mon_wrap_alu.sv ../src/fatori_mon_wrap_controller.sv ../src/fatori_mon_wrap_decoder.sv ../src/fatori_mon_wrap_if_stage.sv ../src/fatori_mon_wrap_lsu.sv ../src/fatori_reg_mon_fi.sv ../src/fatori_reg_mon.sv ../src/fi_coms.sv ../src/ibex_alu.sv ../src/ibex_branch_predict.sv ../src/ibex_compressed_decoder.sv ../src/ibex_controller.sv ../src/ibex_core.sv ../src/ibex_counter.sv ../src/ibex_cs_registers.sv ../src/ibex_csr.sv ../src/ibex_decoder.sv ../src/ibex_dummy_instr.sv ../src/ibex_ex_block.sv ../src/ibex_fetch_fifo.sv ../src/ibex_icache.sv ../src/ibex_id_stage.sv ../src/ibex_if_stage.sv ../src/ibex_load_store_unit.sv ../src/ibex_lockstep.sv ../src/ibex_multdiv_fast.sv ../src/ibex_multdiv_slow.sv ../src/ibex_pmp.sv ../src/ibex_prefetch_buffer.sv ../src/ibex_register_file_ff.sv ../src/ibex_register_file_fpga.sv ../src/ibex_register_file_latch.sv ../src/ibex_top.sv ../src/ibex_wb_stage.sv ../src/iob_ibex2axi.sv ../src/iob_ibex.sv ../src/prim_and2.sv ../src/prim_assert.sv ../src/prim_badbit_ram_1p.sv ../src/prim_buf.sv ../src/prim_clock_gating.sv ../src/prim_clock_mux2.sv ../src/prim_count.sv ../src/prim_flop_macros.sv ../src/prim_flop.sv ../src/prim_generic_and2.sv ../src/prim_generic_buf.sv ../src/prim_generic_clock_gating.sv ../src/prim_generic_clock_mux2.sv ../src/prim_generic_flop.sv ../src/prim_generic_ram_1p.sv ../src/prim_lfsr.sv ../src/prim_onehot_check.sv ../src/prim_onehot_enc.sv ../src/prim_onehot_mux.sv ../src/prim_present.sv ../src/prim_prince.sv ../src/prim_ram_1p_adv.sv ../src/prim_ram_1p_scr.sv ../src/prim_ram_1p.sv ../src/prim_secded_22_16_dec.sv ../src/prim_secded_22_16_enc.sv ../src/prim_secded_28_22_dec.sv ../src/prim_secded_28_22_enc.sv ../src/prim_secded_39_32_dec.sv ../src/prim_secded_39_32_enc.sv ../src/prim_secded_64_57_dec.sv ../src/prim_secded_64_57_enc.sv ../src/prim_secded_72_64_dec.sv ../src/prim_secded_72_64_enc.sv ../src/prim_secded_hamming_22_16_dec.sv ../src/prim_secded_hamming_22_16_enc.sv ../src/prim_secded_hamming_39_32_dec.sv ../src/prim_secded_hamming_39_32_enc.sv ../src/prim_secded_hamming_72_64_dec.sv ../src/prim_secded_hamming_72_64_enc.sv ../src/prim_secded_hamming_76_68_dec.sv ../src/prim_secded_hamming_76_68_enc.sv ../src/prim_secded_inv_22_16_dec.sv ../src/prim_secded_inv_22_16_enc.sv ../src/prim_secded_inv_28_22_dec.sv ../src/prim_secded_inv_28_22_enc.sv ../src/prim_secded_inv_39_32_dec.sv ../src/prim_secded_inv_39_32_enc.sv ../src/prim_secded_inv_64_57_dec.sv ../src/prim_secded_inv_64_57_enc.sv ../src/prim_secded_inv_72_64_dec.sv ../src/prim_secded_inv_72_64_enc.sv ../src/prim_secded_inv_hamming_22_16_dec.sv ../src/prim_secded_inv_hamming_22_16_enc.sv ../src/prim_secded_inv_hamming_39_32_dec.sv ../src/prim_secded_inv_hamming_39_32_enc.sv ../src/prim_secded_inv_hamming_72_64_dec.sv ../src/prim_secded_inv_hamming_72_64_enc.sv ../src/prim_secded_inv_hamming_76_68_dec.sv ../src/prim_secded_inv_hamming_76_68_enc.sv ../src/prim_subst_perm.sv ../src/prim_xilinx_and2.sv ../src/prim_xilinx_buf.sv ../src/prim_xilinx_clock_gating.sv ../src/prim_xilinx_clock_mux2.sv ../src/prim_xilinx_flop.sv ../src/iob_axi2iob.v ../src/iob_axi_ram.v ../src/iob_bootrom_csrs.v ../src/iob_bootrom.v ../src/iob_counter.v ../src/iob_ctls.v ../src/iob_demux.v ../src/iob_mux.v ../src/iob_prio_enc.v ../src/iob_ram_t2p_be.v ../src/iob_ram_t2p.v ../src/iob_reg_e.v ../src/iob_reg_re.v ../src/iob_reg_r.v ../src/iob_reg.v ../src/iob_reverse.v ../src/iob_rom_sp.v ../src/iob_soc_axi_full_xbar_merge.v ../src/iob_soc_axi_full_xbar_split.v ../src/iob_soc_axi_full_xbar.v ../src/iob_soc_mwrap.v ../src/iob_soc_pbus_split.v ../src/iob_soc.v ../src/iob_timer_core.v ../src/iob_timer_csrs.v ../src/iob_timer.v ../src/iob_uart_core.v ../src/iob_uart_csrs.v ../src/iob_uart.v   vivado/iob_aes_ku040_db_g/iob_soc_iob_aes_ku040_db_g.v   1 0 0 iob_soc /home/jaguiar/sandbox/Fatori-V/tmp/tcl
# Log file: /home/jaguiar/sandbox/Fatori-V/iob_soc_V1.0/hardware/fpga/reports/vivado.log
# Journal file: 
#-----------------------------------------------------------
source vivado/build.tcl
# set NAME [lindex $argv 0]
# set CSR_IF [lindex $argv 1]
# set BOARD [lindex $argv 2]
# set VSRC [lindex $argv 3]
# set INCLUDE_DIRS [lindex $argv 4]
# set IS_FPGA [lindex $argv 5]
# set USE_EXTMEM [lindex $argv 6]
# set USE_ETHERNET [lindex $argv 7]
# set SDC_PREFIX [lindex $argv 8]
# set VIVADO_INPUT [lindex $argv 9]
# proc source_probe {probe_dir probe_name} {
#     if {$probe_dir == ""} {
#         return
#     }
#     
#     set probe_file "${probe_dir}/${probe_name}"
#     if {[file exists $probe_file]} {
#         puts "=========================================="
#         puts ">>> Sourcing: ${probe_name}"
#         puts ">>> From: ${probe_dir}"
#         puts "=========================================="
#         
#         # Make build.tcl variables available to probes
#         global NAME CSR_IF BOARD VSRC INCLUDE_DIRS IS_FPGA USE_EXTMEM USE_ETHERNET SDC_PREFIX VIVADO_INPUT PART
#         global PROBE_DIR
#         set PROBE_DIR $probe_dir
#         
#         # Source the probe directly
#         # This keeps the working directory at build_dir/hardware/fpga/
#         source $probe_file
#         
#         puts ">>> ${probe_name} complete!"
#         puts "==========================================\n"
#     } else {
#         puts ">>> Probe not found: ${probe_file} (skipping)"
#     }
# }
# source_probe $VIVADO_INPUT "pre_synthesis.tcl"
==========================================
>>> Sourcing: pre_synthesis.tcl
>>> From: /home/jaguiar/sandbox/Fatori-V/tmp/tcl
==========================================
## puts "FATORI-V: Integrating SEM IP for fault injection"
FATORI-V: Integrating SEM IP for fault injection
## source "[file join $::env(VIVADO_INPUT) sem_gen.tcl]"
### puts "=========================================="
==========================================
### puts ">>> GENERATING SEM ULTRA IP AT BUILD TIME"
>>> GENERATING SEM ULTRA IP AT BUILD TIME
### puts "=========================================="
==========================================
### set PART "xcku040-fbva676-1-c"
### set IP_DIR "./ip"
### set SRC_DIR "../src"
### if {![file isdirectory $IP_DIR]} {
###     file mkdir $IP_DIR
###     puts ">>> Created $IP_DIR directory"
### }
>>> Created ./ip directory
### set marker_file "$SRC_DIR/.sem_generated"
### if {[file isdirectory "$IP_DIR/sem_ultra_0"] && [file exists $marker_file]} {
###     puts ">>> SEM Ultra IP already exists - skipping generation"
###     puts ">>> (Delete $IP_DIR/sem_ultra_0 and $marker_file to force regeneration)"
###     
###     # Read the main SEM IP
###     puts ">>> Reading existing SEM Ultra IP..."
###     read_ip $IP_DIR/sem_ultra_0/sem_ultra_0.xci
###     
###     # Read VIO cores if they exist
###     if {[file exists "$IP_DIR/sem_ultra_0_vio_si14/sem_ultra_0_vio_si14.xci"]} {
###         puts ">>> Reading VIO cores..."
###         read_ip $IP_DIR/sem_ultra_0_vio_si14/sem_ultra_0_vio_si14.xci
###         read_ip $IP_DIR/sem_ultra_0_vio_si1_so41/sem_ultra_0_vio_si1_so41.xci
###         read_ip $IP_DIR/sem_ultra_0_vio_si1_so5/sem_ultra_0_vio_si1_so5.xci
###     }
###     
###     # Read example design wrapper file
###     set wrapper_file "$IP_DIR/sem_ip_gen_temp_ex/sem_ultra_0_ex/imports/sem_ultra_0_example_design.v"
###     if {[file exists $wrapper_file]} {
###         puts ">>> Reading example design wrapper..."
###         puts "    Reading: sem_ultra_0_example_design.v"
###         read_verilog $wrapper_file
###     }
###     
### } else {
###     puts ">>> SEM IP not found - generating now..."
###     
###     # Create temporary project for IP generation
###     puts ">>> Creating temporary project for IP generation..."
###     set temp_proj "sem_ip_gen_temp"
###     
###     catch {close_project}
###     
###     create_project $temp_proj $IP_DIR/$temp_proj -part $PART -force
###     set_property target_language Verilog [current_project]
###     
###     # Create SEM Ultra IP
###     puts ">>> Creating SEM Ultra IP..."
###     create_ip -name sem_ultra -vendor xilinx.com -library ip -version 3.1 \
###         -module_name sem_ultra_0 -dir $IP_DIR -force
###     
###     # Configure for 60MHz clock (16667 ps period)
###     set_property -dict [list \
###         CONFIG.CLOCK_PERIOD {16667} \
###         CONFIG.MODE {mitigation_and_testing} \
###         CONFIG.LOCATE_CONFIG_PRIM {example_design} \
###         CONFIG.ENABLE_CLASSIFICATION {false} \
###     ] [get_ips sem_ultra_0]
###     
###     puts ">>> Generating SEM Ultra IP with synthesis checkpoint..."
###     generate_target all [get_ips sem_ultra_0]
###     
###     puts ">>> Creating synthesis run for SEM IP..."
###     create_ip_run [get_ips sem_ultra_0]
###     launch_runs sem_ultra_0_synth_1
###     wait_on_run sem_ultra_0_synth_1
###     
###     puts ">>> Exporting IP user files..."
###     export_ip_user_files -of_objects [get_ips sem_ultra_0] -no_script -sync -force -quiet
###     
###     # Generate example design to get the wrapper files
###     puts ">>> Generating SEM Example Design wrapper..."
###     set example_dir "$IP_DIR/${temp_proj}_ex"
###     open_example_project -force -dir $example_dir [get_ips sem_ultra_0]
###     
###     close_project
###     
###     # Now create VIO cores in the main IP directory (not inside example project)
###     puts ">>> Creating VIO cores in main IP directory..."
###     create_project $temp_proj $IP_DIR/$temp_proj -part $PART -force
###     set_property target_language Verilog [current_project]
###     
###     # VIO core 1: sem_ultra_0_vio_si14
###     puts ">>> Creating VIO core: sem_ultra_0_vio_si14..."
###     create_ip -name vio -vendor xilinx.com -library ip -version 3.0 \
###         -module_name sem_ultra_0_vio_si14 -dir $IP_DIR -force
###     set_property -dict [list \
###         CONFIG.C_NUM_PROBE_OUT {0} \
###         CONFIG.C_NUM_PROBE_IN {14} \
###         CONFIG.C_PROBE_IN13_WIDTH {1} \
###         CONFIG.C_PROBE_IN12_WIDTH {1} \
###         CONFIG.C_PROBE_IN11_WIDTH {1} \
###         CONFIG.C_PROBE_IN10_WIDTH {1} \
###         CONFIG.C_PROBE_IN9_WIDTH {1} \
###         CONFIG.C_PROBE_IN8_WIDTH {1} \
###         CONFIG.C_PROBE_IN7_WIDTH {1} \
###         CONFIG.C_PROBE_IN6_WIDTH {1} \
###         CONFIG.C_PROBE_IN5_WIDTH {1} \
###         CONFIG.C_PROBE_IN4_WIDTH {1} \
###         CONFIG.C_PROBE_IN3_WIDTH {1} \
###         CONFIG.C_PROBE_IN2_WIDTH {1} \
###         CONFIG.C_PROBE_IN1_WIDTH {1} \
###         CONFIG.C_PROBE_IN0_WIDTH {1} \
###     ] [get_ips sem_ultra_0_vio_si14]
###     generate_target all [get_ips sem_ultra_0_vio_si14]
###     create_ip_run [get_ips sem_ultra_0_vio_si14]
###     launch_runs sem_ultra_0_vio_si14_synth_1
###     wait_on_run sem_ultra_0_vio_si14_synth_1
###     
###     # VIO core 2: sem_ultra_0_vio_si1_so41
###     puts ">>> Creating VIO core: sem_ultra_0_vio_si1_so41..."
###     create_ip -name vio -vendor xilinx.com -library ip -version 3.0 \
###         -module_name sem_ultra_0_vio_si1_so41 -dir $IP_DIR -force
###     set_property -dict [list \
###         CONFIG.C_NUM_PROBE_OUT {41} \
###         CONFIG.C_NUM_PROBE_IN {1} \
###         CONFIG.C_PROBE_IN0_WIDTH {1} \
###     ] [get_ips sem_ultra_0_vio_si1_so41]
###     generate_target all [get_ips sem_ultra_0_vio_si1_so41]
###     create_ip_run [get_ips sem_ultra_0_vio_si1_so41]
###     launch_runs sem_ultra_0_vio_si1_so41_synth_1
###     wait_on_run sem_ultra_0_vio_si1_so41_synth_1
###     
###     # VIO core 3: sem_ultra_0_vio_si1_so5
###     puts ">>> Creating VIO core: sem_ultra_0_vio_si1_so5..."
###     create_ip -name vio -vendor xilinx.com -library ip -version 3.0 \
###         -module_name sem_ultra_0_vio_si1_so5 -dir $IP_DIR -force
###     set_property -dict [list \
###         CONFIG.C_NUM_PROBE_OUT {5} \
###         CONFIG.C_NUM_PROBE_IN {1} \
###         CONFIG.C_PROBE_IN0_WIDTH {1} \
###     ] [get_ips sem_ultra_0_vio_si1_so5]
###     generate_target all [get_ips sem_ultra_0_vio_si1_so5]
###     create_ip_run [get_ips sem_ultra_0_vio_si1_so5]
###     launch_runs sem_ultra_0_vio_si1_so5_synth_1
###     wait_on_run sem_ultra_0_vio_si1_so5_synth_1
###     
###     close_project
###     
###     # Cleanup temporary project
###     file delete -force $IP_DIR/$temp_proj
###     
###     # Create marker file
###     set marker [open $marker_file w]
###     puts $marker "SEM IP generated successfully"
###     close $marker
###     
###     puts ">>> SEM IP generation complete!"
###     
###     # Read all generated IP
###     puts ">>> Reading generated IP..."
###     read_ip $IP_DIR/sem_ultra_0/sem_ultra_0.xci
###     read_ip $IP_DIR/sem_ultra_0_vio_si14/sem_ultra_0_vio_si14.xci
###     read_ip $IP_DIR/sem_ultra_0_vio_si1_so41/sem_ultra_0_vio_si1_so41.xci
###     read_ip $IP_DIR/sem_ultra_0_vio_si1_so5/sem_ultra_0_vio_si1_so5.xci
###     
###     # CRITICAL: Read ALL example design files (not just the wrapper)
###     puts ">>> Reading example design files..."
###     set example_files_dir "$example_dir/sem_ultra_0_ex/imports"
###     if {[file isdirectory $example_files_dir]} {
###         foreach vfile [glob -nocomplain $example_files_dir/*.v] {
###             puts "    Reading: [file tail $vfile]"
###             read_verilog $vfile
###         }
###     } else {
###         puts "    ERROR: Example files directory not found at $example_files_dir"
###     }
### }
>>> SEM IP not found - generating now...
>>> Creating temporary project for IP generation...
>>> Creating SEM Ultra IP...
INFO: [IP_Flow 19-234] Refreshing IP repositories
INFO: [IP_Flow 19-1704] No user IP repositories specified
INFO: [IP_Flow 19-2313] Loaded Vivado IP repository '/opt/Xilinx/Vivado/2020.2/data/ip'.
create_ip: Time (s): cpu = 00:00:00.58 ; elapsed = 00:00:07 . Memory (MB): peak = 2437.418 ; gain = 43.039 ; free physical = 1549 ; free virtual = 4970
>>> Generating SEM Ultra IP with synthesis checkpoint...
INFO: [IP_Flow 19-1686] Generating 'Instantiation Template' target for IP 'sem_ultra_0'...
INFO: [IP_Flow 19-1686] Generating 'Synthesis' target for IP 'sem_ultra_0'...
INFO: [IP_Flow 19-1686] Generating 'Simulation' target for IP 'sem_ultra_0'...
INFO: [IP_Flow 19-1686] Generating 'Change Log' target for IP 'sem_ultra_0'...
>>> Creating synthesis run for SEM IP...
[Thu Jan 15 17:18:24 2026] Launched sem_ultra_0_synth_1...
Run output will be captured here: /home/jaguiar/sandbox/Fatori-V/iob_soc_V1.0/hardware/fpga/ip/sem_ip_gen_temp/sem_ip_gen_temp.runs/sem_ultra_0_synth_1/runme.log
[Thu Jan 15 17:18:24 2026] Waiting for sem_ultra_0_synth_1 to finish...

*** Running vivado
    with args -log sem_ultra_0.vds -m64 -product Vivado -mode batch -messageDb vivado.pb -notrace -source sem_ultra_0.tcl


****** Vivado v2020.2 (64-bit)
  **** SW Build 3064766 on Wed Nov 18 09:12:47 MST 2020
  **** IP Build 3064653 on Wed Nov 18 14:17:31 MST 2020
    ** Copyright 1986-2020 Xilinx, Inc. All Rights Reserved.

source sem_ultra_0.tcl -notrace
Command: synth_design -top sem_ultra_0 -part xcku040-fbva676-1-c -mode out_of_context
Starting synth_design
Attempting to get a license for feature 'Synthesis' and/or device 'xcku040'
INFO: [Common 17-349] Got license for feature 'Synthesis' and/or device 'xcku040'
INFO: [Common 17-1540] The version limit for your license is '2021.01' and has expired for new software. A version limit expiration means that, although you may be able to continue to use the current version of tools or IP with this license, you will not be eligible for any updates or new releases.
INFO: [Device 21-403] Loading part xcku040-fbva676-1-c
INFO: [Synth 8-7079] Multithreading enabled for synth_design using a maximum of 4 processes.
INFO: [Synth 8-7078] Launching helper process for spawning children vivado processes
INFO: [Synth 8-7075] Helper process launched with PID 2257971
---------------------------------------------------------------------------------

Starting RTL Elaboration : Time (s): cpu = 00:00:03 ; elapsed = 00:00:08 . Memory (MB): peak = 2576.898 ; gain = 148.719 ; free physical = 123 ; free virtual = 3252
---------------------------------------------------------------------------------
INFO: [Synth 8-6157] synthesizing module 'sem_ultra_0' [/home/jaguiar/sandbox/Fatori-V/iob_soc_V1.0/hardware/fpga/ip/sem_ultra_0/synth/sem_ultra_0.v:71]
INFO: [Synth 8-6157] synthesizing module 'LUT6_2' [/opt/Xilinx/Vivado/2020.2/scripts/rt/data/unisim_comp.v:39393]
INFO: [Synth 8-6155] done synthesizing module 'LUT6_2' (1#1) [/opt/Xilinx/Vivado/2020.2/scripts/rt/data/unisim_comp.v:39393]
INFO: [Synth 8-6157] synthesizing module 'LUT6' [/opt/Xilinx/Vivado/2020.2/scripts/rt/data/unisim_comp.v:39347]
INFO: [Synth 8-6155] done synthesizing module 'LUT6' (2#1) [/opt/Xilinx/Vivado/2020.2/scripts/rt/data/unisim_comp.v:39347]
INFO: [Synth 8-6157] synthesizing module 'LUT6__parameterized0' [/opt/Xilinx/Vivado/2020.2/scripts/rt/data/unisim_comp.v:39347]
INFO: [Synth 8-6155] done synthesizing module 'LUT6__parameterized0' (2#1) [/opt/Xilinx/Vivado/2020.2/scripts/rt/data/unisim_comp.v:39347]
INFO: [Synth 8-6157] synthesizing module 'LUT6__parameterized1' [/opt/Xilinx/Vivado/2020.2/scripts/rt/data/unisim_comp.v:39347]
INFO: [Synth 8-6155] done synthesizing module 'LUT6__parameterized1' (2#1) [/opt/Xilinx/Vivado/2020.2/scripts/rt/data/unisim_comp.v:39347]
INFO: [Synth 8-6157] synthesizing module 'FD' [/opt/Xilinx/Vivado/2020.2/scripts/rt/data/unisim_comp.v:13483]
INFO: [Synth 8-6155] done synthesizing module 'FD' (3#1) [/opt/Xilinx/Vivado/2020.2/scripts/rt/data/unisim_comp.v:13483]
INFO: [Synth 8-6157] synthesizing module 'LUT6_2__parameterized0' [/opt/Xilinx/Vivado/2020.2/scripts/rt/data/unisim_comp.v:39393]
INFO: [Synth 8-6155] done synthesizing module 'LUT6_2__parameterized0' (3#1) [/opt/Xilinx/Vivado/2020.2/scripts/rt/data/unisim_comp.v:39393]
INFO: [Synth 8-6157] synthesizing module 'LUT6__parameterized2' [/opt/Xilinx/Vivado/2020.2/scripts/rt/data/unisim_comp.v:39347]
INFO: [Synth 8-6155] done synthesizing module 'LUT6__parameterized2' (3#1) [/opt/Xilinx/Vivado/2020.2/scripts/rt/data/unisim_comp.v:39347]
INFO: [Synth 8-6157] synthesizing module 'XORCY' [/opt/Xilinx/Vivado/2020.2/scripts/rt/data/unisim_comp.v:82372]
INFO: [Synth 8-6155] done synthesizing module 'XORCY' (4#1) [/opt/Xilinx/Vivado/2020.2/scripts/rt/data/unisim_comp.v:82372]
INFO: [Synth 8-6157] synthesizing module 'MUXCY' [/opt/Xilinx/Vivado/2020.2/scripts/rt/data/unisim_comp.v:42936]
INFO: [Synth 8-6155] done synthesizing module 'MUXCY' (5#1) [/opt/Xilinx/Vivado/2020.2/scripts/rt/data/unisim_comp.v:42936]
INFO: [Synth 8-6157] synthesizing module 'FDRE' [/opt/Xilinx/Vivado/2020.2/scripts/rt/data/unisim_comp.v:13724]
INFO: [Synth 8-6155] done synthesizing module 'FDRE' (6#1) [/opt/Xilinx/Vivado/2020.2/scripts/rt/data/unisim_comp.v:13724]
INFO: [Synth 8-6157] synthesizing module 'LUT6__parameterized3' [/opt/Xilinx/Vivado/2020.2/scripts/rt/data/unisim_comp.v:39347]
INFO: [Synth 8-6155] done synthesizing module 'LUT6__parameterized3' (6#1) [/opt/Xilinx/Vivado/2020.2/scripts/rt/data/unisim_comp.v:39347]
INFO: [Synth 8-6157] synthesizing module 'FDR' [/opt/Xilinx/Vivado/2020.2/scripts/rt/data/unisim_comp.v:13711]
INFO: [Synth 8-6155] done synthesizing module 'FDR' (7#1) [/opt/Xilinx/Vivado/2020.2/scripts/rt/data/unisim_comp.v:13711]
INFO: [Synth 8-6157] synthesizing module 'LUT6_2__parameterized1' [/opt/Xilinx/Vivado/2020.2/scripts/rt/data/unisim_comp.v:39393]
INFO: [Synth 8-6155] done synthesizing module 'LUT6_2__parameterized1' (7#1) [/opt/Xilinx/Vivado/2020.2/scripts/rt/data/unisim_comp.v:39393]
INFO: [Synth 8-6157] synthesizing module 'LUT6_2__parameterized2' [/opt/Xilinx/Vivado/2020.2/scripts/rt/data/unisim_comp.v:39393]
INFO: [Synth 8-6155] done synthesizing module 'LUT6_2__parameterized2' (7#1) [/opt/Xilinx/Vivado/2020.2/scripts/rt/data/unisim_comp.v:39393]
INFO: [Synth 8-6157] synthesizing module 'LUT6__parameterized4' [/opt/Xilinx/Vivado/2020.2/scripts/rt/data/unisim_comp.v:39347]
INFO: [Synth 8-6155] done synthesizing module 'LUT6__parameterized4' (7#1) [/opt/Xilinx/Vivado/2020.2/scripts/rt/data/unisim_comp.v:39347]
INFO: [Synth 8-6157] synthesizing module 'RAM64M' [/opt/Xilinx/Vivado/2020.2/scripts/rt/data/unisim_comp.v:70471]
INFO: [Synth 8-6155] done synthesizing module 'RAM64M' (8#1) [/opt/Xilinx/Vivado/2020.2/scripts/rt/data/unisim_comp.v:70471]
INFO: [Synth 8-6157] synthesizing module 'LUT6_2__parameterized3' [/opt/Xilinx/Vivado/2020.2/scripts/rt/data/unisim_comp.v:39393]
INFO: [Synth 8-6155] done synthesizing module 'LUT6_2__parameterized3' (8#1) [/opt/Xilinx/Vivado/2020.2/scripts/rt/data/unisim_comp.v:39393]
INFO: [Synth 8-6157] synthesizing module 'LUT6__parameterized5' [/opt/Xilinx/Vivado/2020.2/scripts/rt/data/unisim_comp.v:39347]
INFO: [Synth 8-6155] done synthesizing module 'LUT6__parameterized5' (8#1) [/opt/Xilinx/Vivado/2020.2/scripts/rt/data/unisim_comp.v:39347]
INFO: [Synth 8-6157] synthesizing module 'LUT6_2__parameterized4' [/opt/Xilinx/Vivado/2020.2/scripts/rt/data/unisim_comp.v:39393]
INFO: [Synth 8-6155] done synthesizing module 'LUT6_2__parameterized4' (8#1) [/opt/Xilinx/Vivado/2020.2/scripts/rt/data/unisim_comp.v:39393]
INFO: [Synth 8-6157] synthesizing module 'LUT6_2__parameterized5' [/opt/Xilinx/Vivado/2020.2/scripts/rt/data/unisim_comp.v:39393]
INFO: [Synth 8-6155] done synthesizing module 'LUT6_2__parameterized5' (8#1) [/opt/Xilinx/Vivado/2020.2/scripts/rt/data/unisim_comp.v:39393]
INFO: [Synth 8-6157] synthesizing module 'LUT6_2__parameterized6' [/opt/Xilinx/Vivado/2020.2/scripts/rt/data/unisim_comp.v:39393]
INFO: [Synth 8-6155] done synthesizing module 'LUT6_2__parameterized6' (8#1) [/opt/Xilinx/Vivado/2020.2/scripts/rt/data/unisim_comp.v:39393]
INFO: [Synth 8-6157] synthesizing module 'LUT6__parameterized6' [/opt/Xilinx/Vivado/2020.2/scripts/rt/data/unisim_comp.v:39347]
INFO: [Synth 8-6155] done synthesizing module 'LUT6__parameterized6' (8#1) [/opt/Xilinx/Vivado/2020.2/scripts/rt/data/unisim_comp.v:39347]
INFO: [Synth 8-6157] synthesizing module 'LUT6_2__parameterized7' [/opt/Xilinx/Vivado/2020.2/scripts/rt/data/unisim_comp.v:39393]
INFO: [Synth 8-6155] done synthesizing module 'LUT6_2__parameterized7' (8#1) [/opt/Xilinx/Vivado/2020.2/scripts/rt/data/unisim_comp.v:39393]
INFO: [Synth 8-6157] synthesizing module 'LUT6_2__parameterized8' [/opt/Xilinx/Vivado/2020.2/scripts/rt/data/unisim_comp.v:39393]
INFO: [Synth 8-6155] done synthesizing module 'LUT6_2__parameterized8' (8#1) [/opt/Xilinx/Vivado/2020.2/scripts/rt/data/unisim_comp.v:39393]
INFO: [Synth 8-6157] synthesizing module 'LUT6_2__parameterized9' [/opt/Xilinx/Vivado/2020.2/scripts/rt/data/unisim_comp.v:39393]
INFO: [Synth 8-6155] done synthesizing module 'LUT6_2__parameterized9' (8#1) [/opt/Xilinx/Vivado/2020.2/scripts/rt/data/unisim_comp.v:39393]
INFO: [Synth 8-6157] synthesizing module 'LUT6_2__parameterized10' [/opt/Xilinx/Vivado/2020.2/scripts/rt/data/unisim_comp.v:39393]
INFO: [Synth 8-6155] done synthesizing module 'LUT6_2__parameterized10' (8#1) [/opt/Xilinx/Vivado/2020.2/scripts/rt/data/unisim_comp.v:39393]
INFO: [Synth 8-6157] synthesizing module 'LUT6_2__parameterized11' [/opt/Xilinx/Vivado/2020.2/scripts/rt/data/unisim_comp.v:39393]
INFO: [Synth 8-6155] done synthesizing module 'LUT6_2__parameterized11' (8#1) [/opt/Xilinx/Vivado/2020.2/scripts/rt/data/unisim_comp.v:39393]
INFO: [Synth 8-6157] synthesizing module 'LUT6_2__parameterized12' [/opt/Xilinx/Vivado/2020.2/scripts/rt/data/unisim_comp.v:39393]
INFO: [Synth 8-6155] done synthesizing module 'LUT6_2__parameterized12' (8#1) [/opt/Xilinx/Vivado/2020.2/scripts/rt/data/unisim_comp.v:39393]
INFO: [Synth 8-6157] synthesizing module 'LUT6_2__parameterized13' [/opt/Xilinx/Vivado/2020.2/scripts/rt/data/unisim_comp.v:39393]
INFO: [Synth 8-6155] done synthesizing module 'LUT6_2__parameterized13' (8#1) [/opt/Xilinx/Vivado/2020.2/scripts/rt/data/unisim_comp.v:39393]
INFO: [Synth 8-6157] synthesizing module 'LUT6_2__parameterized14' [/opt/Xilinx/Vivado/2020.2/scripts/rt/data/unisim_comp.v:39393]
INFO: [Synth 8-6155] done synthesizing module 'LUT6_2__parameterized14' (8#1) [/opt/Xilinx/Vivado/2020.2/scripts/rt/data/unisim_comp.v:39393]
INFO: [Synth 8-6157] synthesizing module 'LUT6_2__parameterized15' [/opt/Xilinx/Vivado/2020.2/scripts/rt/data/unisim_comp.v:39393]
INFO: [Synth 8-6155] done synthesizing module 'LUT6_2__parameterized15' (8#1) [/opt/Xilinx/Vivado/2020.2/scripts/rt/data/unisim_comp.v:39393]
INFO: [Synth 8-6157] synthesizing module 'LUT6__parameterized7' [/opt/Xilinx/Vivado/2020.2/scripts/rt/data/unisim_comp.v:39347]
INFO: [Synth 8-6155] done synthesizing module 'LUT6__parameterized7' (8#1) [/opt/Xilinx/Vivado/2020.2/scripts/rt/data/unisim_comp.v:39347]
INFO: [Synth 8-6157] synthesizing module 'LUT6__parameterized8' [/opt/Xilinx/Vivado/2020.2/scripts/rt/data/unisim_comp.v:39347]
INFO: [Synth 8-6155] done synthesizing module 'LUT6__parameterized8' (8#1) [/opt/Xilinx/Vivado/2020.2/scripts/rt/data/unisim_comp.v:39347]
INFO: [Synth 8-6157] synthesizing module 'LUT6_2__parameterized16' [/opt/Xilinx/Vivado/2020.2/scripts/rt/data/unisim_comp.v:39393]
INFO: [Synth 8-6155] done synthesizing module 'LUT6_2__parameterized16' (8#1) [/opt/Xilinx/Vivado/2020.2/scripts/rt/data/unisim_comp.v:39393]
INFO: [Synth 8-6157] synthesizing module 'LUT6__parameterized9' [/opt/Xilinx/Vivado/2020.2/scripts/rt/data/unisim_comp.v:39347]
INFO: [Synth 8-6155] done synthesizing module 'LUT6__parameterized9' (8#1) [/opt/Xilinx/Vivado/2020.2/scripts/rt/data/unisim_comp.v:39347]
INFO: [Synth 8-6157] synthesizing module 'LUT6__parameterized10' [/opt/Xilinx/Vivado/2020.2/scripts/rt/data/unisim_comp.v:39347]
INFO: [Synth 8-6155] done synthesizing module 'LUT6__parameterized10' (8#1) [/opt/Xilinx/Vivado/2020.2/scripts/rt/data/unisim_comp.v:39347]
INFO: [Synth 8-6157] synthesizing module 'LUT6_2__parameterized17' [/opt/Xilinx/Vivado/2020.2/scripts/rt/data/unisim_comp.v:39393]
INFO: [Synth 8-6155] done synthesizing module 'LUT6_2__parameterized17' (8#1) [/opt/Xilinx/Vivado/2020.2/scripts/rt/data/unisim_comp.v:39393]
INFO: [Synth 8-6157] synthesizing module 'LUT6_2__parameterized18' [/opt/Xilinx/Vivado/2020.2/scripts/rt/data/unisim_comp.v:39393]
INFO: [Synth 8-6155] done synthesizing module 'LUT6_2__parameterized18' (8#1) [/opt/Xilinx/Vivado/2020.2/scripts/rt/data/unisim_comp.v:39393]
INFO: [Synth 8-6157] synthesizing module 'LUT6_2__parameterized19' [/opt/Xilinx/Vivado/2020.2/scripts/rt/data/unisim_comp.v:39393]
INFO: [Synth 8-6155] done synthesizing module 'LUT6_2__parameterized19' (8#1) [/opt/Xilinx/Vivado/2020.2/scripts/rt/data/unisim_comp.v:39393]
INFO: [Synth 8-6157] synthesizing module 'LUT6_2__parameterized20' [/opt/Xilinx/Vivado/2020.2/scripts/rt/data/unisim_comp.v:39393]
INFO: [Synth 8-6155] done synthesizing module 'LUT6_2__parameterized20' (8#1) [/opt/Xilinx/Vivado/2020.2/scripts/rt/data/unisim_comp.v:39393]
INFO: [Synth 8-6157] synthesizing module 'LUT6__parameterized11' [/opt/Xilinx/Vivado/2020.2/scripts/rt/data/unisim_comp.v:39347]
INFO: [Synth 8-6155] done synthesizing module 'LUT6__parameterized11' (8#1) [/opt/Xilinx/Vivado/2020.2/scripts/rt/data/unisim_comp.v:39347]
INFO: [Synth 8-6157] synthesizing module 'RAM32M' [/opt/Xilinx/Vivado/2020.2/scripts/rt/data/unisim_comp.v:70103]
INFO: [Synth 8-6155] done synthesizing module 'RAM32M' (9#1) [/opt/Xilinx/Vivado/2020.2/scripts/rt/data/unisim_comp.v:70103]
INFO: [Synth 8-6157] synthesizing module 'FDS' [/opt/Xilinx/Vivado/2020.2/scripts/rt/data/unisim_comp.v:13847]
INFO: [Synth 8-6155] done synthesizing module 'FDS' (11#1) [/opt/Xilinx/Vivado/2020.2/scripts/rt/data/unisim_comp.v:13847]
INFO: [Synth 8-6157] synthesizing module 'RAMB36E2' [/opt/Xilinx/Vivado/2020.2/scripts/rt/data/unisim_comp.v:76183]
INFO: [Synth 8-6155] done synthesizing module 'RAMB36E2' (12#1) [/opt/Xilinx/Vivado/2020.2/scripts/rt/data/unisim_comp.v:76183]
INFO: [Synth 8-6157] synthesizing module 'RAMB36E2__parameterized0' [/opt/Xilinx/Vivado/2020.2/scripts/rt/data/unisim_comp.v:76183]
INFO: [Synth 8-6155] done synthesizing module 'RAMB36E2__parameterized0' (12#1) [/opt/Xilinx/Vivado/2020.2/scripts/rt/data/unisim_comp.v:76183]
INFO: [Synth 8-6157] synthesizing module 'RAMB36E2__parameterized1' [/opt/Xilinx/Vivado/2020.2/scripts/rt/data/unisim_comp.v:76183]
INFO: [Synth 8-6155] done synthesizing module 'RAMB36E2__parameterized1' (12#1) [/opt/Xilinx/Vivado/2020.2/scripts/rt/data/unisim_comp.v:76183]
INFO: [Synth 8-6157] synthesizing module 'RAMB36E2__parameterized2' [/opt/Xilinx/Vivado/2020.2/scripts/rt/data/unisim_comp.v:76183]
INFO: [Synth 8-6155] done synthesizing module 'RAMB36E2__parameterized2' (14#1) [/opt/Xilinx/Vivado/2020.2/scripts/rt/data/unisim_comp.v:76183]
INFO: [Synth 8-6157] synthesizing module 'DSP48E2' [/opt/Xilinx/Vivado/2020.2/scripts/rt/data/unisim_comp.v:12598]
INFO: [Synth 8-6155] done synthesizing module 'DSP48E2' (17#1) [/opt/Xilinx/Vivado/2020.2/scripts/rt/data/unisim_comp.v:12598]
INFO: [Synth 8-6155] done synthesizing module 'sem_ultra_0' (22#1) [/home/jaguiar/sandbox/Fatori-V/iob_soc_V1.0/hardware/fpga/ip/sem_ultra_0/synth/sem_ultra_0.v:71]
---------------------------------------------------------------------------------
Finished RTL Elaboration : Time (s): cpu = 00:00:04 ; elapsed = 00:00:12 . Memory (MB): peak = 2637.742 ; gain = 209.562 ; free physical = 919 ; free virtual = 3700
---------------------------------------------------------------------------------
---------------------------------------------------------------------------------
Start Handling Custom Attributes
---------------------------------------------------------------------------------
---------------------------------------------------------------------------------
Finished Handling Custom Attributes : Time (s): cpu = 00:00:05 ; elapsed = 00:00:13 . Memory (MB): peak = 2652.586 ; gain = 224.406 ; free physical = 965 ; free virtual = 3746
---------------------------------------------------------------------------------
---------------------------------------------------------------------------------
Finished RTL Optimization Phase 1 : Time (s): cpu = 00:00:05 ; elapsed = 00:00:13 . Memory (MB): peak = 2652.586 ; gain = 224.406 ; free physical = 965 ; free virtual = 3746
---------------------------------------------------------------------------------
Netlist sorting complete. Time (s): cpu = 00:00:00.01 ; elapsed = 00:00:00.02 . Memory (MB): peak = 2662.492 ; gain = 0.000 ; free physical = 956 ; free virtual = 3738
INFO: [Netlist 29-17] Analyzing 267 Unisim elements for replacement
INFO: [Netlist 29-28] Unisim Transformation completed in 0 CPU seconds
INFO: [Project 1-570] Preparing netlist for logic optimization

Processing XDC Constraints
Initializing timing engine
Parsing XDC File [/home/jaguiar/sandbox/Fatori-V/iob_soc_V1.0/hardware/fpga/ip/sem_ultra_0/synth/sem_ultra_0_ooc.xdc] for cell 'inst'
Finished Parsing XDC File [/home/jaguiar/sandbox/Fatori-V/iob_soc_V1.0/hardware/fpga/ip/sem_ultra_0/synth/sem_ultra_0_ooc.xdc] for cell 'inst'
Parsing XDC File [/home/jaguiar/sandbox/Fatori-V/iob_soc_V1.0/hardware/fpga/ip/sem_ip_gen_temp/sem_ip_gen_temp.runs/sem_ultra_0_synth_1/dont_touch.xdc]
Finished Parsing XDC File [/home/jaguiar/sandbox/Fatori-V/iob_soc_V1.0/hardware/fpga/ip/sem_ip_gen_temp/sem_ip_gen_temp.runs/sem_ultra_0_synth_1/dont_touch.xdc]
Completed Processing XDC Constraints

Netlist sorting complete. Time (s): cpu = 00:00:00 ; elapsed = 00:00:00 . Memory (MB): peak = 2779.336 ; gain = 0.000 ; free physical = 894 ; free virtual = 3684
INFO: [Project 1-111] Unisim Transformation Summary:
  A total of 212 instances were transformed.
  DSP48E2 => DSP48E2 (DSP_ALU, DSP_A_B_DATA, DSP_C_DATA, DSP_MULTIPLIER, DSP_M_DATA, DSP_OUTPUT, DSP_PREADD, DSP_PREADD_DATA): 1 instance 
  FD => FDRE: 137 instances
  FDR => FDRE: 15 instances
  FDS => FDSE: 4 instances
  LUT6_2 => LUT6_2 (LUT5, LUT6): 49 instances
  RAM32M => RAM32M (RAMD32(x6), RAMS32(x2)): 4 instances
  RAM64M => RAM64M (RAMD64E(x4)): 2 instances

Constraint Validation Runtime : Time (s): cpu = 00:00:00.04 ; elapsed = 00:00:00.06 . Memory (MB): peak = 2779.336 ; gain = 0.000 ; free physical = 893 ; free virtual = 3683
---------------------------------------------------------------------------------
Finished Constraint Validation : Time (s): cpu = 00:00:09 ; elapsed = 00:00:18 . Memory (MB): peak = 2779.336 ; gain = 351.156 ; free physical = 938 ; free virtual = 3729
---------------------------------------------------------------------------------
---------------------------------------------------------------------------------
Start Loading Part and Timing Information
---------------------------------------------------------------------------------
Loading part: xcku040-fbva676-1-c
INFO: [Synth 8-6742] Reading net delay rules and data
---------------------------------------------------------------------------------
Finished Loading Part and Timing Information : Time (s): cpu = 00:00:09 ; elapsed = 00:00:18 . Memory (MB): peak = 2779.336 ; gain = 351.156 ; free physical = 938 ; free virtual = 3729
---------------------------------------------------------------------------------
---------------------------------------------------------------------------------
Start Applying 'set_property' XDC Constraints
---------------------------------------------------------------------------------
Applied set_property KEEP_HIERARCHY = SOFT for inst. (constraint file  /home/jaguiar/sandbox/Fatori-V/iob_soc_V1.0/hardware/fpga/ip/sem_ip_gen_temp/sem_ip_gen_temp.runs/sem_ultra_0_synth_1/dont_touch.xdc, line 9).
---------------------------------------------------------------------------------
Finished applying 'set_property' XDC Constraints : Time (s): cpu = 00:00:09 ; elapsed = 00:00:18 . Memory (MB): peak = 2779.336 ; gain = 351.156 ; free physical = 938 ; free virtual = 3729
---------------------------------------------------------------------------------
INFO: [Synth 8-802] inferred FSM for state register 'state_reg' in module 'sem_ultra_v3_1_16_controller'
---------------------------------------------------------------------------------------------------
                   State |                     New Encoding |                Previous Encoding 
---------------------------------------------------------------------------------------------------
                    IDLE |                       0000000001 |                             0000
                 SET_MUX |                       0000000010 |                             0001
                CMD_IDLE |                       0000000100 |                             0010
           WAIT_SEM_IDLE |                       0000001000 |                             0011
         RELEASE_REQUEST |                       0000010000 |                             0100
            WAIT_RELEASE |                       0000100000 |                             0101
             SET_REQUEST |                       0001000000 |                             0110
               WAIT_DONE |                       0010000000 |                             0111
             CMD_RESTART |                       0100000000 |                             1000
               BACK_IDLE |                       1000000000 |                             1001
---------------------------------------------------------------------------------------------------
INFO: [Synth 8-3354] encoded FSM with state register 'state_reg' using encoding 'one-hot' in module 'sem_ultra_v3_1_16_controller'
---------------------------------------------------------------------------------
Finished RTL Optimization Phase 2 : Time (s): cpu = 00:00:09 ; elapsed = 00:00:19 . Memory (MB): peak = 2779.336 ; gain = 351.156 ; free physical = 913 ; free virtual = 3713
---------------------------------------------------------------------------------
---------------------------------------------------------------------------------
Start RTL Component Statistics 
---------------------------------------------------------------------------------
Detailed RTL Component Info : 
+---Adders : 
	   2 Input   12 Bit       Adders := 1     
	   2 Input    7 Bit       Adders := 1     
+---Registers : 
	               48 Bit    Registers := 1     
	               40 Bit    Registers := 1     
	               32 Bit    Registers := 2     
	               18 Bit    Registers := 1     
	               12 Bit    Registers := 2     
	               10 Bit    Registers := 3     
	                8 Bit    Registers := 3     
	                6 Bit    Registers := 1     
	                4 Bit    Registers := 1     
	                3 Bit    Registers := 1     
	                2 Bit    Registers := 1     
	                1 Bit    Registers := 27    
+---Muxes : 
	  10 Input   40 Bit        Muxes := 1     
	   2 Input   40 Bit        Muxes := 1     
	   2 Input   36 Bit        Muxes := 1     
	   8 Input   18 Bit        Muxes := 1     
	   2 Input   12 Bit        Muxes := 6     
	   2 Input   10 Bit        Muxes := 9     
	  10 Input   10 Bit        Muxes := 1     
	   4 Input    8 Bit        Muxes := 3     
	   3 Input    8 Bit        Muxes := 1     
	  17 Input    8 Bit        Muxes := 1     
	  31 Input    5 Bit        Muxes := 1     
	   2 Input    3 Bit        Muxes := 1     
	   8 Input    1 Bit        Muxes := 4     
	   2 Input    1 Bit        Muxes := 26    
	  10 Input    1 Bit        Muxes := 3     
	   6 Input    1 Bit        Muxes := 3     
---------------------------------------------------------------------------------
Finished RTL Component Statistics 
---------------------------------------------------------------------------------
---------------------------------------------------------------------------------
Start Part Resource Summary
---------------------------------------------------------------------------------
Part Resources:
DSPs: 1920 (col length:120)
BRAMs: 1200 (col length: RAMB18 120 RAMB36 60)
---------------------------------------------------------------------------------
Finished Part Resource Summary
---------------------------------------------------------------------------------
---------------------------------------------------------------------------------
Start Cross Boundary and Area Optimization
---------------------------------------------------------------------------------
---------------------------------------------------------------------------------
Finished Cross Boundary and Area Optimization : Time (s): cpu = 00:00:11 ; elapsed = 00:00:21 . Memory (MB): peak = 2779.336 ; gain = 351.156 ; free physical = 890 ; free virtual = 3698
---------------------------------------------------------------------------------
---------------------------------------------------------------------------------
Start Applying XDC Timing Constraints
---------------------------------------------------------------------------------
---------------------------------------------------------------------------------
Finished Applying XDC Timing Constraints : Time (s): cpu = 00:00:19 ; elapsed = 00:00:35 . Memory (MB): peak = 2849.742 ; gain = 421.562 ; free physical = 596 ; free virtual = 3427
---------------------------------------------------------------------------------
---------------------------------------------------------------------------------
Start Timing Optimization
---------------------------------------------------------------------------------
---------------------------------------------------------------------------------
Finished Timing Optimization : Time (s): cpu = 00:00:20 ; elapsed = 00:00:36 . Memory (MB): peak = 2880.773 ; gain = 452.594 ; free physical = 567 ; free virtual = 3399
---------------------------------------------------------------------------------
---------------------------------------------------------------------------------
Start Technology Mapping
---------------------------------------------------------------------------------
---------------------------------------------------------------------------------
Finished Technology Mapping : Time (s): cpu = 00:00:20 ; elapsed = 00:00:36 . Memory (MB): peak = 2889.789 ; gain = 461.609 ; free physical = 545 ; free virtual = 3378
---------------------------------------------------------------------------------
---------------------------------------------------------------------------------
Start IO Insertion
---------------------------------------------------------------------------------
---------------------------------------------------------------------------------
Start Flattening Before IO Insertion
---------------------------------------------------------------------------------
---------------------------------------------------------------------------------
Finished Flattening Before IO Insertion
---------------------------------------------------------------------------------
---------------------------------------------------------------------------------
Start Final Netlist Cleanup
---------------------------------------------------------------------------------
---------------------------------------------------------------------------------
Finished Final Netlist Cleanup
---------------------------------------------------------------------------------
---------------------------------------------------------------------------------
Finished IO Insertion : Time (s): cpu = 00:00:22 ; elapsed = 00:00:39 . Memory (MB): peak = 2895.727 ; gain = 467.547 ; free physical = 559 ; free virtual = 3410
---------------------------------------------------------------------------------
---------------------------------------------------------------------------------
Start Renaming Generated Instances
---------------------------------------------------------------------------------
---------------------------------------------------------------------------------
Finished Renaming Generated Instances : Time (s): cpu = 00:00:22 ; elapsed = 00:00:39 . Memory (MB): peak = 2895.727 ; gain = 467.547 ; free physical = 559 ; free virtual = 3410
---------------------------------------------------------------------------------
---------------------------------------------------------------------------------
Start Rebuilding User Hierarchy
---------------------------------------------------------------------------------
---------------------------------------------------------------------------------
Finished Rebuilding User Hierarchy : Time (s): cpu = 00:00:22 ; elapsed = 00:00:39 . Memory (MB): peak = 2895.727 ; gain = 467.547 ; free physical = 559 ; free virtual = 3410
---------------------------------------------------------------------------------
---------------------------------------------------------------------------------
Start Renaming Generated Ports
---------------------------------------------------------------------------------
---------------------------------------------------------------------------------
Finished Renaming Generated Ports : Time (s): cpu = 00:00:22 ; elapsed = 00:00:39 . Memory (MB): peak = 2895.727 ; gain = 467.547 ; free physical = 559 ; free virtual = 3410
---------------------------------------------------------------------------------
---------------------------------------------------------------------------------
Start Handling Custom Attributes
---------------------------------------------------------------------------------
---------------------------------------------------------------------------------
Finished Handling Custom Attributes : Time (s): cpu = 00:00:22 ; elapsed = 00:00:39 . Memory (MB): peak = 2895.727 ; gain = 467.547 ; free physical = 559 ; free virtual = 3410
---------------------------------------------------------------------------------
---------------------------------------------------------------------------------
Start Renaming Generated Nets
---------------------------------------------------------------------------------
---------------------------------------------------------------------------------
Finished Renaming Generated Nets : Time (s): cpu = 00:00:22 ; elapsed = 00:00:39 . Memory (MB): peak = 2895.727 ; gain = 467.547 ; free physical = 559 ; free virtual = 3410
---------------------------------------------------------------------------------
---------------------------------------------------------------------------------
Start Writing Synthesis Report
---------------------------------------------------------------------------------

Report BlackBoxes: 
+-+--------------+----------+
| |BlackBox name |Instances |
+-+--------------+----------+
+-+--------------+----------+

Report Cell Usage: 
+------+----------------+------+
|      |Cell            |Count |
+------+----------------+------+
|1     |DSP_ALU         |     1|
|2     |DSP_A_B_DATA    |     1|
|3     |DSP_C_DATA      |     1|
|4     |DSP_MULTIPLIER  |     1|
|5     |DSP_M_DATA      |     1|
|6     |DSP_OUTPUT      |     1|
|7     |DSP_PREADD      |     1|
|8     |DSP_PREADD_DATA |     1|
|9     |LUT1            |     4|
|10    |LUT2            |    59|
|11    |LUT3            |    57|
|12    |LUT4            |    19|
|13    |LUT5            |    36|
|14    |LUT6            |   177|
|16    |MUXCY           |    28|
|17    |MUXF7           |     2|
|18    |RAM32M          |     4|
|19    |RAM64M          |     2|
|20    |RAMB36E2        |     4|
|24    |XORCY           |    26|
|25    |FD              |   133|
|26    |FDR             |    15|
|27    |FDRE            |   204|
|28    |FDS             |     4|
|29    |FDSE            |    83|
+------+----------------+------+
---------------------------------------------------------------------------------
Finished Writing Synthesis Report : Time (s): cpu = 00:00:22 ; elapsed = 00:00:39 . Memory (MB): peak = 2895.727 ; gain = 467.547 ; free physical = 559 ; free virtual = 3410
---------------------------------------------------------------------------------
Synthesis finished with 0 errors, 0 critical warnings and 0 warnings.
Synthesis Optimization Runtime : Time (s): cpu = 00:00:21 ; elapsed = 00:00:36 . Memory (MB): peak = 2895.727 ; gain = 340.797 ; free physical = 581 ; free virtual = 3432
Synthesis Optimization Complete : Time (s): cpu = 00:00:22 ; elapsed = 00:00:39 . Memory (MB): peak = 2895.734 ; gain = 467.547 ; free physical = 581 ; free virtual = 3432
INFO: [Project 1-571] Translating synthesized netlist
Netlist sorting complete. Time (s): cpu = 00:00:00.01 ; elapsed = 00:00:00.01 . Memory (MB): peak = 2895.734 ; gain = 0.000 ; free physical = 582 ; free virtual = 3433
INFO: [Netlist 29-17] Analyzing 264 Unisim elements for replacement
INFO: [Netlist 29-28] Unisim Transformation completed in 5 CPU seconds
INFO: [Project 1-570] Preparing netlist for logic optimization
INFO: [Opt 31-138] Pushed 0 inverter(s) to 0 load pin(s).
Netlist sorting complete. Time (s): cpu = 00:00:00 ; elapsed = 00:00:00 . Memory (MB): peak = 2948.523 ; gain = 0.000 ; free physical = 633 ; free virtual = 3484
INFO: [Project 1-111] Unisim Transformation Summary:
  A total of 214 instances were transformed.
  (CARRY4) => CARRY8: 6 instances
  DSP48E2 => DSP48E2 (DSP_ALU, DSP_A_B_DATA, DSP_C_DATA, DSP_MULTIPLIER, DSP_M_DATA, DSP_OUTPUT, DSP_PREADD, DSP_PREADD_DATA): 1 instance 
  FD => FDRE: 133 instances
  FDR => FDRE: 15 instances
  FDS => FDSE: 4 instances
  LUT6_2 => LUT6_2 (LUT5, LUT6): 49 instances
  RAM32M => RAM32M (RAMD32(x6), RAMS32(x2)): 4 instances
  RAM64M => RAM64M (RAMD64E(x4)): 2 instances

INFO: [Common 17-83] Releasing license: Synthesis
118 Infos, 0 Warnings, 0 Critical Warnings and 0 Errors encountered.
synth_design completed successfully
synth_design: Time (s): cpu = 00:00:31 ; elapsed = 00:00:45 . Memory (MB): peak = 2948.523 ; gain = 526.395 ; free physical = 783 ; free virtual = 3635
INFO: [Common 17-1381] The checkpoint '/home/jaguiar/sandbox/Fatori-V/iob_soc_V1.0/hardware/fpga/ip/sem_ip_gen_temp/sem_ip_gen_temp.runs/sem_ultra_0_synth_1/sem_ultra_0.dcp' has been generated.
WARNING: [Common 17-576] 'use_project_ipc' is deprecated. This option is deprecated and no longer used.
INFO: [Coretcl 2-1648] Added synthesis output to IP cache for IP sem_ultra_0, cache-ID = ec50757472367174
INFO: [Coretcl 2-1174] Renamed 16 cell refs.
INFO: [Common 17-1381] The checkpoint '/home/jaguiar/sandbox/Fatori-V/iob_soc_V1.0/hardware/fpga/ip/sem_ip_gen_temp/sem_ip_gen_temp.runs/sem_ultra_0_synth_1/sem_ultra_0.dcp' has been generated.
INFO: [runtcl-4] Executing : report_utilization -file sem_ultra_0_utilization_synth.rpt -pb sem_ultra_0_utilization_synth.pb
INFO: [Common 17-206] Exiting Vivado at Thu Jan 15 17:19:22 2026...
[Thu Jan 15 17:19:33 2026] sem_ultra_0_synth_1 finished
wait_on_run: Time (s): cpu = 00:00:44 ; elapsed = 00:01:08 . Memory (MB): peak = 2443.555 ; gain = 0.000 ; free physical = 2143 ; free virtual = 4995
>>> Exporting IP user files...
>>> Generating SEM Example Design wrapper...
INFO: [IP_Flow 19-1686] Generating 'Examples' target for IP 'sem_ultra_0'...
open_example_project: Time (s): cpu = 00:00:00.34 ; elapsed = 00:00:28 . Memory (MB): peak = 2443.555 ; gain = 0.000 ; free physical = 1533 ; free virtual = 4466
>>> Creating VIO cores in main IP directory...
>>> Creating VIO core: sem_ultra_0_vio_si14...
INFO: [IP_Flow 19-234] Refreshing IP repositories
INFO: [IP_Flow 19-1704] No user IP repositories specified
INFO: [IP_Flow 19-2313] Loaded Vivado IP repository '/opt/Xilinx/Vivado/2020.2/data/ip'.
INFO: [IP_Flow 19-1686] Generating 'Instantiation Template' target for IP 'sem_ultra_0_vio_si14'...
INFO: [IP_Flow 19-1686] Generating 'Synthesis' target for IP 'sem_ultra_0_vio_si14'...
INFO: [IP_Flow 19-1686] Generating 'Simulation' target for IP 'sem_ultra_0_vio_si14'...
INFO: [IP_Flow 19-1686] Generating 'Change Log' target for IP 'sem_ultra_0_vio_si14'...
[Thu Jan 15 17:20:02 2026] Launched sem_ultra_0_vio_si14_synth_1...
Run output will be captured here: /home/jaguiar/sandbox/Fatori-V/iob_soc_V1.0/hardware/fpga/ip/sem_ip_gen_temp/sem_ip_gen_temp.runs/sem_ultra_0_vio_si14_synth_1/runme.log
[Thu Jan 15 17:20:02 2026] Waiting for sem_ultra_0_vio_si14_synth_1 to finish...

*** Running vivado
    with args -log sem_ultra_0_vio_si14.vds -m64 -product Vivado -mode batch -messageDb vivado.pb -notrace -source sem_ultra_0_vio_si14.tcl


****** Vivado v2020.2 (64-bit)
  **** SW Build 3064766 on Wed Nov 18 09:12:47 MST 2020
  **** IP Build 3064653 on Wed Nov 18 14:17:31 MST 2020
    ** Copyright 1986-2020 Xilinx, Inc. All Rights Reserved.

source sem_ultra_0_vio_si14.tcl -notrace
Command: synth_design -top sem_ultra_0_vio_si14 -part xcku040-fbva676-1-c -mode out_of_context
Starting synth_design
Attempting to get a license for feature 'Synthesis' and/or device 'xcku040'
INFO: [Common 17-349] Got license for feature 'Synthesis' and/or device 'xcku040'
INFO: [Common 17-1540] The version limit for your license is '2021.01' and has expired for new software. A version limit expiration means that, although you may be able to continue to use the current version of tools or IP with this license, you will not be eligible for any updates or new releases.
INFO: [Device 21-403] Loading part xcku040-fbva676-1-c
INFO: [Synth 8-7079] Multithreading enabled for synth_design using a maximum of 4 processes.
INFO: [Synth 8-7078] Launching helper process for spawning children vivado processes
INFO: [Synth 8-7075] Helper process launched with PID 2259054
---------------------------------------------------------------------------------
Starting RTL Elaboration : Time (s): cpu = 00:00:03 ; elapsed = 00:00:05 . Memory (MB): peak = 2581.895 ; gain = 154.719 ; free physical = 126 ; free virtual = 3001
---------------------------------------------------------------------------------
INFO: [Synth 8-6157] synthesizing module 'sem_ultra_0_vio_si14' [/home/jaguiar/sandbox/Fatori-V/iob_soc_V1.0/hardware/fpga/ip/sem_ultra_0_vio_si14/synth/sem_ultra_0_vio_si14.v:59]
INFO: [Synth 8-6155] done synthesizing module 'sem_ultra_0_vio_si14' (6#1) [/home/jaguiar/sandbox/Fatori-V/iob_soc_V1.0/hardware/fpga/ip/sem_ultra_0_vio_si14/synth/sem_ultra_0_vio_si14.v:59]
---------------------------------------------------------------------------------
Finished RTL Elaboration : Time (s): cpu = 00:00:04 ; elapsed = 00:00:08 . Memory (MB): peak = 2628.801 ; gain = 201.625 ; free physical = 932 ; free virtual = 3737
---------------------------------------------------------------------------------
---------------------------------------------------------------------------------
Start Handling Custom Attributes
---------------------------------------------------------------------------------
---------------------------------------------------------------------------------
Finished Handling Custom Attributes : Time (s): cpu = 00:00:05 ; elapsed = 00:00:09 . Memory (MB): peak = 2645.645 ; gain = 218.469 ; free physical = 929 ; free virtual = 3734
---------------------------------------------------------------------------------
---------------------------------------------------------------------------------
Finished RTL Optimization Phase 1 : Time (s): cpu = 00:00:05 ; elapsed = 00:00:09 . Memory (MB): peak = 2645.645 ; gain = 218.469 ; free physical = 929 ; free virtual = 3734
---------------------------------------------------------------------------------
Netlist sorting complete. Time (s): cpu = 00:00:00.01 ; elapsed = 00:00:00 . Memory (MB): peak = 2645.645 ; gain = 0.000 ; free physical = 919 ; free virtual = 3724
INFO: [Project 1-570] Preparing netlist for logic optimization

Processing XDC Constraints
Initializing timing engine
Parsing XDC File [/home/jaguiar/sandbox/Fatori-V/iob_soc_V1.0/hardware/fpga/ip/sem_ultra_0_vio_si14/sem_ultra_0_vio_si14_ooc.xdc]
Finished Parsing XDC File [/home/jaguiar/sandbox/Fatori-V/iob_soc_V1.0/hardware/fpga/ip/sem_ultra_0_vio_si14/sem_ultra_0_vio_si14_ooc.xdc]
Parsing XDC File [/home/jaguiar/sandbox/Fatori-V/iob_soc_V1.0/hardware/fpga/ip/sem_ultra_0_vio_si14/sem_ultra_0_vio_si14.xdc]
Finished Parsing XDC File [/home/jaguiar/sandbox/Fatori-V/iob_soc_V1.0/hardware/fpga/ip/sem_ultra_0_vio_si14/sem_ultra_0_vio_si14.xdc]
Completed Processing XDC Constraints

Netlist sorting complete. Time (s): cpu = 00:00:00 ; elapsed = 00:00:00 . Memory (MB): peak = 2803.395 ; gain = 0.000 ; free physical = 866 ; free virtual = 3670
INFO: [Project 1-111] Unisim Transformation Summary:
No Unisim elements were transformed.

Constraint Validation Runtime : Time (s): cpu = 00:00:00.02 ; elapsed = 00:00:00.02 . Memory (MB): peak = 2803.395 ; gain = 0.000 ; free physical = 865 ; free virtual = 3670
---------------------------------------------------------------------------------
Finished Constraint Validation : Time (s): cpu = 00:00:08 ; elapsed = 00:00:13 . Memory (MB): peak = 2803.395 ; gain = 376.219 ; free physical = 901 ; free virtual = 3706
---------------------------------------------------------------------------------
---------------------------------------------------------------------------------
Start Loading Part and Timing Information
---------------------------------------------------------------------------------
Loading part: xcku040-fbva676-1-c
INFO: [Synth 8-6742] Reading net delay rules and data
---------------------------------------------------------------------------------
Finished Loading Part and Timing Information : Time (s): cpu = 00:00:08 ; elapsed = 00:00:13 . Memory (MB): peak = 2803.395 ; gain = 376.219 ; free physical = 901 ; free virtual = 3706
---------------------------------------------------------------------------------
---------------------------------------------------------------------------------
Start Applying 'set_property' XDC Constraints
---------------------------------------------------------------------------------
---------------------------------------------------------------------------------
Finished applying 'set_property' XDC Constraints : Time (s): cpu = 00:00:08 ; elapsed = 00:00:13 . Memory (MB): peak = 2803.395 ; gain = 376.219 ; free physical = 901 ; free virtual = 3706
---------------------------------------------------------------------------------
---------------------------------------------------------------------------------
Finished RTL Optimization Phase 2 : Time (s): cpu = 00:00:08 ; elapsed = 00:00:13 . Memory (MB): peak = 2803.395 ; gain = 376.219 ; free physical = 892 ; free virtual = 3698
---------------------------------------------------------------------------------
---------------------------------------------------------------------------------
Start RTL Component Statistics 
---------------------------------------------------------------------------------
Detailed RTL Component Info : 
+---Adders : 
	   2 Input    3 Bit       Adders := 1     
+---Registers : 
	              128 Bit    Registers := 1     
	               16 Bit    Registers := 7     
	               14 Bit    Registers := 5     
	                7 Bit    Registers := 1     
	                5 Bit    Registers := 1     
	                3 Bit    Registers := 3     
	                1 Bit    Registers := 12    
+---Muxes : 
	   3 Input   16 Bit        Muxes := 1     
	   2 Input   16 Bit        Muxes := 2     
	   2 Input    1 Bit        Muxes := 4     
---------------------------------------------------------------------------------
Finished RTL Component Statistics 
---------------------------------------------------------------------------------
---------------------------------------------------------------------------------
Start Part Resource Summary
---------------------------------------------------------------------------------
Part Resources:
DSPs: 1920 (col length:120)
BRAMs: 1200 (col length: RAMB18 120 RAMB36 60)
---------------------------------------------------------------------------------
Finished Part Resource Summary
---------------------------------------------------------------------------------
---------------------------------------------------------------------------------
Start Cross Boundary and Area Optimization
---------------------------------------------------------------------------------
---------------------------------------------------------------------------------
Finished Cross Boundary and Area Optimization : Time (s): cpu = 00:00:09 ; elapsed = 00:00:14 . Memory (MB): peak = 2803.395 ; gain = 376.219 ; free physical = 878 ; free virtual = 3687
---------------------------------------------------------------------------------
---------------------------------------------------------------------------------
Start Applying XDC Timing Constraints
---------------------------------------------------------------------------------
---------------------------------------------------------------------------------
Finished Applying XDC Timing Constraints : Time (s): cpu = 00:00:17 ; elapsed = 00:00:27 . Memory (MB): peak = 2835.988 ; gain = 408.812 ; free physical = 639 ; free virtual = 3448
---------------------------------------------------------------------------------
---------------------------------------------------------------------------------
Start Timing Optimization
---------------------------------------------------------------------------------
---------------------------------------------------------------------------------
Finished Timing Optimization : Time (s): cpu = 00:00:17 ; elapsed = 00:00:27 . Memory (MB): peak = 2835.988 ; gain = 408.812 ; free physical = 638 ; free virtual = 3448
---------------------------------------------------------------------------------
---------------------------------------------------------------------------------
Start Technology Mapping
---------------------------------------------------------------------------------
---------------------------------------------------------------------------------
Finished Technology Mapping : Time (s): cpu = 00:00:17 ; elapsed = 00:00:27 . Memory (MB): peak = 2864.035 ; gain = 436.859 ; free physical = 635 ; free virtual = 3445
---------------------------------------------------------------------------------
---------------------------------------------------------------------------------
Start IO Insertion
---------------------------------------------------------------------------------
---------------------------------------------------------------------------------
Start Flattening Before IO Insertion
---------------------------------------------------------------------------------
---------------------------------------------------------------------------------
Finished Flattening Before IO Insertion
---------------------------------------------------------------------------------
---------------------------------------------------------------------------------
Start Final Netlist Cleanup
---------------------------------------------------------------------------------
---------------------------------------------------------------------------------
Finished Final Netlist Cleanup
---------------------------------------------------------------------------------
WARNING: [Synth 8-3295] tying undriven pin inst:sl_iport0[36] to constant 0
WARNING: [Synth 8-3295] tying undriven pin inst:sl_iport0[35] to constant 0
WARNING: [Synth 8-3295] tying undriven pin inst:sl_iport0[34] to constant 0
WARNING: [Synth 8-3295] tying undriven pin inst:sl_iport0[33] to constant 0
WARNING: [Synth 8-3295] tying undriven pin inst:sl_iport0[32] to constant 0
WARNING: [Synth 8-3295] tying undriven pin inst:sl_iport0[31] to constant 0
WARNING: [Synth 8-3295] tying undriven pin inst:sl_iport0[30] to constant 0
WARNING: [Synth 8-3295] tying undriven pin inst:sl_iport0[29] to constant 0
WARNING: [Synth 8-3295] tying undriven pin inst:sl_iport0[28] to constant 0
WARNING: [Synth 8-3295] tying undriven pin inst:sl_iport0[27] to constant 0
WARNING: [Synth 8-3295] tying undriven pin inst:sl_iport0[26] to constant 0
WARNING: [Synth 8-3295] tying undriven pin inst:sl_iport0[25] to constant 0
WARNING: [Synth 8-3295] tying undriven pin inst:sl_iport0[24] to constant 0
WARNING: [Synth 8-3295] tying undriven pin inst:sl_iport0[23] to constant 0
WARNING: [Synth 8-3295] tying undriven pin inst:sl_iport0[22] to constant 0
WARNING: [Synth 8-3295] tying undriven pin inst:sl_iport0[21] to constant 0
WARNING: [Synth 8-3295] tying undriven pin inst:sl_iport0[20] to constant 0
WARNING: [Synth 8-3295] tying undriven pin inst:sl_iport0[19] to constant 0
WARNING: [Synth 8-3295] tying undriven pin inst:sl_iport0[18] to constant 0
WARNING: [Synth 8-3295] tying undriven pin inst:sl_iport0[17] to constant 0
WARNING: [Synth 8-3295] tying undriven pin inst:sl_iport0[16] to constant 0
WARNING: [Synth 8-3295] tying undriven pin inst:sl_iport0[15] to constant 0
WARNING: [Synth 8-3295] tying undriven pin inst:sl_iport0[14] to constant 0
WARNING: [Synth 8-3295] tying undriven pin inst:sl_iport0[13] to constant 0
WARNING: [Synth 8-3295] tying undriven pin inst:sl_iport0[12] to constant 0
WARNING: [Synth 8-3295] tying undriven pin inst:sl_iport0[11] to constant 0
WARNING: [Synth 8-3295] tying undriven pin inst:sl_iport0[10] to constant 0
WARNING: [Synth 8-3295] tying undriven pin inst:sl_iport0[9] to constant 0
WARNING: [Synth 8-3295] tying undriven pin inst:sl_iport0[8] to constant 0
WARNING: [Synth 8-3295] tying undriven pin inst:sl_iport0[7] to constant 0
WARNING: [Synth 8-3295] tying undriven pin inst:sl_iport0[6] to constant 0
WARNING: [Synth 8-3295] tying undriven pin inst:sl_iport0[5] to constant 0
WARNING: [Synth 8-3295] tying undriven pin inst:sl_iport0[4] to constant 0
WARNING: [Synth 8-3295] tying undriven pin inst:sl_iport0[3] to constant 0
WARNING: [Synth 8-3295] tying undriven pin inst:sl_iport0[2] to constant 0
WARNING: [Synth 8-3295] tying undriven pin inst:sl_iport0[1] to constant 0
WARNING: [Synth 8-3295] tying undriven pin inst:sl_iport0[0] to constant 0
---------------------------------------------------------------------------------
Finished IO Insertion : Time (s): cpu = 00:00:19 ; elapsed = 00:00:29 . Memory (MB): peak = 2864.035 ; gain = 436.859 ; free physical = 634 ; free virtual = 3444
---------------------------------------------------------------------------------
---------------------------------------------------------------------------------
Start Renaming Generated Instances
---------------------------------------------------------------------------------
---------------------------------------------------------------------------------
Finished Renaming Generated Instances : Time (s): cpu = 00:00:19 ; elapsed = 00:00:29 . Memory (MB): peak = 2864.035 ; gain = 436.859 ; free physical = 634 ; free virtual = 3444
---------------------------------------------------------------------------------
---------------------------------------------------------------------------------
Start Rebuilding User Hierarchy
---------------------------------------------------------------------------------
---------------------------------------------------------------------------------
Finished Rebuilding User Hierarchy : Time (s): cpu = 00:00:19 ; elapsed = 00:00:29 . Memory (MB): peak = 2864.035 ; gain = 436.859 ; free physical = 634 ; free virtual = 3444
---------------------------------------------------------------------------------
---------------------------------------------------------------------------------
Start Renaming Generated Ports
---------------------------------------------------------------------------------
---------------------------------------------------------------------------------
Finished Renaming Generated Ports : Time (s): cpu = 00:00:19 ; elapsed = 00:00:29 . Memory (MB): peak = 2864.035 ; gain = 436.859 ; free physical = 634 ; free virtual = 3444
---------------------------------------------------------------------------------
---------------------------------------------------------------------------------
Start Handling Custom Attributes
---------------------------------------------------------------------------------
---------------------------------------------------------------------------------
Finished Handling Custom Attributes : Time (s): cpu = 00:00:19 ; elapsed = 00:00:29 . Memory (MB): peak = 2864.035 ; gain = 436.859 ; free physical = 634 ; free virtual = 3444
---------------------------------------------------------------------------------
---------------------------------------------------------------------------------
Start Renaming Generated Nets
---------------------------------------------------------------------------------
---------------------------------------------------------------------------------
Finished Renaming Generated Nets : Time (s): cpu = 00:00:19 ; elapsed = 00:00:29 . Memory (MB): peak = 2864.035 ; gain = 436.859 ; free physical = 634 ; free virtual = 3444
---------------------------------------------------------------------------------
---------------------------------------------------------------------------------
Start Writing Synthesis Report
---------------------------------------------------------------------------------

Report BlackBoxes: 
+-+--------------+----------+
| |BlackBox name |Instances |
+-+--------------+----------+
+-+--------------+----------+

Report Cell Usage: 
+------+-----+------+
|      |Cell |Count |
+------+-----+------+
|1     |LUT1 |     2|
|2     |LUT2 |     3|
|3     |LUT3 |    55|
|4     |LUT4 |     6|
|5     |LUT5 |    34|
|6     |LUT6 |    66|
|7     |FDRE |   317|
+------+-----+------+
---------------------------------------------------------------------------------
Finished Writing Synthesis Report : Time (s): cpu = 00:00:19 ; elapsed = 00:00:29 . Memory (MB): peak = 2864.035 ; gain = 436.859 ; free physical = 634 ; free virtual = 3444
---------------------------------------------------------------------------------
Synthesis finished with 0 errors, 0 critical warnings and 37 warnings.
Synthesis Optimization Runtime : Time (s): cpu = 00:00:18 ; elapsed = 00:00:28 . Memory (MB): peak = 2864.035 ; gain = 279.109 ; free physical = 655 ; free virtual = 3465
Synthesis Optimization Complete : Time (s): cpu = 00:00:19 ; elapsed = 00:00:29 . Memory (MB): peak = 2864.043 ; gain = 436.859 ; free physical = 655 ; free virtual = 3465
INFO: [Project 1-571] Translating synthesized netlist
Netlist sorting complete. Time (s): cpu = 00:00:00 ; elapsed = 00:00:00.01 . Memory (MB): peak = 2870.973 ; gain = 0.000 ; free physical = 738 ; free virtual = 3548
INFO: [Project 1-570] Preparing netlist for logic optimization
INFO: [Opt 31-138] Pushed 0 inverter(s) to 0 load pin(s).
Netlist sorting complete. Time (s): cpu = 00:00:00 ; elapsed = 00:00:00 . Memory (MB): peak = 2924.770 ; gain = 0.000 ; free physical = 698 ; free virtual = 3508
INFO: [Project 1-111] Unisim Transformation Summary:
No Unisim elements were transformed.

INFO: [Common 17-83] Releasing license: Synthesis
16 Infos, 37 Warnings, 0 Critical Warnings and 0 Errors encountered.
synth_design completed successfully
synth_design: Time (s): cpu = 00:00:28 ; elapsed = 00:00:35 . Memory (MB): peak = 2924.770 ; gain = 503.645 ; free physical = 836 ; free virtual = 3646
INFO: [Common 17-1381] The checkpoint '/home/jaguiar/sandbox/Fatori-V/iob_soc_V1.0/hardware/fpga/ip/sem_ip_gen_temp/sem_ip_gen_temp.runs/sem_ultra_0_vio_si14_synth_1/sem_ultra_0_vio_si14.dcp' has been generated.
WARNING: [Common 17-576] 'use_project_ipc' is deprecated. This option is deprecated and no longer used.
INFO: [Coretcl 2-1648] Added synthesis output to IP cache for IP sem_ultra_0_vio_si14, cache-ID = 5c85894266e9a70b
INFO: [Coretcl 2-1174] Renamed 4 cell refs.
INFO: [Common 17-1381] The checkpoint '/home/jaguiar/sandbox/Fatori-V/iob_soc_V1.0/hardware/fpga/ip/sem_ip_gen_temp/sem_ip_gen_temp.runs/sem_ultra_0_vio_si14_synth_1/sem_ultra_0_vio_si14.dcp' has been generated.
INFO: [runtcl-4] Executing : report_utilization -file sem_ultra_0_vio_si14_utilization_synth.rpt -pb sem_ultra_0_vio_si14_utilization_synth.pb
INFO: [Common 17-206] Exiting Vivado at Thu Jan 15 17:20:50 2026...
[Thu Jan 15 17:21:01 2026] sem_ultra_0_vio_si14_synth_1 finished
wait_on_run: Time (s): cpu = 00:01:00 ; elapsed = 00:00:59 . Memory (MB): peak = 2443.555 ; gain = 0.000 ; free physical = 2168 ; free virtual = 4986
>>> Creating VIO core: sem_ultra_0_vio_si1_so41...
INFO: [IP_Flow 19-1686] Generating 'Instantiation Template' target for IP 'sem_ultra_0_vio_si1_so41'...
INFO: [IP_Flow 19-1686] Generating 'Synthesis' target for IP 'sem_ultra_0_vio_si1_so41'...
INFO: [IP_Flow 19-1686] Generating 'Simulation' target for IP 'sem_ultra_0_vio_si1_so41'...
INFO: [IP_Flow 19-1686] Generating 'Change Log' target for IP 'sem_ultra_0_vio_si1_so41'...
[Thu Jan 15 17:21:01 2026] Launched sem_ultra_0_vio_si1_so41_synth_1...
Run output will be captured here: /home/jaguiar/sandbox/Fatori-V/iob_soc_V1.0/hardware/fpga/ip/sem_ip_gen_temp/sem_ip_gen_temp.runs/sem_ultra_0_vio_si1_so41_synth_1/runme.log
[Thu Jan 15 17:21:01 2026] Waiting for sem_ultra_0_vio_si1_so41_synth_1 to finish...

*** Running vivado
    with args -log sem_ultra_0_vio_si1_so41.vds -m64 -product Vivado -mode batch -messageDb vivado.pb -notrace -source sem_ultra_0_vio_si1_so41.tcl


****** Vivado v2020.2 (64-bit)
  **** SW Build 3064766 on Wed Nov 18 09:12:47 MST 2020
  **** IP Build 3064653 on Wed Nov 18 14:17:31 MST 2020
    ** Copyright 1986-2020 Xilinx, Inc. All Rights Reserved.

source sem_ultra_0_vio_si1_so41.tcl -notrace
Command: synth_design -top sem_ultra_0_vio_si1_so41 -part xcku040-fbva676-1-c -mode out_of_context
Starting synth_design
Attempting to get a license for feature 'Synthesis' and/or device 'xcku040'
INFO: [Common 17-349] Got license for feature 'Synthesis' and/or device 'xcku040'
INFO: [Common 17-1540] The version limit for your license is '2021.01' and has expired for new software. A version limit expiration means that, although you may be able to continue to use the current version of tools or IP with this license, you will not be eligible for any updates or new releases.
INFO: [Device 21-403] Loading part xcku040-fbva676-1-c
INFO: [Synth 8-7079] Multithreading enabled for synth_design using a maximum of 4 processes.
INFO: [Synth 8-7078] Launching helper process for spawning children vivado processes
INFO: [Synth 8-7075] Helper process launched with PID 2259671
---------------------------------------------------------------------------------
Starting RTL Elaboration : Time (s): cpu = 00:00:03 ; elapsed = 00:00:04 . Memory (MB): peak = 2581.867 ; gain = 154.688 ; free physical = 170 ; free virtual = 2950
---------------------------------------------------------------------------------
INFO: [Synth 8-6157] synthesizing module 'sem_ultra_0_vio_si1_so41' [/home/jaguiar/sandbox/Fatori-V/iob_soc_V1.0/hardware/fpga/ip/sem_ultra_0_vio_si1_so41/synth/sem_ultra_0_vio_si1_so41.v:59]
INFO: [Synth 8-6155] done synthesizing module 'sem_ultra_0_vio_si1_so41' (8#1) [/home/jaguiar/sandbox/Fatori-V/iob_soc_V1.0/hardware/fpga/ip/sem_ultra_0_vio_si1_so41/synth/sem_ultra_0_vio_si1_so41.v:59]
---------------------------------------------------------------------------------
Finished RTL Elaboration : Time (s): cpu = 00:00:04 ; elapsed = 00:00:05 . Memory (MB): peak = 2631.773 ; gain = 204.594 ; free physical = 964 ; free virtual = 3727
---------------------------------------------------------------------------------
---------------------------------------------------------------------------------
Start Handling Custom Attributes
---------------------------------------------------------------------------------
---------------------------------------------------------------------------------
Finished Handling Custom Attributes : Time (s): cpu = 00:00:05 ; elapsed = 00:00:06 . Memory (MB): peak = 2650.586 ; gain = 223.406 ; free physical = 964 ; free virtual = 3727
---------------------------------------------------------------------------------
---------------------------------------------------------------------------------
Finished RTL Optimization Phase 1 : Time (s): cpu = 00:00:05 ; elapsed = 00:00:06 . Memory (MB): peak = 2650.586 ; gain = 223.406 ; free physical = 964 ; free virtual = 3727
---------------------------------------------------------------------------------
Netlist sorting complete. Time (s): cpu = 00:00:00.02 ; elapsed = 00:00:00.02 . Memory (MB): peak = 2650.586 ; gain = 0.000 ; free physical = 956 ; free virtual = 3718
INFO: [Project 1-570] Preparing netlist for logic optimization

Processing XDC Constraints
Initializing timing engine
Parsing XDC File [/home/jaguiar/sandbox/Fatori-V/iob_soc_V1.0/hardware/fpga/ip/sem_ultra_0_vio_si1_so41/sem_ultra_0_vio_si1_so41_ooc.xdc]
Finished Parsing XDC File [/home/jaguiar/sandbox/Fatori-V/iob_soc_V1.0/hardware/fpga/ip/sem_ultra_0_vio_si1_so41/sem_ultra_0_vio_si1_so41_ooc.xdc]
Parsing XDC File [/home/jaguiar/sandbox/Fatori-V/iob_soc_V1.0/hardware/fpga/ip/sem_ultra_0_vio_si1_so41/sem_ultra_0_vio_si1_so41.xdc]
Finished Parsing XDC File [/home/jaguiar/sandbox/Fatori-V/iob_soc_V1.0/hardware/fpga/ip/sem_ultra_0_vio_si1_so41/sem_ultra_0_vio_si1_so41.xdc]
Completed Processing XDC Constraints

Netlist sorting complete. Time (s): cpu = 00:00:00 ; elapsed = 00:00:00 . Memory (MB): peak = 2819.336 ; gain = 0.000 ; free physical = 901 ; free virtual = 3663
INFO: [Project 1-111] Unisim Transformation Summary:
No Unisim elements were transformed.

Constraint Validation Runtime : Time (s): cpu = 00:00:00.03 ; elapsed = 00:00:00.03 . Memory (MB): peak = 2819.336 ; gain = 0.000 ; free physical = 899 ; free virtual = 3662
---------------------------------------------------------------------------------
Finished Constraint Validation : Time (s): cpu = 00:00:08 ; elapsed = 00:00:10 . Memory (MB): peak = 2819.336 ; gain = 392.156 ; free physical = 929 ; free virtual = 3692
---------------------------------------------------------------------------------
---------------------------------------------------------------------------------
Start Loading Part and Timing Information
---------------------------------------------------------------------------------
Loading part: xcku040-fbva676-1-c
INFO: [Synth 8-6742] Reading net delay rules and data
---------------------------------------------------------------------------------
Finished Loading Part and Timing Information : Time (s): cpu = 00:00:08 ; elapsed = 00:00:10 . Memory (MB): peak = 2819.336 ; gain = 392.156 ; free physical = 929 ; free virtual = 3692
---------------------------------------------------------------------------------
---------------------------------------------------------------------------------
Start Applying 'set_property' XDC Constraints
---------------------------------------------------------------------------------
---------------------------------------------------------------------------------
Finished applying 'set_property' XDC Constraints : Time (s): cpu = 00:00:08 ; elapsed = 00:00:10 . Memory (MB): peak = 2819.336 ; gain = 392.156 ; free physical = 929 ; free virtual = 3692
---------------------------------------------------------------------------------
---------------------------------------------------------------------------------
Finished RTL Optimization Phase 2 : Time (s): cpu = 00:00:09 ; elapsed = 00:00:11 . Memory (MB): peak = 2819.336 ; gain = 392.156 ; free physical = 927 ; free virtual = 3691
---------------------------------------------------------------------------------
---------------------------------------------------------------------------------
Start RTL Component Statistics 
---------------------------------------------------------------------------------
Detailed RTL Component Info : 
+---Registers : 
	              128 Bit    Registers := 1     
	               16 Bit    Registers := 48    
	                7 Bit    Registers := 1     
	                6 Bit    Registers := 1     
	                5 Bit    Registers := 1     
	                3 Bit    Registers := 3     
	                1 Bit    Registers := 101   
+---Muxes : 
	   2 Input   16 Bit        Muxes := 2     
	   2 Input    1 Bit        Muxes := 48    
---------------------------------------------------------------------------------
Finished RTL Component Statistics 
---------------------------------------------------------------------------------
---------------------------------------------------------------------------------
Start Part Resource Summary
---------------------------------------------------------------------------------
Part Resources:
DSPs: 1920 (col length:120)
BRAMs: 1200 (col length: RAMB18 120 RAMB36 60)
---------------------------------------------------------------------------------
Finished Part Resource Summary
---------------------------------------------------------------------------------
---------------------------------------------------------------------------------
Start Cross Boundary and Area Optimization
---------------------------------------------------------------------------------
---------------------------------------------------------------------------------
Finished Cross Boundary and Area Optimization : Time (s): cpu = 00:00:11 ; elapsed = 00:00:13 . Memory (MB): peak = 2819.336 ; gain = 392.156 ; free physical = 906 ; free virtual = 3674
---------------------------------------------------------------------------------
---------------------------------------------------------------------------------
Start Applying XDC Timing Constraints
---------------------------------------------------------------------------------
---------------------------------------------------------------------------------
Finished Applying XDC Timing Constraints : Time (s): cpu = 00:00:19 ; elapsed = 00:00:27 . Memory (MB): peak = 2838.133 ; gain = 410.953 ; free physical = 665 ; free virtual = 3434
---------------------------------------------------------------------------------
---------------------------------------------------------------------------------
Start Timing Optimization
---------------------------------------------------------------------------------
---------------------------------------------------------------------------------
Finished Timing Optimization : Time (s): cpu = 00:00:19 ; elapsed = 00:00:27 . Memory (MB): peak = 2839.133 ; gain = 411.953 ; free physical = 665 ; free virtual = 3434
---------------------------------------------------------------------------------
---------------------------------------------------------------------------------
Start Technology Mapping
---------------------------------------------------------------------------------
---------------------------------------------------------------------------------
Finished Technology Mapping : Time (s): cpu = 00:00:19 ; elapsed = 00:00:27 . Memory (MB): peak = 2867.180 ; gain = 440.000 ; free physical = 661 ; free virtual = 3429
---------------------------------------------------------------------------------
---------------------------------------------------------------------------------
Start IO Insertion
---------------------------------------------------------------------------------
---------------------------------------------------------------------------------
Start Flattening Before IO Insertion
---------------------------------------------------------------------------------
---------------------------------------------------------------------------------
Finished Flattening Before IO Insertion
---------------------------------------------------------------------------------
---------------------------------------------------------------------------------
Start Final Netlist Cleanup
---------------------------------------------------------------------------------
---------------------------------------------------------------------------------
Finished Final Netlist Cleanup
---------------------------------------------------------------------------------
WARNING: [Synth 8-3295] tying undriven pin inst:sl_iport0[36] to constant 0
WARNING: [Synth 8-3295] tying undriven pin inst:sl_iport0[35] to constant 0
WARNING: [Synth 8-3295] tying undriven pin inst:sl_iport0[34] to constant 0
WARNING: [Synth 8-3295] tying undriven pin inst:sl_iport0[33] to constant 0
WARNING: [Synth 8-3295] tying undriven pin inst:sl_iport0[32] to constant 0
WARNING: [Synth 8-3295] tying undriven pin inst:sl_iport0[31] to constant 0
WARNING: [Synth 8-3295] tying undriven pin inst:sl_iport0[30] to constant 0
WARNING: [Synth 8-3295] tying undriven pin inst:sl_iport0[29] to constant 0
WARNING: [Synth 8-3295] tying undriven pin inst:sl_iport0[28] to constant 0
WARNING: [Synth 8-3295] tying undriven pin inst:sl_iport0[27] to constant 0
WARNING: [Synth 8-3295] tying undriven pin inst:sl_iport0[26] to constant 0
WARNING: [Synth 8-3295] tying undriven pin inst:sl_iport0[25] to constant 0
WARNING: [Synth 8-3295] tying undriven pin inst:sl_iport0[24] to constant 0
WARNING: [Synth 8-3295] tying undriven pin inst:sl_iport0[23] to constant 0
WARNING: [Synth 8-3295] tying undriven pin inst:sl_iport0[22] to constant 0
WARNING: [Synth 8-3295] tying undriven pin inst:sl_iport0[21] to constant 0
WARNING: [Synth 8-3295] tying undriven pin inst:sl_iport0[20] to constant 0
WARNING: [Synth 8-3295] tying undriven pin inst:sl_iport0[19] to constant 0
WARNING: [Synth 8-3295] tying undriven pin inst:sl_iport0[18] to constant 0
WARNING: [Synth 8-3295] tying undriven pin inst:sl_iport0[17] to constant 0
WARNING: [Synth 8-3295] tying undriven pin inst:sl_iport0[16] to constant 0
WARNING: [Synth 8-3295] tying undriven pin inst:sl_iport0[15] to constant 0
WARNING: [Synth 8-3295] tying undriven pin inst:sl_iport0[14] to constant 0
WARNING: [Synth 8-3295] tying undriven pin inst:sl_iport0[13] to constant 0
WARNING: [Synth 8-3295] tying undriven pin inst:sl_iport0[12] to constant 0
WARNING: [Synth 8-3295] tying undriven pin inst:sl_iport0[11] to constant 0
WARNING: [Synth 8-3295] tying undriven pin inst:sl_iport0[10] to constant 0
WARNING: [Synth 8-3295] tying undriven pin inst:sl_iport0[9] to constant 0
WARNING: [Synth 8-3295] tying undriven pin inst:sl_iport0[8] to constant 0
WARNING: [Synth 8-3295] tying undriven pin inst:sl_iport0[7] to constant 0
WARNING: [Synth 8-3295] tying undriven pin inst:sl_iport0[6] to constant 0
WARNING: [Synth 8-3295] tying undriven pin inst:sl_iport0[5] to constant 0
WARNING: [Synth 8-3295] tying undriven pin inst:sl_iport0[4] to constant 0
WARNING: [Synth 8-3295] tying undriven pin inst:sl_iport0[3] to constant 0
WARNING: [Synth 8-3295] tying undriven pin inst:sl_iport0[2] to constant 0
WARNING: [Synth 8-3295] tying undriven pin inst:sl_iport0[1] to constant 0
WARNING: [Synth 8-3295] tying undriven pin inst:sl_iport0[0] to constant 0
---------------------------------------------------------------------------------
Finished IO Insertion : Time (s): cpu = 00:00:21 ; elapsed = 00:00:29 . Memory (MB): peak = 2867.180 ; gain = 440.000 ; free physical = 658 ; free virtual = 3427
---------------------------------------------------------------------------------
---------------------------------------------------------------------------------
Start Renaming Generated Instances
---------------------------------------------------------------------------------
---------------------------------------------------------------------------------
Finished Renaming Generated Instances : Time (s): cpu = 00:00:21 ; elapsed = 00:00:29 . Memory (MB): peak = 2867.180 ; gain = 440.000 ; free physical = 658 ; free virtual = 3427
---------------------------------------------------------------------------------
---------------------------------------------------------------------------------
Start Rebuilding User Hierarchy
---------------------------------------------------------------------------------
---------------------------------------------------------------------------------
Finished Rebuilding User Hierarchy : Time (s): cpu = 00:00:21 ; elapsed = 00:00:29 . Memory (MB): peak = 2867.180 ; gain = 440.000 ; free physical = 658 ; free virtual = 3427
---------------------------------------------------------------------------------
---------------------------------------------------------------------------------
Start Renaming Generated Ports
---------------------------------------------------------------------------------
---------------------------------------------------------------------------------
Finished Renaming Generated Ports : Time (s): cpu = 00:00:21 ; elapsed = 00:00:29 . Memory (MB): peak = 2867.180 ; gain = 440.000 ; free physical = 658 ; free virtual = 3427
---------------------------------------------------------------------------------
---------------------------------------------------------------------------------
Start Handling Custom Attributes
---------------------------------------------------------------------------------
---------------------------------------------------------------------------------
Finished Handling Custom Attributes : Time (s): cpu = 00:00:21 ; elapsed = 00:00:29 . Memory (MB): peak = 2867.180 ; gain = 440.000 ; free physical = 658 ; free virtual = 3427
---------------------------------------------------------------------------------
---------------------------------------------------------------------------------
Start Renaming Generated Nets
---------------------------------------------------------------------------------
---------------------------------------------------------------------------------
Finished Renaming Generated Nets : Time (s): cpu = 00:00:21 ; elapsed = 00:00:29 . Memory (MB): peak = 2867.180 ; gain = 440.000 ; free physical = 658 ; free virtual = 3427
---------------------------------------------------------------------------------
---------------------------------------------------------------------------------
Start Writing Synthesis Report
---------------------------------------------------------------------------------

Report BlackBoxes: 
+-+--------------+----------+
| |BlackBox name |Instances |
+-+--------------+----------+
+-+--------------+----------+

Report Cell Usage: 
+------+------+------+
|      |Cell  |Count |
+------+------+------+
|1     |LUT1  |     1|
|2     |LUT2  |    14|
|3     |LUT3  |    63|
|4     |LUT4  |     6|
|5     |LUT5  |    24|
|6     |LUT6  |    86|
|7     |MUXF7 |     5|
|8     |MUXF8 |     2|
|9     |FDRE  |   365|
+------+------+------+
---------------------------------------------------------------------------------
Finished Writing Synthesis Report : Time (s): cpu = 00:00:21 ; elapsed = 00:00:29 . Memory (MB): peak = 2867.180 ; gain = 440.000 ; free physical = 658 ; free virtual = 3427
---------------------------------------------------------------------------------
Synthesis finished with 0 errors, 0 critical warnings and 37 warnings.
Synthesis Optimization Runtime : Time (s): cpu = 00:00:21 ; elapsed = 00:00:28 . Memory (MB): peak = 2867.180 ; gain = 271.250 ; free physical = 681 ; free virtual = 3450
Synthesis Optimization Complete : Time (s): cpu = 00:00:21 ; elapsed = 00:00:29 . Memory (MB): peak = 2867.188 ; gain = 440.000 ; free physical = 681 ; free virtual = 3450
INFO: [Project 1-571] Translating synthesized netlist
Netlist sorting complete. Time (s): cpu = 00:00:00.01 ; elapsed = 00:00:00.01 . Memory (MB): peak = 2874.117 ; gain = 0.000 ; free physical = 768 ; free virtual = 3537
INFO: [Netlist 29-17] Analyzing 7 Unisim elements for replacement
INFO: [Netlist 29-28] Unisim Transformation completed in 0 CPU seconds
INFO: [Project 1-570] Preparing netlist for logic optimization
INFO: [Opt 31-138] Pushed 0 inverter(s) to 0 load pin(s).
Netlist sorting complete. Time (s): cpu = 00:00:00 ; elapsed = 00:00:00 . Memory (MB): peak = 2922.977 ; gain = 0.000 ; free physical = 728 ; free virtual = 3497
INFO: [Project 1-111] Unisim Transformation Summary:
No Unisim elements were transformed.

INFO: [Common 17-83] Releasing license: Synthesis
18 Infos, 37 Warnings, 0 Critical Warnings and 0 Errors encountered.
synth_design completed successfully
synth_design: Time (s): cpu = 00:00:30 ; elapsed = 00:00:35 . Memory (MB): peak = 2922.977 ; gain = 501.848 ; free physical = 865 ; free virtual = 3634
INFO: [Common 17-1381] The checkpoint '/home/jaguiar/sandbox/Fatori-V/iob_soc_V1.0/hardware/fpga/ip/sem_ip_gen_temp/sem_ip_gen_temp.runs/sem_ultra_0_vio_si1_so41_synth_1/sem_ultra_0_vio_si1_so41.dcp' has been generated.
WARNING: [Common 17-576] 'use_project_ipc' is deprecated. This option is deprecated and no longer used.
INFO: [Coretcl 2-1648] Added synthesis output to IP cache for IP sem_ultra_0_vio_si1_so41, cache-ID = a7817b2bfcaa75f6
INFO: [Coretcl 2-1174] Renamed 46 cell refs.
INFO: [Common 17-1381] The checkpoint '/home/jaguiar/sandbox/Fatori-V/iob_soc_V1.0/hardware/fpga/ip/sem_ip_gen_temp/sem_ip_gen_temp.runs/sem_ultra_0_vio_si1_so41_synth_1/sem_ultra_0_vio_si1_so41.dcp' has been generated.
INFO: [runtcl-4] Executing : report_utilization -file sem_ultra_0_vio_si1_so41_utilization_synth.rpt -pb sem_ultra_0_vio_si1_so41_utilization_synth.pb
INFO: [Common 17-206] Exiting Vivado at Thu Jan 15 17:21:49 2026...
[Thu Jan 15 17:22:00 2026] sem_ultra_0_vio_si1_so41_synth_1 finished
wait_on_run: Time (s): cpu = 00:00:44 ; elapsed = 00:00:59 . Memory (MB): peak = 2443.555 ; gain = 0.000 ; free physical = 2206 ; free virtual = 4972
>>> Creating VIO core: sem_ultra_0_vio_si1_so5...
INFO: [IP_Flow 19-1686] Generating 'Instantiation Template' target for IP 'sem_ultra_0_vio_si1_so5'...
INFO: [IP_Flow 19-1686] Generating 'Synthesis' target for IP 'sem_ultra_0_vio_si1_so5'...
INFO: [IP_Flow 19-1686] Generating 'Simulation' target for IP 'sem_ultra_0_vio_si1_so5'...
INFO: [IP_Flow 19-1686] Generating 'Change Log' target for IP 'sem_ultra_0_vio_si1_so5'...
[Thu Jan 15 17:22:00 2026] Launched sem_ultra_0_vio_si1_so5_synth_1...
Run output will be captured here: /home/jaguiar/sandbox/Fatori-V/iob_soc_V1.0/hardware/fpga/ip/sem_ip_gen_temp/sem_ip_gen_temp.runs/sem_ultra_0_vio_si1_so5_synth_1/runme.log
[Thu Jan 15 17:22:00 2026] Waiting for sem_ultra_0_vio_si1_so5_synth_1 to finish...

*** Running vivado
    with args -log sem_ultra_0_vio_si1_so5.vds -m64 -product Vivado -mode batch -messageDb vivado.pb -notrace -source sem_ultra_0_vio_si1_so5.tcl


****** Vivado v2020.2 (64-bit)
  **** SW Build 3064766 on Wed Nov 18 09:12:47 MST 2020
  **** IP Build 3064653 on Wed Nov 18 14:17:31 MST 2020
    ** Copyright 1986-2020 Xilinx, Inc. All Rights Reserved.

source sem_ultra_0_vio_si1_so5.tcl -notrace
Command: synth_design -top sem_ultra_0_vio_si1_so5 -part xcku040-fbva676-1-c -mode out_of_context
Starting synth_design
Attempting to get a license for feature 'Synthesis' and/or device 'xcku040'
INFO: [Common 17-349] Got license for feature 'Synthesis' and/or device 'xcku040'
INFO: [Common 17-1540] The version limit for your license is '2021.01' and has expired for new software. A version limit expiration means that, although you may be able to continue to use the current version of tools or IP with this license, you will not be eligible for any updates or new releases.
INFO: [Device 21-403] Loading part xcku040-fbva676-1-c
INFO: [Synth 8-7079] Multithreading enabled for synth_design using a maximum of 4 processes.
INFO: [Synth 8-7078] Launching helper process for spawning children vivado processes
INFO: [Synth 8-7075] Helper process launched with PID 2260199
---------------------------------------------------------------------------------
Starting RTL Elaboration : Time (s): cpu = 00:00:03 ; elapsed = 00:00:04 . Memory (MB): peak = 2580.863 ; gain = 153.688 ; free physical = 143 ; free virtual = 2912
---------------------------------------------------------------------------------
INFO: [Synth 8-6157] synthesizing module 'sem_ultra_0_vio_si1_so5' [/home/jaguiar/sandbox/Fatori-V/iob_soc_V1.0/hardware/fpga/ip/sem_ultra_0_vio_si1_so5/synth/sem_ultra_0_vio_si1_so5.v:59]
INFO: [Synth 8-6155] done synthesizing module 'sem_ultra_0_vio_si1_so5' (8#1) [/home/jaguiar/sandbox/Fatori-V/iob_soc_V1.0/hardware/fpga/ip/sem_ultra_0_vio_si1_so5/synth/sem_ultra_0_vio_si1_so5.v:59]
---------------------------------------------------------------------------------
Finished RTL Elaboration : Time (s): cpu = 00:00:04 ; elapsed = 00:00:05 . Memory (MB): peak = 2628.770 ; gain = 201.594 ; free physical = 963 ; free virtual = 3705
---------------------------------------------------------------------------------
---------------------------------------------------------------------------------
Start Handling Custom Attributes
---------------------------------------------------------------------------------
---------------------------------------------------------------------------------
Finished Handling Custom Attributes : Time (s): cpu = 00:00:04 ; elapsed = 00:00:06 . Memory (MB): peak = 2647.582 ; gain = 220.406 ; free physical = 960 ; free virtual = 3702
---------------------------------------------------------------------------------
---------------------------------------------------------------------------------
Finished RTL Optimization Phase 1 : Time (s): cpu = 00:00:04 ; elapsed = 00:00:06 . Memory (MB): peak = 2647.582 ; gain = 220.406 ; free physical = 960 ; free virtual = 3702
---------------------------------------------------------------------------------
Netlist sorting complete. Time (s): cpu = 00:00:00 ; elapsed = 00:00:00.01 . Memory (MB): peak = 2647.582 ; gain = 0.000 ; free physical = 950 ; free virtual = 3692
INFO: [Project 1-570] Preparing netlist for logic optimization

Processing XDC Constraints
Initializing timing engine
Parsing XDC File [/home/jaguiar/sandbox/Fatori-V/iob_soc_V1.0/hardware/fpga/ip/sem_ultra_0_vio_si1_so5/sem_ultra_0_vio_si1_so5_ooc.xdc]
Finished Parsing XDC File [/home/jaguiar/sandbox/Fatori-V/iob_soc_V1.0/hardware/fpga/ip/sem_ultra_0_vio_si1_so5/sem_ultra_0_vio_si1_so5_ooc.xdc]
Parsing XDC File [/home/jaguiar/sandbox/Fatori-V/iob_soc_V1.0/hardware/fpga/ip/sem_ultra_0_vio_si1_so5/sem_ultra_0_vio_si1_so5.xdc]
Finished Parsing XDC File [/home/jaguiar/sandbox/Fatori-V/iob_soc_V1.0/hardware/fpga/ip/sem_ultra_0_vio_si1_so5/sem_ultra_0_vio_si1_so5.xdc]
Completed Processing XDC Constraints

Netlist sorting complete. Time (s): cpu = 00:00:00 ; elapsed = 00:00:00 . Memory (MB): peak = 2811.332 ; gain = 0.000 ; free physical = 898 ; free virtual = 3640
INFO: [Project 1-111] Unisim Transformation Summary:
No Unisim elements were transformed.

Constraint Validation Runtime : Time (s): cpu = 00:00:00.01 ; elapsed = 00:00:00.02 . Memory (MB): peak = 2811.332 ; gain = 0.000 ; free physical = 897 ; free virtual = 3639
---------------------------------------------------------------------------------
Finished Constraint Validation : Time (s): cpu = 00:00:08 ; elapsed = 00:00:09 . Memory (MB): peak = 2811.332 ; gain = 384.156 ; free physical = 927 ; free virtual = 3669
---------------------------------------------------------------------------------
---------------------------------------------------------------------------------
Start Loading Part and Timing Information
---------------------------------------------------------------------------------
Loading part: xcku040-fbva676-1-c
INFO: [Synth 8-6742] Reading net delay rules and data
---------------------------------------------------------------------------------
Finished Loading Part and Timing Information : Time (s): cpu = 00:00:08 ; elapsed = 00:00:09 . Memory (MB): peak = 2811.332 ; gain = 384.156 ; free physical = 927 ; free virtual = 3669
---------------------------------------------------------------------------------
---------------------------------------------------------------------------------
Start Applying 'set_property' XDC Constraints
---------------------------------------------------------------------------------
---------------------------------------------------------------------------------
Finished applying 'set_property' XDC Constraints : Time (s): cpu = 00:00:08 ; elapsed = 00:00:09 . Memory (MB): peak = 2811.332 ; gain = 384.156 ; free physical = 927 ; free virtual = 3669
---------------------------------------------------------------------------------
---------------------------------------------------------------------------------
Finished RTL Optimization Phase 2 : Time (s): cpu = 00:00:08 ; elapsed = 00:00:10 . Memory (MB): peak = 2811.332 ; gain = 384.156 ; free physical = 918 ; free virtual = 3661
---------------------------------------------------------------------------------
---------------------------------------------------------------------------------
Start RTL Component Statistics 
---------------------------------------------------------------------------------
Detailed RTL Component Info : 
+---Registers : 
	              128 Bit    Registers := 1     
	               16 Bit    Registers := 12    
	                7 Bit    Registers := 1     
	                5 Bit    Registers := 1     
	                3 Bit    Registers := 4     
	                1 Bit    Registers := 29    
+---Muxes : 
	   2 Input   16 Bit        Muxes := 2     
	   2 Input    1 Bit        Muxes := 12    
---------------------------------------------------------------------------------
Finished RTL Component Statistics 
---------------------------------------------------------------------------------
---------------------------------------------------------------------------------
Start Part Resource Summary
---------------------------------------------------------------------------------
Part Resources:
DSPs: 1920 (col length:120)
BRAMs: 1200 (col length: RAMB18 120 RAMB36 60)
---------------------------------------------------------------------------------
Finished Part Resource Summary
---------------------------------------------------------------------------------
---------------------------------------------------------------------------------
Start Cross Boundary and Area Optimization
---------------------------------------------------------------------------------
---------------------------------------------------------------------------------
Finished Cross Boundary and Area Optimization : Time (s): cpu = 00:00:09 ; elapsed = 00:00:11 . Memory (MB): peak = 2811.332 ; gain = 384.156 ; free physical = 902 ; free virtual = 3648
---------------------------------------------------------------------------------
---------------------------------------------------------------------------------
Start Applying XDC Timing Constraints
---------------------------------------------------------------------------------
---------------------------------------------------------------------------------
Finished Applying XDC Timing Constraints : Time (s): cpu = 00:00:17 ; elapsed = 00:00:24 . Memory (MB): peak = 2836.066 ; gain = 408.891 ; free physical = 662 ; free virtual = 3409
---------------------------------------------------------------------------------
---------------------------------------------------------------------------------
Start Timing Optimization
---------------------------------------------------------------------------------
---------------------------------------------------------------------------------
Finished Timing Optimization : Time (s): cpu = 00:00:17 ; elapsed = 00:00:24 . Memory (MB): peak = 2836.066 ; gain = 408.891 ; free physical = 662 ; free virtual = 3408
---------------------------------------------------------------------------------
---------------------------------------------------------------------------------
Start Technology Mapping
---------------------------------------------------------------------------------
---------------------------------------------------------------------------------
Finished Technology Mapping : Time (s): cpu = 00:00:17 ; elapsed = 00:00:24 . Memory (MB): peak = 2865.121 ; gain = 437.945 ; free physical = 660 ; free virtual = 3407
---------------------------------------------------------------------------------
---------------------------------------------------------------------------------
Start IO Insertion
---------------------------------------------------------------------------------
---------------------------------------------------------------------------------
Start Flattening Before IO Insertion
---------------------------------------------------------------------------------
---------------------------------------------------------------------------------
Finished Flattening Before IO Insertion
---------------------------------------------------------------------------------
---------------------------------------------------------------------------------
Start Final Netlist Cleanup
---------------------------------------------------------------------------------
---------------------------------------------------------------------------------
Finished Final Netlist Cleanup
---------------------------------------------------------------------------------
WARNING: [Synth 8-3295] tying undriven pin inst:sl_iport0[36] to constant 0
WARNING: [Synth 8-3295] tying undriven pin inst:sl_iport0[35] to constant 0
WARNING: [Synth 8-3295] tying undriven pin inst:sl_iport0[34] to constant 0
WARNING: [Synth 8-3295] tying undriven pin inst:sl_iport0[33] to constant 0
WARNING: [Synth 8-3295] tying undriven pin inst:sl_iport0[32] to constant 0
WARNING: [Synth 8-3295] tying undriven pin inst:sl_iport0[31] to constant 0
WARNING: [Synth 8-3295] tying undriven pin inst:sl_iport0[30] to constant 0
WARNING: [Synth 8-3295] tying undriven pin inst:sl_iport0[29] to constant 0
WARNING: [Synth 8-3295] tying undriven pin inst:sl_iport0[28] to constant 0
WARNING: [Synth 8-3295] tying undriven pin inst:sl_iport0[27] to constant 0
WARNING: [Synth 8-3295] tying undriven pin inst:sl_iport0[26] to constant 0
WARNING: [Synth 8-3295] tying undriven pin inst:sl_iport0[25] to constant 0
WARNING: [Synth 8-3295] tying undriven pin inst:sl_iport0[24] to constant 0
WARNING: [Synth 8-3295] tying undriven pin inst:sl_iport0[23] to constant 0
WARNING: [Synth 8-3295] tying undriven pin inst:sl_iport0[22] to constant 0
WARNING: [Synth 8-3295] tying undriven pin inst:sl_iport0[21] to constant 0
WARNING: [Synth 8-3295] tying undriven pin inst:sl_iport0[20] to constant 0
WARNING: [Synth 8-3295] tying undriven pin inst:sl_iport0[19] to constant 0
WARNING: [Synth 8-3295] tying undriven pin inst:sl_iport0[18] to constant 0
WARNING: [Synth 8-3295] tying undriven pin inst:sl_iport0[17] to constant 0
WARNING: [Synth 8-3295] tying undriven pin inst:sl_iport0[16] to constant 0
WARNING: [Synth 8-3295] tying undriven pin inst:sl_iport0[15] to constant 0
WARNING: [Synth 8-3295] tying undriven pin inst:sl_iport0[14] to constant 0
WARNING: [Synth 8-3295] tying undriven pin inst:sl_iport0[13] to constant 0
WARNING: [Synth 8-3295] tying undriven pin inst:sl_iport0[12] to constant 0
WARNING: [Synth 8-3295] tying undriven pin inst:sl_iport0[11] to constant 0
WARNING: [Synth 8-3295] tying undriven pin inst:sl_iport0[10] to constant 0
WARNING: [Synth 8-3295] tying undriven pin inst:sl_iport0[9] to constant 0
WARNING: [Synth 8-3295] tying undriven pin inst:sl_iport0[8] to constant 0
WARNING: [Synth 8-3295] tying undriven pin inst:sl_iport0[7] to constant 0
WARNING: [Synth 8-3295] tying undriven pin inst:sl_iport0[6] to constant 0
WARNING: [Synth 8-3295] tying undriven pin inst:sl_iport0[5] to constant 0
WARNING: [Synth 8-3295] tying undriven pin inst:sl_iport0[4] to constant 0
WARNING: [Synth 8-3295] tying undriven pin inst:sl_iport0[3] to constant 0
WARNING: [Synth 8-3295] tying undriven pin inst:sl_iport0[2] to constant 0
WARNING: [Synth 8-3295] tying undriven pin inst:sl_iport0[1] to constant 0
WARNING: [Synth 8-3295] tying undriven pin inst:sl_iport0[0] to constant 0
---------------------------------------------------------------------------------
Finished IO Insertion : Time (s): cpu = 00:00:19 ; elapsed = 00:00:26 . Memory (MB): peak = 2865.121 ; gain = 437.945 ; free physical = 658 ; free virtual = 3406
---------------------------------------------------------------------------------
---------------------------------------------------------------------------------
Start Renaming Generated Instances
---------------------------------------------------------------------------------
---------------------------------------------------------------------------------
Finished Renaming Generated Instances : Time (s): cpu = 00:00:19 ; elapsed = 00:00:26 . Memory (MB): peak = 2865.121 ; gain = 437.945 ; free physical = 658 ; free virtual = 3406
---------------------------------------------------------------------------------
---------------------------------------------------------------------------------
Start Rebuilding User Hierarchy
---------------------------------------------------------------------------------
---------------------------------------------------------------------------------
Finished Rebuilding User Hierarchy : Time (s): cpu = 00:00:19 ; elapsed = 00:00:26 . Memory (MB): peak = 2865.121 ; gain = 437.945 ; free physical = 658 ; free virtual = 3406
---------------------------------------------------------------------------------
---------------------------------------------------------------------------------
Start Renaming Generated Ports
---------------------------------------------------------------------------------
---------------------------------------------------------------------------------
Finished Renaming Generated Ports : Time (s): cpu = 00:00:19 ; elapsed = 00:00:26 . Memory (MB): peak = 2865.121 ; gain = 437.945 ; free physical = 658 ; free virtual = 3406
---------------------------------------------------------------------------------
---------------------------------------------------------------------------------
Start Handling Custom Attributes
---------------------------------------------------------------------------------
---------------------------------------------------------------------------------
Finished Handling Custom Attributes : Time (s): cpu = 00:00:19 ; elapsed = 00:00:26 . Memory (MB): peak = 2865.121 ; gain = 437.945 ; free physical = 658 ; free virtual = 3406
---------------------------------------------------------------------------------
---------------------------------------------------------------------------------
Start Renaming Generated Nets
---------------------------------------------------------------------------------
---------------------------------------------------------------------------------
Finished Renaming Generated Nets : Time (s): cpu = 00:00:19 ; elapsed = 00:00:26 . Memory (MB): peak = 2865.121 ; gain = 437.945 ; free physical = 658 ; free virtual = 3406
---------------------------------------------------------------------------------
---------------------------------------------------------------------------------
Start Writing Synthesis Report
---------------------------------------------------------------------------------

Report BlackBoxes: 
+-+--------------+----------+
| |BlackBox name |Instances |
+-+--------------+----------+
+-+--------------+----------+

Report Cell Usage: 
+------+-----+------+
|      |Cell |Count |
+------+-----+------+
|1     |LUT1 |     1|
|2     |LUT2 |     4|
|3     |LUT3 |    32|
|4     |LUT4 |     8|
|5     |LUT5 |    27|
|6     |LUT6 |    62|
|7     |FDRE |   254|
+------+-----+------+
---------------------------------------------------------------------------------
Finished Writing Synthesis Report : Time (s): cpu = 00:00:19 ; elapsed = 00:00:26 . Memory (MB): peak = 2865.121 ; gain = 437.945 ; free physical = 658 ; free virtual = 3406
---------------------------------------------------------------------------------
Synthesis finished with 0 errors, 0 critical warnings and 37 warnings.
Synthesis Optimization Runtime : Time (s): cpu = 00:00:18 ; elapsed = 00:00:25 . Memory (MB): peak = 2865.121 ; gain = 274.195 ; free physical = 682 ; free virtual = 3430
Synthesis Optimization Complete : Time (s): cpu = 00:00:19 ; elapsed = 00:00:26 . Memory (MB): peak = 2865.129 ; gain = 437.945 ; free physical = 682 ; free virtual = 3430
INFO: [Project 1-571] Translating synthesized netlist
Netlist sorting complete. Time (s): cpu = 00:00:00 ; elapsed = 00:00:00 . Memory (MB): peak = 2872.059 ; gain = 0.000 ; free physical = 770 ; free virtual = 3517
INFO: [Project 1-570] Preparing netlist for logic optimization
INFO: [Opt 31-138] Pushed 0 inverter(s) to 0 load pin(s).
Netlist sorting complete. Time (s): cpu = 00:00:00 ; elapsed = 00:00:00 . Memory (MB): peak = 2923.887 ; gain = 0.000 ; free physical = 728 ; free virtual = 3476
INFO: [Project 1-111] Unisim Transformation Summary:
No Unisim elements were transformed.

INFO: [Common 17-83] Releasing license: Synthesis
16 Infos, 37 Warnings, 0 Critical Warnings and 0 Errors encountered.
synth_design completed successfully
synth_design: Time (s): cpu = 00:00:28 ; elapsed = 00:00:32 . Memory (MB): peak = 2923.887 ; gain = 502.762 ; free physical = 869 ; free virtual = 3616
INFO: [Common 17-1381] The checkpoint '/home/jaguiar/sandbox/Fatori-V/iob_soc_V1.0/hardware/fpga/ip/sem_ip_gen_temp/sem_ip_gen_temp.runs/sem_ultra_0_vio_si1_so5_synth_1/sem_ultra_0_vio_si1_so5.dcp' has been generated.
WARNING: [Common 17-576] 'use_project_ipc' is deprecated. This option is deprecated and no longer used.
INFO: [Coretcl 2-1648] Added synthesis output to IP cache for IP sem_ultra_0_vio_si1_so5, cache-ID = f8d421fc180e8721
INFO: [Coretcl 2-1174] Renamed 10 cell refs.
INFO: [Common 17-1381] The checkpoint '/home/jaguiar/sandbox/Fatori-V/iob_soc_V1.0/hardware/fpga/ip/sem_ip_gen_temp/sem_ip_gen_temp.runs/sem_ultra_0_vio_si1_so5_synth_1/sem_ultra_0_vio_si1_so5.dcp' has been generated.
INFO: [runtcl-4] Executing : report_utilization -file sem_ultra_0_vio_si1_so5_utilization_synth.rpt -pb sem_ultra_0_vio_si1_so5_utilization_synth.pb
INFO: [Common 17-206] Exiting Vivado at Thu Jan 15 17:22:45 2026...
[Thu Jan 15 17:22:56 2026] sem_ultra_0_vio_si1_so5_synth_1 finished
wait_on_run: Time (s): cpu = 00:00:41 ; elapsed = 00:00:56 . Memory (MB): peak = 2443.555 ; gain = 0.000 ; free physical = 2234 ; free virtual = 4981
>>> SEM IP generation complete!
>>> Reading generated IP...
INFO: [IP_Flow 19-234] Refreshing IP repositories
INFO: [IP_Flow 19-1704] No user IP repositories specified
INFO: [IP_Flow 19-2313] Loaded Vivado IP repository '/opt/Xilinx/Vivado/2020.2/data/ip'.
>>> Reading example design files...
    Reading: sem_ultra_0_uart_piso.v
    Reading: sem_ultra_0_cfg.v
    Reading: simulation.v
    Reading: sem_ultra_0_uart_sipo.v
    Reading: sem_ultra_0_uart_fifo.v
    Reading: sem_ultra_0_example_design.v
    Reading: sem_ultra_0_support.v
    Reading: sem_ultra_0_support_wrapper.v
    Reading: sem_ultra_0_uart.v
### puts "=========================================="
==========================================
### puts ">>> SEM ULTRA IP SETUP COMPLETE"
>>> SEM ULTRA IP SETUP COMPLETE
### puts "=========================================="
==========================================
>>> pre_synthesis.tcl complete!
==========================================

# foreach file [split $VSRC \ ] {
#     puts $file
#     if { [ file extension $file ] == ".edif" } {
#         read_edif $file
#     } elseif {$file != "" && $file != " " && $file != "\n"} {
#         read_verilog -sv $file
#     }
# }
../src/ibex_pkg.sv
../src/prim_cipher_pkg.sv
../src/prim_count_pkg.sv
../src/prim_mubi_pkg.sv
../src/prim_pkg.sv
../src/prim_ram_1p_pkg.sv
../src/prim_secded_pkg.sv
../src/prim_util_pkg.sv
../src/fatori_fault_mgr.sv
../src/fatori_mon_voter.sv
../src/fatori_mon_wrap_alu.sv
../src/fatori_mon_wrap_controller.sv
../src/fatori_mon_wrap_decoder.sv
../src/fatori_mon_wrap_if_stage.sv
../src/fatori_mon_wrap_lsu.sv
../src/fatori_reg_mon_fi.sv
../src/fatori_reg_mon.sv
../src/fi_coms.sv
../src/ibex_alu.sv
../src/ibex_branch_predict.sv
../src/ibex_compressed_decoder.sv
../src/ibex_controller.sv
../src/ibex_core.sv
../src/ibex_counter.sv
../src/ibex_cs_registers.sv
../src/ibex_csr.sv
../src/ibex_decoder.sv
../src/ibex_dummy_instr.sv
../src/ibex_ex_block.sv
../src/ibex_fetch_fifo.sv
../src/ibex_icache.sv
../src/ibex_id_stage.sv
../src/ibex_if_stage.sv
../src/ibex_load_store_unit.sv
../src/ibex_lockstep.sv
../src/ibex_multdiv_fast.sv
../src/ibex_multdiv_slow.sv
../src/ibex_pmp.sv
../src/ibex_prefetch_buffer.sv
../src/ibex_register_file_ff.sv
../src/ibex_register_file_fpga.sv
../src/ibex_register_file_latch.sv
../src/ibex_top.sv
../src/ibex_wb_stage.sv
../src/iob_ibex2axi.sv
../src/iob_ibex.sv
../src/prim_and2.sv
../src/prim_assert.sv
../src/prim_badbit_ram_1p.sv
../src/prim_buf.sv
../src/prim_clock_gating.sv
../src/prim_clock_mux2.sv
../src/prim_count.sv
../src/prim_flop_macros.sv
../src/prim_flop.sv
../src/prim_generic_and2.sv
../src/prim_generic_buf.sv
../src/prim_generic_clock_gating.sv
../src/prim_generic_clock_mux2.sv
../src/prim_generic_flop.sv
../src/prim_generic_ram_1p.sv
../src/prim_lfsr.sv
../src/prim_onehot_check.sv
../src/prim_onehot_enc.sv
../src/prim_onehot_mux.sv
../src/prim_present.sv
../src/prim_prince.sv
../src/prim_ram_1p_adv.sv
../src/prim_ram_1p_scr.sv
../src/prim_ram_1p.sv
../src/prim_secded_22_16_dec.sv
../src/prim_secded_22_16_enc.sv
../src/prim_secded_28_22_dec.sv
../src/prim_secded_28_22_enc.sv
../src/prim_secded_39_32_dec.sv
../src/prim_secded_39_32_enc.sv
../src/prim_secded_64_57_dec.sv
../src/prim_secded_64_57_enc.sv
../src/prim_secded_72_64_dec.sv
../src/prim_secded_72_64_enc.sv
../src/prim_secded_hamming_22_16_dec.sv
../src/prim_secded_hamming_22_16_enc.sv
../src/prim_secded_hamming_39_32_dec.sv
../src/prim_secded_hamming_39_32_enc.sv
../src/prim_secded_hamming_72_64_dec.sv
../src/prim_secded_hamming_72_64_enc.sv
../src/prim_secded_hamming_76_68_dec.sv
../src/prim_secded_hamming_76_68_enc.sv
../src/prim_secded_inv_22_16_dec.sv
../src/prim_secded_inv_22_16_enc.sv
../src/prim_secded_inv_28_22_dec.sv
../src/prim_secded_inv_28_22_enc.sv
../src/prim_secded_inv_39_32_dec.sv
../src/prim_secded_inv_39_32_enc.sv
../src/prim_secded_inv_64_57_dec.sv
../src/prim_secded_inv_64_57_enc.sv
../src/prim_secded_inv_72_64_dec.sv
../src/prim_secded_inv_72_64_enc.sv
../src/prim_secded_inv_hamming_22_16_dec.sv
../src/prim_secded_inv_hamming_22_16_enc.sv
../src/prim_secded_inv_hamming_39_32_dec.sv
../src/prim_secded_inv_hamming_39_32_enc.sv
../src/prim_secded_inv_hamming_72_64_dec.sv
../src/prim_secded_inv_hamming_72_64_enc.sv
../src/prim_secded_inv_hamming_76_68_dec.sv
../src/prim_secded_inv_hamming_76_68_enc.sv
../src/prim_subst_perm.sv
../src/prim_xilinx_and2.sv
../src/prim_xilinx_buf.sv
../src/prim_xilinx_clock_gating.sv
../src/prim_xilinx_clock_mux2.sv
../src/prim_xilinx_flop.sv
../src/iob_axi2iob.v
../src/iob_axi_ram.v
../src/iob_bootrom_csrs.v
../src/iob_bootrom.v
../src/iob_counter.v
../src/iob_ctls.v
../src/iob_demux.v
../src/iob_mux.v
../src/iob_prio_enc.v
../src/iob_ram_t2p_be.v
../src/iob_ram_t2p.v
../src/iob_reg_e.v
../src/iob_reg_re.v
../src/iob_reg_r.v
../src/iob_reg.v
../src/iob_reverse.v
../src/iob_rom_sp.v
../src/iob_soc_axi_full_xbar_merge.v
../src/iob_soc_axi_full_xbar_split.v
../src/iob_soc_axi_full_xbar.v
../src/iob_soc_mwrap.v
../src/iob_soc_pbus_split.v
../src/iob_soc.v
../src/iob_timer_core.v
../src/iob_timer_csrs.v
../src/iob_timer.v
../src/iob_uart_core.v
../src/iob_uart_csrs.v
../src/iob_uart.v


vivado/iob_aes_ku040_db_g/iob_soc_iob_aes_ku040_db_g.v
# foreach file [split $VSRC \ ] {
#     puts $file
#     if { [ file extension $file ] == ".edif" } {
#         read_edif $file
#     } elseif {$file != "" && $file != " " && $file != "\n"} {
#         read_verilog -sv $file
#     }
# }
../src/ibex_pkg.sv
WARNING: [filemgmt 56-12] File '/home/jaguiar/sandbox/Fatori-V/iob_soc_V1.0/hardware/src/ibex_pkg.sv' cannot be added to the project because it already exists in the project, skipping this file
../src/prim_cipher_pkg.sv
WARNING: [filemgmt 56-12] File '/home/jaguiar/sandbox/Fatori-V/iob_soc_V1.0/hardware/src/prim_cipher_pkg.sv' cannot be added to the project because it already exists in the project, skipping this file
../src/prim_count_pkg.sv
WARNING: [filemgmt 56-12] File '/home/jaguiar/sandbox/Fatori-V/iob_soc_V1.0/hardware/src/prim_count_pkg.sv' cannot be added to the project because it already exists in the project, skipping this file
../src/prim_mubi_pkg.sv
WARNING: [filemgmt 56-12] File '/home/jaguiar/sandbox/Fatori-V/iob_soc_V1.0/hardware/src/prim_mubi_pkg.sv' cannot be added to the project because it already exists in the project, skipping this file
../src/prim_pkg.sv
WARNING: [filemgmt 56-12] File '/home/jaguiar/sandbox/Fatori-V/iob_soc_V1.0/hardware/src/prim_pkg.sv' cannot be added to the project because it already exists in the project, skipping this file
../src/prim_ram_1p_pkg.sv
WARNING: [filemgmt 56-12] File '/home/jaguiar/sandbox/Fatori-V/iob_soc_V1.0/hardware/src/prim_ram_1p_pkg.sv' cannot be added to the project because it already exists in the project, skipping this file
../src/prim_secded_pkg.sv
WARNING: [filemgmt 56-12] File '/home/jaguiar/sandbox/Fatori-V/iob_soc_V1.0/hardware/src/prim_secded_pkg.sv' cannot be added to the project because it already exists in the project, skipping this file
../src/prim_util_pkg.sv
WARNING: [filemgmt 56-12] File '/home/jaguiar/sandbox/Fatori-V/iob_soc_V1.0/hardware/src/prim_util_pkg.sv' cannot be added to the project because it already exists in the project, skipping this file
../src/fatori_fault_mgr.sv
WARNING: [filemgmt 56-12] File '/home/jaguiar/sandbox/Fatori-V/iob_soc_V1.0/hardware/src/fatori_fault_mgr.sv' cannot be added to the project because it already exists in the project, skipping this file
../src/fatori_mon_voter.sv
WARNING: [filemgmt 56-12] File '/home/jaguiar/sandbox/Fatori-V/iob_soc_V1.0/hardware/src/fatori_mon_voter.sv' cannot be added to the project because it already exists in the project, skipping this file
../src/fatori_mon_wrap_alu.sv
WARNING: [filemgmt 56-12] File '/home/jaguiar/sandbox/Fatori-V/iob_soc_V1.0/hardware/src/fatori_mon_wrap_alu.sv' cannot be added to the project because it already exists in the project, skipping this file
../src/fatori_mon_wrap_controller.sv
WARNING: [filemgmt 56-12] File '/home/jaguiar/sandbox/Fatori-V/iob_soc_V1.0/hardware/src/fatori_mon_wrap_controller.sv' cannot be added to the project because it already exists in the project, skipping this file
../src/fatori_mon_wrap_decoder.sv
WARNING: [filemgmt 56-12] File '/home/jaguiar/sandbox/Fatori-V/iob_soc_V1.0/hardware/src/fatori_mon_wrap_decoder.sv' cannot be added to the project because it already exists in the project, skipping this file
../src/fatori_mon_wrap_if_stage.sv
WARNING: [filemgmt 56-12] File '/home/jaguiar/sandbox/Fatori-V/iob_soc_V1.0/hardware/src/fatori_mon_wrap_if_stage.sv' cannot be added to the project because it already exists in the project, skipping this file
../src/fatori_mon_wrap_lsu.sv
WARNING: [filemgmt 56-12] File '/home/jaguiar/sandbox/Fatori-V/iob_soc_V1.0/hardware/src/fatori_mon_wrap_lsu.sv' cannot be added to the project because it already exists in the project, skipping this file
../src/fatori_reg_mon_fi.sv
WARNING: [filemgmt 56-12] File '/home/jaguiar/sandbox/Fatori-V/iob_soc_V1.0/hardware/src/fatori_reg_mon_fi.sv' cannot be added to the project because it already exists in the project, skipping this file
../src/fatori_reg_mon.sv
WARNING: [filemgmt 56-12] File '/home/jaguiar/sandbox/Fatori-V/iob_soc_V1.0/hardware/src/fatori_reg_mon.sv' cannot be added to the project because it already exists in the project, skipping this file
../src/fi_coms.sv
WARNING: [filemgmt 56-12] File '/home/jaguiar/sandbox/Fatori-V/iob_soc_V1.0/hardware/src/fi_coms.sv' cannot be added to the project because it already exists in the project, skipping this file
../src/ibex_alu.sv
WARNING: [filemgmt 56-12] File '/home/jaguiar/sandbox/Fatori-V/iob_soc_V1.0/hardware/src/ibex_alu.sv' cannot be added to the project because it already exists in the project, skipping this file
../src/ibex_branch_predict.sv
WARNING: [filemgmt 56-12] File '/home/jaguiar/sandbox/Fatori-V/iob_soc_V1.0/hardware/src/ibex_branch_predict.sv' cannot be added to the project because it already exists in the project, skipping this file
../src/ibex_compressed_decoder.sv
WARNING: [filemgmt 56-12] File '/home/jaguiar/sandbox/Fatori-V/iob_soc_V1.0/hardware/src/ibex_compressed_decoder.sv' cannot be added to the project because it already exists in the project, skipping this file
../src/ibex_controller.sv
WARNING: [filemgmt 56-12] File '/home/jaguiar/sandbox/Fatori-V/iob_soc_V1.0/hardware/src/ibex_controller.sv' cannot be added to the project because it already exists in the project, skipping this file
../src/ibex_core.sv
WARNING: [filemgmt 56-12] File '/home/jaguiar/sandbox/Fatori-V/iob_soc_V1.0/hardware/src/ibex_core.sv' cannot be added to the project because it already exists in the project, skipping this file
../src/ibex_counter.sv
WARNING: [filemgmt 56-12] File '/home/jaguiar/sandbox/Fatori-V/iob_soc_V1.0/hardware/src/ibex_counter.sv' cannot be added to the project because it already exists in the project, skipping this file
../src/ibex_cs_registers.sv
WARNING: [filemgmt 56-12] File '/home/jaguiar/sandbox/Fatori-V/iob_soc_V1.0/hardware/src/ibex_cs_registers.sv' cannot be added to the project because it already exists in the project, skipping this file
../src/ibex_csr.sv
WARNING: [filemgmt 56-12] File '/home/jaguiar/sandbox/Fatori-V/iob_soc_V1.0/hardware/src/ibex_csr.sv' cannot be added to the project because it already exists in the project, skipping this file
../src/ibex_decoder.sv
WARNING: [filemgmt 56-12] File '/home/jaguiar/sandbox/Fatori-V/iob_soc_V1.0/hardware/src/ibex_decoder.sv' cannot be added to the project because it already exists in the project, skipping this file
../src/ibex_dummy_instr.sv
WARNING: [filemgmt 56-12] File '/home/jaguiar/sandbox/Fatori-V/iob_soc_V1.0/hardware/src/ibex_dummy_instr.sv' cannot be added to the project because it already exists in the project, skipping this file
../src/ibex_ex_block.sv
WARNING: [filemgmt 56-12] File '/home/jaguiar/sandbox/Fatori-V/iob_soc_V1.0/hardware/src/ibex_ex_block.sv' cannot be added to the project because it already exists in the project, skipping this file
../src/ibex_fetch_fifo.sv
WARNING: [filemgmt 56-12] File '/home/jaguiar/sandbox/Fatori-V/iob_soc_V1.0/hardware/src/ibex_fetch_fifo.sv' cannot be added to the project because it already exists in the project, skipping this file
../src/ibex_icache.sv
WARNING: [filemgmt 56-12] File '/home/jaguiar/sandbox/Fatori-V/iob_soc_V1.0/hardware/src/ibex_icache.sv' cannot be added to the project because it already exists in the project, skipping this file
../src/ibex_id_stage.sv
WARNING: [filemgmt 56-12] File '/home/jaguiar/sandbox/Fatori-V/iob_soc_V1.0/hardware/src/ibex_id_stage.sv' cannot be added to the project because it already exists in the project, skipping this file
../src/ibex_if_stage.sv
WARNING: [filemgmt 56-12] File '/home/jaguiar/sandbox/Fatori-V/iob_soc_V1.0/hardware/src/ibex_if_stage.sv' cannot be added to the project because it already exists in the project, skipping this file
../src/ibex_load_store_unit.sv
WARNING: [filemgmt 56-12] File '/home/jaguiar/sandbox/Fatori-V/iob_soc_V1.0/hardware/src/ibex_load_store_unit.sv' cannot be added to the project because it already exists in the project, skipping this file
../src/ibex_lockstep.sv
WARNING: [filemgmt 56-12] File '/home/jaguiar/sandbox/Fatori-V/iob_soc_V1.0/hardware/src/ibex_lockstep.sv' cannot be added to the project because it already exists in the project, skipping this file
../src/ibex_multdiv_fast.sv
WARNING: [filemgmt 56-12] File '/home/jaguiar/sandbox/Fatori-V/iob_soc_V1.0/hardware/src/ibex_multdiv_fast.sv' cannot be added to the project because it already exists in the project, skipping this file
../src/ibex_multdiv_slow.sv
WARNING: [filemgmt 56-12] File '/home/jaguiar/sandbox/Fatori-V/iob_soc_V1.0/hardware/src/ibex_multdiv_slow.sv' cannot be added to the project because it already exists in the project, skipping this file
../src/ibex_pmp.sv
WARNING: [filemgmt 56-12] File '/home/jaguiar/sandbox/Fatori-V/iob_soc_V1.0/hardware/src/ibex_pmp.sv' cannot be added to the project because it already exists in the project, skipping this file
../src/ibex_prefetch_buffer.sv
WARNING: [filemgmt 56-12] File '/home/jaguiar/sandbox/Fatori-V/iob_soc_V1.0/hardware/src/ibex_prefetch_buffer.sv' cannot be added to the project because it already exists in the project, skipping this file
../src/ibex_register_file_ff.sv
WARNING: [filemgmt 56-12] File '/home/jaguiar/sandbox/Fatori-V/iob_soc_V1.0/hardware/src/ibex_register_file_ff.sv' cannot be added to the project because it already exists in the project, skipping this file
../src/ibex_register_file_fpga.sv
WARNING: [filemgmt 56-12] File '/home/jaguiar/sandbox/Fatori-V/iob_soc_V1.0/hardware/src/ibex_register_file_fpga.sv' cannot be added to the project because it already exists in the project, skipping this file
../src/ibex_register_file_latch.sv
WARNING: [filemgmt 56-12] File '/home/jaguiar/sandbox/Fatori-V/iob_soc_V1.0/hardware/src/ibex_register_file_latch.sv' cannot be added to the project because it already exists in the project, skipping this file
../src/ibex_top.sv
WARNING: [filemgmt 56-12] File '/home/jaguiar/sandbox/Fatori-V/iob_soc_V1.0/hardware/src/ibex_top.sv' cannot be added to the project because it already exists in the project, skipping this file
../src/ibex_wb_stage.sv
WARNING: [filemgmt 56-12] File '/home/jaguiar/sandbox/Fatori-V/iob_soc_V1.0/hardware/src/ibex_wb_stage.sv' cannot be added to the project because it already exists in the project, skipping this file
../src/iob_ibex2axi.sv
WARNING: [filemgmt 56-12] File '/home/jaguiar/sandbox/Fatori-V/iob_soc_V1.0/hardware/src/iob_ibex2axi.sv' cannot be added to the project because it already exists in the project, skipping this file
../src/iob_ibex.sv
WARNING: [filemgmt 56-12] File '/home/jaguiar/sandbox/Fatori-V/iob_soc_V1.0/hardware/src/iob_ibex.sv' cannot be added to the project because it already exists in the project, skipping this file
../src/prim_and2.sv
WARNING: [filemgmt 56-12] File '/home/jaguiar/sandbox/Fatori-V/iob_soc_V1.0/hardware/src/prim_and2.sv' cannot be added to the project because it already exists in the project, skipping this file
../src/prim_assert.sv
WARNING: [filemgmt 56-12] File '/home/jaguiar/sandbox/Fatori-V/iob_soc_V1.0/hardware/src/prim_assert.sv' cannot be added to the project because it already exists in the project, skipping this file
../src/prim_badbit_ram_1p.sv
WARNING: [filemgmt 56-12] File '/home/jaguiar/sandbox/Fatori-V/iob_soc_V1.0/hardware/src/prim_badbit_ram_1p.sv' cannot be added to the project because it already exists in the project, skipping this file
../src/prim_buf.sv
WARNING: [filemgmt 56-12] File '/home/jaguiar/sandbox/Fatori-V/iob_soc_V1.0/hardware/src/prim_buf.sv' cannot be added to the project because it already exists in the project, skipping this file
../src/prim_clock_gating.sv
WARNING: [filemgmt 56-12] File '/home/jaguiar/sandbox/Fatori-V/iob_soc_V1.0/hardware/src/prim_clock_gating.sv' cannot be added to the project because it already exists in the project, skipping this file
../src/prim_clock_mux2.sv
WARNING: [filemgmt 56-12] File '/home/jaguiar/sandbox/Fatori-V/iob_soc_V1.0/hardware/src/prim_clock_mux2.sv' cannot be added to the project because it already exists in the project, skipping this file
../src/prim_count.sv
WARNING: [filemgmt 56-12] File '/home/jaguiar/sandbox/Fatori-V/iob_soc_V1.0/hardware/src/prim_count.sv' cannot be added to the project because it already exists in the project, skipping this file
../src/prim_flop_macros.sv
WARNING: [filemgmt 56-12] File '/home/jaguiar/sandbox/Fatori-V/iob_soc_V1.0/hardware/src/prim_flop_macros.sv' cannot be added to the project because it already exists in the project, skipping this file
../src/prim_flop.sv
WARNING: [filemgmt 56-12] File '/home/jaguiar/sandbox/Fatori-V/iob_soc_V1.0/hardware/src/prim_flop.sv' cannot be added to the project because it already exists in the project, skipping this file
../src/prim_generic_and2.sv
WARNING: [filemgmt 56-12] File '/home/jaguiar/sandbox/Fatori-V/iob_soc_V1.0/hardware/src/prim_generic_and2.sv' cannot be added to the project because it already exists in the project, skipping this file
../src/prim_generic_buf.sv
WARNING: [filemgmt 56-12] File '/home/jaguiar/sandbox/Fatori-V/iob_soc_V1.0/hardware/src/prim_generic_buf.sv' cannot be added to the project because it already exists in the project, skipping this file
../src/prim_generic_clock_gating.sv
WARNING: [filemgmt 56-12] File '/home/jaguiar/sandbox/Fatori-V/iob_soc_V1.0/hardware/src/prim_generic_clock_gating.sv' cannot be added to the project because it already exists in the project, skipping this file
../src/prim_generic_clock_mux2.sv
WARNING: [filemgmt 56-12] File '/home/jaguiar/sandbox/Fatori-V/iob_soc_V1.0/hardware/src/prim_generic_clock_mux2.sv' cannot be added to the project because it already exists in the project, skipping this file
../src/prim_generic_flop.sv
WARNING: [filemgmt 56-12] File '/home/jaguiar/sandbox/Fatori-V/iob_soc_V1.0/hardware/src/prim_generic_flop.sv' cannot be added to the project because it already exists in the project, skipping this file
../src/prim_generic_ram_1p.sv
WARNING: [filemgmt 56-12] File '/home/jaguiar/sandbox/Fatori-V/iob_soc_V1.0/hardware/src/prim_generic_ram_1p.sv' cannot be added to the project because it already exists in the project, skipping this file
../src/prim_lfsr.sv
WARNING: [filemgmt 56-12] File '/home/jaguiar/sandbox/Fatori-V/iob_soc_V1.0/hardware/src/prim_lfsr.sv' cannot be added to the project because it already exists in the project, skipping this file
../src/prim_onehot_check.sv
WARNING: [filemgmt 56-12] File '/home/jaguiar/sandbox/Fatori-V/iob_soc_V1.0/hardware/src/prim_onehot_check.sv' cannot be added to the project because it already exists in the project, skipping this file
../src/prim_onehot_enc.sv
WARNING: [filemgmt 56-12] File '/home/jaguiar/sandbox/Fatori-V/iob_soc_V1.0/hardware/src/prim_onehot_enc.sv' cannot be added to the project because it already exists in the project, skipping this file
../src/prim_onehot_mux.sv
WARNING: [filemgmt 56-12] File '/home/jaguiar/sandbox/Fatori-V/iob_soc_V1.0/hardware/src/prim_onehot_mux.sv' cannot be added to the project because it already exists in the project, skipping this file
../src/prim_present.sv
WARNING: [filemgmt 56-12] File '/home/jaguiar/sandbox/Fatori-V/iob_soc_V1.0/hardware/src/prim_present.sv' cannot be added to the project because it already exists in the project, skipping this file
../src/prim_prince.sv
WARNING: [filemgmt 56-12] File '/home/jaguiar/sandbox/Fatori-V/iob_soc_V1.0/hardware/src/prim_prince.sv' cannot be added to the project because it already exists in the project, skipping this file
../src/prim_ram_1p_adv.sv
WARNING: [filemgmt 56-12] File '/home/jaguiar/sandbox/Fatori-V/iob_soc_V1.0/hardware/src/prim_ram_1p_adv.sv' cannot be added to the project because it already exists in the project, skipping this file
../src/prim_ram_1p_scr.sv
WARNING: [filemgmt 56-12] File '/home/jaguiar/sandbox/Fatori-V/iob_soc_V1.0/hardware/src/prim_ram_1p_scr.sv' cannot be added to the project because it already exists in the project, skipping this file
../src/prim_ram_1p.sv
WARNING: [filemgmt 56-12] File '/home/jaguiar/sandbox/Fatori-V/iob_soc_V1.0/hardware/src/prim_ram_1p.sv' cannot be added to the project because it already exists in the project, skipping this file
../src/prim_secded_22_16_dec.sv
WARNING: [filemgmt 56-12] File '/home/jaguiar/sandbox/Fatori-V/iob_soc_V1.0/hardware/src/prim_secded_22_16_dec.sv' cannot be added to the project because it already exists in the project, skipping this file
../src/prim_secded_22_16_enc.sv
WARNING: [filemgmt 56-12] File '/home/jaguiar/sandbox/Fatori-V/iob_soc_V1.0/hardware/src/prim_secded_22_16_enc.sv' cannot be added to the project because it already exists in the project, skipping this file
../src/prim_secded_28_22_dec.sv
WARNING: [filemgmt 56-12] File '/home/jaguiar/sandbox/Fatori-V/iob_soc_V1.0/hardware/src/prim_secded_28_22_dec.sv' cannot be added to the project because it already exists in the project, skipping this file
../src/prim_secded_28_22_enc.sv
WARNING: [filemgmt 56-12] File '/home/jaguiar/sandbox/Fatori-V/iob_soc_V1.0/hardware/src/prim_secded_28_22_enc.sv' cannot be added to the project because it already exists in the project, skipping this file
../src/prim_secded_39_32_dec.sv
WARNING: [filemgmt 56-12] File '/home/jaguiar/sandbox/Fatori-V/iob_soc_V1.0/hardware/src/prim_secded_39_32_dec.sv' cannot be added to the project because it already exists in the project, skipping this file
../src/prim_secded_39_32_enc.sv
WARNING: [filemgmt 56-12] File '/home/jaguiar/sandbox/Fatori-V/iob_soc_V1.0/hardware/src/prim_secded_39_32_enc.sv' cannot be added to the project because it already exists in the project, skipping this file
../src/prim_secded_64_57_dec.sv
WARNING: [filemgmt 56-12] File '/home/jaguiar/sandbox/Fatori-V/iob_soc_V1.0/hardware/src/prim_secded_64_57_dec.sv' cannot be added to the project because it already exists in the project, skipping this file
../src/prim_secded_64_57_enc.sv
WARNING: [filemgmt 56-12] File '/home/jaguiar/sandbox/Fatori-V/iob_soc_V1.0/hardware/src/prim_secded_64_57_enc.sv' cannot be added to the project because it already exists in the project, skipping this file
../src/prim_secded_72_64_dec.sv
WARNING: [filemgmt 56-12] File '/home/jaguiar/sandbox/Fatori-V/iob_soc_V1.0/hardware/src/prim_secded_72_64_dec.sv' cannot be added to the project because it already exists in the project, skipping this file
../src/prim_secded_72_64_enc.sv
WARNING: [filemgmt 56-12] File '/home/jaguiar/sandbox/Fatori-V/iob_soc_V1.0/hardware/src/prim_secded_72_64_enc.sv' cannot be added to the project because it already exists in the project, skipping this file
../src/prim_secded_hamming_22_16_dec.sv
WARNING: [filemgmt 56-12] File '/home/jaguiar/sandbox/Fatori-V/iob_soc_V1.0/hardware/src/prim_secded_hamming_22_16_dec.sv' cannot be added to the project because it already exists in the project, skipping this file
../src/prim_secded_hamming_22_16_enc.sv
WARNING: [filemgmt 56-12] File '/home/jaguiar/sandbox/Fatori-V/iob_soc_V1.0/hardware/src/prim_secded_hamming_22_16_enc.sv' cannot be added to the project because it already exists in the project, skipping this file
../src/prim_secded_hamming_39_32_dec.sv
WARNING: [filemgmt 56-12] File '/home/jaguiar/sandbox/Fatori-V/iob_soc_V1.0/hardware/src/prim_secded_hamming_39_32_dec.sv' cannot be added to the project because it already exists in the project, skipping this file
../src/prim_secded_hamming_39_32_enc.sv
WARNING: [filemgmt 56-12] File '/home/jaguiar/sandbox/Fatori-V/iob_soc_V1.0/hardware/src/prim_secded_hamming_39_32_enc.sv' cannot be added to the project because it already exists in the project, skipping this file
../src/prim_secded_hamming_72_64_dec.sv
WARNING: [filemgmt 56-12] File '/home/jaguiar/sandbox/Fatori-V/iob_soc_V1.0/hardware/src/prim_secded_hamming_72_64_dec.sv' cannot be added to the project because it already exists in the project, skipping this file
../src/prim_secded_hamming_72_64_enc.sv
WARNING: [filemgmt 56-12] File '/home/jaguiar/sandbox/Fatori-V/iob_soc_V1.0/hardware/src/prim_secded_hamming_72_64_enc.sv' cannot be added to the project because it already exists in the project, skipping this file
../src/prim_secded_hamming_76_68_dec.sv
WARNING: [filemgmt 56-12] File '/home/jaguiar/sandbox/Fatori-V/iob_soc_V1.0/hardware/src/prim_secded_hamming_76_68_dec.sv' cannot be added to the project because it already exists in the project, skipping this file
../src/prim_secded_hamming_76_68_enc.sv
WARNING: [filemgmt 56-12] File '/home/jaguiar/sandbox/Fatori-V/iob_soc_V1.0/hardware/src/prim_secded_hamming_76_68_enc.sv' cannot be added to the project because it already exists in the project, skipping this file
../src/prim_secded_inv_22_16_dec.sv
WARNING: [filemgmt 56-12] File '/home/jaguiar/sandbox/Fatori-V/iob_soc_V1.0/hardware/src/prim_secded_inv_22_16_dec.sv' cannot be added to the project because it already exists in the project, skipping this file
../src/prim_secded_inv_22_16_enc.sv
WARNING: [filemgmt 56-12] File '/home/jaguiar/sandbox/Fatori-V/iob_soc_V1.0/hardware/src/prim_secded_inv_22_16_enc.sv' cannot be added to the project because it already exists in the project, skipping this file
../src/prim_secded_inv_28_22_dec.sv
WARNING: [filemgmt 56-12] File '/home/jaguiar/sandbox/Fatori-V/iob_soc_V1.0/hardware/src/prim_secded_inv_28_22_dec.sv' cannot be added to the project because it already exists in the project, skipping this file
../src/prim_secded_inv_28_22_enc.sv
WARNING: [filemgmt 56-12] File '/home/jaguiar/sandbox/Fatori-V/iob_soc_V1.0/hardware/src/prim_secded_inv_28_22_enc.sv' cannot be added to the project because it already exists in the project, skipping this file
../src/prim_secded_inv_39_32_dec.sv
WARNING: [filemgmt 56-12] File '/home/jaguiar/sandbox/Fatori-V/iob_soc_V1.0/hardware/src/prim_secded_inv_39_32_dec.sv' cannot be added to the project because it already exists in the project, skipping this file
../src/prim_secded_inv_39_32_enc.sv
WARNING: [filemgmt 56-12] File '/home/jaguiar/sandbox/Fatori-V/iob_soc_V1.0/hardware/src/prim_secded_inv_39_32_enc.sv' cannot be added to the project because it already exists in the project, skipping this file
../src/prim_secded_inv_64_57_dec.sv
WARNING: [filemgmt 56-12] File '/home/jaguiar/sandbox/Fatori-V/iob_soc_V1.0/hardware/src/prim_secded_inv_64_57_dec.sv' cannot be added to the project because it already exists in the project, skipping this file
../src/prim_secded_inv_64_57_enc.sv
WARNING: [filemgmt 56-12] File '/home/jaguiar/sandbox/Fatori-V/iob_soc_V1.0/hardware/src/prim_secded_inv_64_57_enc.sv' cannot be added to the project because it already exists in the project, skipping this file
../src/prim_secded_inv_72_64_dec.sv
WARNING: [filemgmt 56-12] File '/home/jaguiar/sandbox/Fatori-V/iob_soc_V1.0/hardware/src/prim_secded_inv_72_64_dec.sv' cannot be added to the project because it already exists in the project, skipping this file
../src/prim_secded_inv_72_64_enc.sv
WARNING: [filemgmt 56-12] File '/home/jaguiar/sandbox/Fatori-V/iob_soc_V1.0/hardware/src/prim_secded_inv_72_64_enc.sv' cannot be added to the project because it already exists in the project, skipping this file
../src/prim_secded_inv_hamming_22_16_dec.sv
WARNING: [filemgmt 56-12] File '/home/jaguiar/sandbox/Fatori-V/iob_soc_V1.0/hardware/src/prim_secded_inv_hamming_22_16_dec.sv' cannot be added to the project because it already exists in the project, skipping this file
../src/prim_secded_inv_hamming_22_16_enc.sv
WARNING: [filemgmt 56-12] File '/home/jaguiar/sandbox/Fatori-V/iob_soc_V1.0/hardware/src/prim_secded_inv_hamming_22_16_enc.sv' cannot be added to the project because it already exists in the project, skipping this file
INFO: [Common 17-14] Message 'filemgmt 56-12' appears 100 times and further instances of the messages will be disabled. Use the Tcl command set_msg_config to change the current settings.
../src/prim_secded_inv_hamming_39_32_dec.sv
../src/prim_secded_inv_hamming_39_32_enc.sv
../src/prim_secded_inv_hamming_72_64_dec.sv
../src/prim_secded_inv_hamming_72_64_enc.sv
../src/prim_secded_inv_hamming_76_68_dec.sv
../src/prim_secded_inv_hamming_76_68_enc.sv
../src/prim_subst_perm.sv
../src/prim_xilinx_and2.sv
../src/prim_xilinx_buf.sv
../src/prim_xilinx_clock_gating.sv
../src/prim_xilinx_clock_mux2.sv
../src/prim_xilinx_flop.sv
../src/iob_axi2iob.v
../src/iob_axi_ram.v
../src/iob_bootrom_csrs.v
../src/iob_bootrom.v
../src/iob_counter.v
../src/iob_ctls.v
../src/iob_demux.v
../src/iob_mux.v
../src/iob_prio_enc.v
../src/iob_ram_t2p_be.v
../src/iob_ram_t2p.v
../src/iob_reg_e.v
../src/iob_reg_re.v
../src/iob_reg_r.v
../src/iob_reg.v
../src/iob_reverse.v
../src/iob_rom_sp.v
../src/iob_soc_axi_full_xbar_merge.v
../src/iob_soc_axi_full_xbar_split.v
../src/iob_soc_axi_full_xbar.v
../src/iob_soc_mwrap.v
../src/iob_soc_pbus_split.v
../src/iob_soc.v
../src/iob_timer_core.v
../src/iob_timer_csrs.v
../src/iob_timer.v
../src/iob_uart_core.v
../src/iob_uart_csrs.v
../src/iob_uart.v


vivado/iob_aes_ku040_db_g/iob_soc_iob_aes_ku040_db_g.v
# source vivado/$BOARD/board.tcl
## set PART xcku040-fbva676-1-c
## set_property part $PART [current_project]
## if { $USE_EXTMEM > 0 } {
## 
##     proc generate_slave_config_lines {num_slaves} {
##         for {set i 0} {$i < $num_slaves} {incr i} {
##             set slave_number [format "%02d" $i]
##             set_property "CONFIG.S${slave_number}_AXI_IS_ACLK_ASYNC" 1 [get_ips axi_interconnect_0]
##             set_property "CONFIG.S${slave_number}_AXI_READ_FIFO_DEPTH" 32 [get_ips axi_interconnect_0]
##             set_property "CONFIG.S${slave_number}_AXI_WRITE_FIFO_DEPTH" 32 [get_ips axi_interconnect_0]
##         }
##     }
## 
##     read_verilog vivado/$BOARD/iob_xilinx_axi_interconnect.v
## 
##     if { ![file isdirectory "./ip"]} {
##         file mkdir ./ip
##     }
## 
##     #async interconnect MIG<->Cache
##     if { [file isdirectory "./ip/axi_interconnect_0"] } {
##         read_ip ./ip/axi_interconnect_0/axi_interconnect_0.xci
##         report_property [get_files ./ip/axi_interconnect_0/axi_interconnect_0.xci]
##     } else {
## 
##         create_ip -name axi_interconnect -vendor xilinx.com -library ip -version 1.7 -module_name axi_interconnect_0 -dir ./ip -force
## 
##         set_property CONFIG.NUM_SLAVE_PORTS 1 [get_ips axi_interconnect_0]
##         set_property CONFIG.AXI_ADDR_WIDTH 28 [get_ips axi_interconnect_0]
##         set_property CONFIG.ACLK_PERIOD 5000 [get_ips axi_interconnect_0]
##         set_property CONFIG.INTERCONNECT_DATA_WIDTH 32 [get_ips axi_interconnect_0]
##         set_property CONFIG.M00_AXI_IS_ACLK_ASYNC 1 [get_ips axi_interconnect_0]
##         set_property CONFIG.M00_AXI_WRITE_FIFO_DEPTH 32 [get_ips axi_interconnect_0]
##         set_property CONFIG.M00_AXI_READ_FIFO_DEPTH 32 [get_ips axi_interconnect_0]
## 
##         generate_slave_config_lines 1
## 
##         generate_target all [get_files ./ip/axi_interconnect_0/axi_interconnect_0.xci]
## 
##         report_property [get_ips axi_interconnect_0]
##         report_property [get_files ./ip/axi_interconnect_0/axi_interconnect_0.xci]
##         exec sed -i s/100/5/g ip/axi_interconnect_0/axi_interconnect_0_ooc.xdc
##         synth_ip [get_files ./ip/axi_interconnect_0/axi_interconnect_0.xci]
## 
##     }
## 
##     read_verilog vivado/$BOARD/iob_xilinx_ddr4_ctrl.v
## 
## 
##     if { [file isdirectory "./ip/ddr4_0"] } {
##         read_ip ./ip/ddr4_0/ddr4_0.xci
##         report_property [get_files ./ip/ddr4_0/ddr4_0.xci]
##     } else {
## 
##         create_ip -name ddr4 -vendor xilinx.com -library ip -version 2.2 -module_name ddr4_0 -dir ./ip -force
## 
##         set_property -dict \
##         [list \
##              CONFIG.C0.DDR4_TimePeriod {1250} \
##              CONFIG.C0.DDR4_InputClockPeriod {4000} \
##              CONFIG.C0.DDR4_CLKOUT0_DIVIDE {5} \
##              CONFIG.C0.DDR4_MemoryPart {EDY4016AABG-DR-F} \
##              CONFIG.C0.DDR4_DataWidth {32} \
##              CONFIG.C0.DDR4_AxiSelection {true} \
##              CONFIG.C0.DDR4_CasLatency {11} \
##              CONFIG.C0.DDR4_CasWriteLatency {11} \
##              CONFIG.C0.DDR4_AxiDataWidth {32} \
##              CONFIG.C0.DDR4_AxiAddressWidth {30} \
##              CONFIG.ADDN_UI_CLKOUT1_FREQ_HZ {100} \
##              CONFIG.C0.BANK_GROUP_WIDTH {1}] [get_ips ddr4_0]
## 
##         generate_target all [get_files ./ip/ddr4_0/ddr4_0.xci]
## 
##         report_property [get_ips ddr4_0]
##         report_property [get_files ./ip/ddr4_0/ddr4_0.xci]
## 
##         synth_ip [get_files ./ip/ddr4_0/ddr4_0.xci]
##     }
## 
##     read_xdc vivado/$BOARD/ddr.xdc
## 
## } else { # USE_EXTMEM == 0
##     read_verilog vivado/$BOARD/iob_xilinx_clock_wizard.v
##     read_verilog vivado/$BOARD/iob_clock_wizard.v
##     read_verilog vivado/$BOARD/iob_reset_sync.v
##     read_verilog vivado/$BOARD/iob_r.v
## }
## if { $USE_ETHERNET > 0 } {
##     read_verilog vivado/$BOARD/iob_xilinx_ibufg.v
##     read_verilog vivado/$BOARD/iob_xilinx_oddre1.v
## 
##     read_xdc vivado/$BOARD/eth.sdc
## }
## if {[file exists "vivado/$BOARD/auto_board.sdc"]} {
##     read_xdc vivado/$BOARD/auto_board.sdc
## }
# if {[file exists "vivado/premap.tcl"]} {
#     source "vivado/premap.tcl"
# }
# set SYNTH_FLAGS {}
# foreach dir $INCLUDE_DIRS {
#     lappend SYNTH_FLAGS "-include_dirs" "${dir}"
# }
# if { $IS_FPGA == "1" } {
#     puts "Synthesizing for FPGA"
#     read_xdc vivado/$BOARD/$SDC_PREFIX\_dev.sdc
#     if {[file exists "../src/$SDC_PREFIX.sdc"]} {
#         read_xdc ../src/$SDC_PREFIX.sdc
#     }
#     if {[file exists "../../src/$SDC_PREFIX\_$CSR_IF.sdc"]} {
#         read_xdc ../src/$SDC_PREFIX\_$CSR_IF.sdc
#     }
#     if {[file exists "vivado/$SDC_PREFIX\_tool.sdc"]} {
#         read_xdc vivado/$SDC_PREFIX\_tool.sdc
#     }
#     eval synth_design -include_dirs ../src -include_dirs ../common_src -include_dirs ./src -include_dirs ./vivado/$BOARD $SYNTH_FLAGS -part $PART -top $NAME -verbose
# } else {
#     #read design constraints
#     puts "Out of context synthesis"
#     read_xdc -mode out_of_context vivado/$BOARD/$SDC_PREFIX\_dev.sdc
#     read_xdc -mode out_of_context ../src/$SDC_PREFIX.sdc
#     if {[file exists "../src/$SDC_PREFIX\_$CSR_IF.sdc"]} {
#         read_xdc ../src/$SDC_PREFIX\_$CSR_IF.sdc
#     }
#     if {[file exists "./src/$SDC_PREFIX.sdc"]} {
#         read_xdc ./src/$SDC_PREFIX.sdc
#     }
#     if {[file exists "vivado/$SDC_PREFIX\_tool.sdc"]} {
#         read_xdc -mode out_of_context vivado/$SDC_PREFIX\_tool.sdc
#     }
#     eval synth_design -include_dirs ../src -include_dirs ../common_src -include_dirs ./src -include_dirs ./vivado/$BOARD $SYNTH_FLAGS -part $PART -top $NAME -mode out_of_context -flatten_hierarchy full -verbose
# }
Synthesizing for FPGA
Command: synth_design -include_dirs ../src -include_dirs ../common_src -include_dirs ./src -include_dirs ./vivado/iob_aes_ku040_db_g -part xcku040-fbva676-1-c -top iob_soc_iob_aes_ku040_db_g -verbose
Starting synth_design
Attempting to get a license for feature 'Synthesis' and/or device 'xcku040'
INFO: [Common 17-349] Got license for feature 'Synthesis' and/or device 'xcku040'
INFO: [Common 17-1540] The version limit for your license is '2021.01' and has expired for new software. A version limit expiration means that, although you may be able to continue to use the current version of tools or IP with this license, you will not be eligible for any updates or new releases.
INFO: [Device 21-403] Loading part xcku040-fbva676-1-c
INFO: [Synth 8-7079] Multithreading enabled for synth_design using a maximum of 4 processes.
INFO: [Synth 8-7078] Launching helper process for spawning children vivado processes
INFO: [Synth 8-7075] Helper process launched with PID 2260595
WARNING: [Synth 8-992] fatori_minor_cnt is already implicitly declared earlier [/home/jaguiar/sandbox/Fatori-V/iob_soc_V1.0/hardware/src/iob_ibex.sv:513]
WARNING: [Synth 8-992] fatori_major_cnt is already implicitly declared earlier [/home/jaguiar/sandbox/Fatori-V/iob_soc_V1.0/hardware/src/iob_ibex.sv:514]
WARNING: [Synth 8-992] fatori_corrected_cnt is already implicitly declared earlier [/home/jaguiar/sandbox/Fatori-V/iob_soc_V1.0/hardware/src/iob_ibex.sv:517]
WARNING: [Synth 8-992] fatori_cycles_to_first_min is already implicitly declared earlier [/home/jaguiar/sandbox/Fatori-V/iob_soc_V1.0/hardware/src/iob_ibex.sv:520]
WARNING: [Synth 8-992] fatori_cycles_to_first_maj is already implicitly declared earlier [/home/jaguiar/sandbox/Fatori-V/iob_soc_V1.0/hardware/src/iob_ibex.sv:521]
WARNING: [Synth 8-992] fatori_last_detection_latency is already implicitly declared earlier [/home/jaguiar/sandbox/Fatori-V/iob_soc_V1.0/hardware/src/iob_ibex.sv:522]
WARNING: [Synth 8-2507] parameter declaration becomes local in iob_ibex with formal parameter declaration list [/home/jaguiar/sandbox/Fatori-V/iob_soc_V1.0/hardware/src/iob_ibex.sv:379]
WARNING: [Synth 8-2507] parameter declaration becomes local in iob_ibex with formal parameter declaration list [/home/jaguiar/sandbox/Fatori-V/iob_soc_V1.0/hardware/src/iob_ibex.sv:380]
WARNING: [Synth 8-2507] parameter declaration becomes local in iob_ibex with formal parameter declaration list [/home/jaguiar/sandbox/Fatori-V/iob_soc_V1.0/hardware/src/iob_ibex.sv:381]
WARNING: [Synth 8-2507] parameter declaration becomes local in iob_ibex with formal parameter declaration list [/home/jaguiar/sandbox/Fatori-V/iob_soc_V1.0/hardware/src/iob_ibex.sv:382]
WARNING: [Synth 8-2507] parameter declaration becomes local in iob_ibex with formal parameter declaration list [/home/jaguiar/sandbox/Fatori-V/iob_soc_V1.0/hardware/src/iob_ibex.sv:383]
WARNING: [Synth 8-2507] parameter declaration becomes local in iob_ibex with formal parameter declaration list [/home/jaguiar/sandbox/Fatori-V/iob_soc_V1.0/hardware/src/iob_ibex.sv:384]
WARNING: [Synth 8-2507] parameter declaration becomes local in iob_ibex with formal parameter declaration list [/home/jaguiar/sandbox/Fatori-V/iob_soc_V1.0/hardware/src/iob_ibex.sv:385]
WARNING: [Synth 8-2507] parameter declaration becomes local in iob_ibex with formal parameter declaration list [/home/jaguiar/sandbox/Fatori-V/iob_soc_V1.0/hardware/src/iob_ibex.sv:386]
WARNING: [Synth 8-2507] parameter declaration becomes local in iob_ibex with formal parameter declaration list [/home/jaguiar/sandbox/Fatori-V/iob_soc_V1.0/hardware/src/iob_ibex.sv:387]
WARNING: [Synth 8-2507] parameter declaration becomes local in iob_ibex with formal parameter declaration list [/home/jaguiar/sandbox/Fatori-V/iob_soc_V1.0/hardware/src/iob_ibex.sv:388]
WARNING: [Synth 8-2507] parameter declaration becomes local in iob_ibex with formal parameter declaration list [/home/jaguiar/sandbox/Fatori-V/iob_soc_V1.0/hardware/src/iob_ibex.sv:389]
WARNING: [Synth 8-2507] parameter declaration becomes local in iob_ibex with formal parameter declaration list [/home/jaguiar/sandbox/Fatori-V/iob_soc_V1.0/hardware/src/iob_ibex.sv:390]
WARNING: [Synth 8-2507] parameter declaration becomes local in iob_ibex with formal parameter declaration list [/home/jaguiar/sandbox/Fatori-V/iob_soc_V1.0/hardware/src/iob_ibex.sv:391]
WARNING: [Synth 8-2507] parameter declaration becomes local in iob_ibex with formal parameter declaration list [/home/jaguiar/sandbox/Fatori-V/iob_soc_V1.0/hardware/src/iob_ibex.sv:392]
WARNING: [Synth 8-2507] parameter declaration becomes local in iob_ibex with formal parameter declaration list [/home/jaguiar/sandbox/Fatori-V/iob_soc_V1.0/hardware/src/iob_ibex.sv:393]
WARNING: [Synth 8-2507] parameter declaration becomes local in iob_ibex with formal parameter declaration list [/home/jaguiar/sandbox/Fatori-V/iob_soc_V1.0/hardware/src/iob_ibex.sv:394]
WARNING: [Synth 8-2507] parameter declaration becomes local in iob_ibex with formal parameter declaration list [/home/jaguiar/sandbox/Fatori-V/iob_soc_V1.0/hardware/src/iob_ibex.sv:395]
WARNING: [Synth 8-2507] parameter declaration becomes local in iob_ibex with formal parameter declaration list [/home/jaguiar/sandbox/Fatori-V/iob_soc_V1.0/hardware/src/iob_ibex.sv:396]
---------------------------------------------------------------------------------
Starting RTL Elaboration : Time (s): cpu = 00:00:03 ; elapsed = 00:00:04 . Memory (MB): peak = 2689.148 ; gain = 213.688 ; free physical = 663 ; free virtual = 3423
---------------------------------------------------------------------------------
INFO: [Synth 8-6157] synthesizing module 'iob_soc_iob_aes_ku040_db_g' [/home/jaguiar/sandbox/Fatori-V/iob_soc_V1.0/hardware/fpga/vivado/iob_aes_ku040_db_g/iob_soc_iob_aes_ku040_db_g.v:4]
	Parameter AXI_ID_W bound to: 4 - type: integer 
	Parameter AXI_LEN_W bound to: 8 - type: integer 
	Parameter AXI_ADDR_W bound to: 30 - type: integer 
	Parameter AXI_DATA_W bound to: 32 - type: integer 
	Parameter BAUD bound to: 115200 - type: integer 
	Parameter FREQ bound to: 60000000 - type: integer 
	Parameter XILINX bound to: 1 - type: integer 
INFO: [Synth 8-6157] synthesizing module 'iob_soc_mwrap' [/home/jaguiar/sandbox/Fatori-V/iob_soc_V1.0/hardware/src/iob_soc_mwrap.v:4]
	Parameter AXI_ID_W bound to: 4 - type: integer 
	Parameter AXI_ADDR_W bound to: 30 - type: integer 
	Parameter AXI_DATA_W bound to: 32 - type: integer 
	Parameter AXI_LEN_W bound to: 8 - type: integer 
	Parameter BOOTROM_MEM_HEXFILE bound to: iob_soc_bootrom - type: string 
	Parameter EXT_MEM_HEXFILE bound to: iob_soc_firmware - type: string 
	Parameter MEM_NO_READ_ON_WRITE bound to: 0 - type: integer 
INFO: [Synth 8-6157] synthesizing module 'iob_soc' [/home/jaguiar/sandbox/Fatori-V/iob_soc_V1.0/hardware/src/iob_soc.v:4]
	Parameter AXI_ID_W bound to: 4 - type: integer 
	Parameter AXI_ADDR_W bound to: 30 - type: integer 
	Parameter AXI_DATA_W bound to: 32 - type: integer 
	Parameter AXI_LEN_W bound to: 8 - type: integer 
	Parameter BOOTROM_MEM_HEXFILE bound to: iob_soc_bootrom - type: string 
	Parameter EXT_MEM_HEXFILE bound to: iob_soc_firmware - type: string 
INFO: [Synth 8-6157] synthesizing module 'iob_ibex' [/home/jaguiar/sandbox/Fatori-V/iob_soc_V1.0/hardware/src/iob_ibex.sv:5]
	Parameter AXI_ID_W bound to: 1 - type: integer 
	Parameter AXI_ADDR_W bound to: 32 - type: integer 
	Parameter AXI_DATA_W bound to: 32 - type: integer 
	Parameter AXI_LEN_W bound to: 8 - type: integer 
	Parameter IBEX_ADDR_W bound to: 32 - type: integer 
	Parameter IBEX_DATA_W bound to: 32 - type: integer 
	Parameter IBEX_INTG_DATA_W bound to: 7 - type: integer 
	Parameter RV32E bound to: 1'b0 
	Parameter RV32M bound to: 2 - type: integer 
	Parameter RV32B bound to: 3 - type: integer 
	Parameter RegFile bound to: 1 - type: integer 
	Parameter BranchTargetALU bound to: 1'b1 
	Parameter WritebackStage bound to: 1'b0 
	Parameter ICache bound to: 1'b1 
	Parameter ICacheECC bound to: 1'b1 
	Parameter ICacheScramble bound to: 1'b0 
	Parameter BranchPredictor bound to: 1'b0 
	Parameter DbgTriggerEn bound to: 1'b0 
	Parameter SecureIbex bound to: 1'b1 
	Parameter PMPEnable bound to: 1'b0 
	Parameter PMPGranularity bound to: 32'b00000000000000000000000000000000 
	Parameter PMPNumRegions bound to: 32'b00000000000000000000000000010000 
	Parameter MHPMCounterNum bound to: 32'b00000000000000000000000000001010 
	Parameter MHPMCounterWidth bound to: 32'b00000000000000000000000000100000 
	Parameter SRAMInitFile bound to: (null) - type: string 
INFO: [Synth 8-6157] synthesizing module 'fatori_fault_mgr' [/home/jaguiar/sandbox/Fatori-V/iob_soc_V1.0/hardware/src/fatori_fault_mgr.sv:42]
	Parameter RESET_ON_MAJOR bound to: 1'b0 
	Parameter WAIT_CORE_SLEEP_BEFORE_RESET bound to: 1'b0 
	Parameter MUBI_ON_T bound to: 4'b0101 
	Parameter MUBI_OFF_T bound to: 4'b1010 
	Parameter MUBI_ON bound to: 4'b0101 
	Parameter MUBI_OFF bound to: 4'b1010 
	Parameter S_IDLE bound to: 2'b00 
	Parameter S_WAIT_SLEEP bound to: 2'b01 
	Parameter S_ASSERT_RST bound to: 2'b10 
	Parameter minor_cnt_o_ERR_W bound to: 32'sb00000000000000000000000000000001 
	Parameter minor_cnt_o_DW bound to: 32'sb00000000000000000000000000010000 
	Parameter major_cnt_o_ERR_W bound to: 32'sb00000000000000000000000000000001 
	Parameter major_cnt_o_DW bound to: 32'sb00000000000000000000000000010000 
	Parameter minor_seen_o_ERR_W bound to: 32'sb00000000000000000000000000000001 
	Parameter minor_seen_o_DW bound to: 32'sb00000000000000000000000000000001 
	Parameter fault_sticky_o_ERR_W bound to: 32'sb00000000000000000000000000000001 
	Parameter fault_sticky_o_DW bound to: 32'sb00000000000000000000000000000001 
	Parameter fetch_en_q_ERR_W bound to: 32'sb00000000000000000000000000000001 
	Parameter fetch_en_q_DW bound to: 32'sb00000000000000000000000000000100 
	Parameter state_q_ERR_W bound to: 32'sb00000000000000000000000000000001 
	Parameter state_q_DW bound to: 32'sb00000000000000000000000000000010 
	Parameter corrected_cnt_q_ERR_W bound to: 32'sb00000000000000000000000000000001 
	Parameter corrected_cnt_q_DW bound to: 32'sb00000000000000000000000000010000 
	Parameter cycle_counter_q_ERR_W bound to: 32'sb00000000000000000000000000000001 
	Parameter cycle_counter_q_DW bound to: 32'sb00000000000000000000000000100000 
	Parameter first_min_latched_q_ERR_W bound to: 32'sb00000000000000000000000000000001 
	Parameter first_min_latched_q_DW bound to: 32'sb00000000000000000000000000000001 
	Parameter cycles_to_first_min_q_ERR_W bound to: 32'sb00000000000000000000000000000001 
	Parameter cycles_to_first_min_q_DW bound to: 32'sb00000000000000000000000000100000 
	Parameter first_maj_latched_q_ERR_W bound to: 32'sb00000000000000000000000000000001 
	Parameter first_maj_latched_q_DW bound to: 32'sb00000000000000000000000000000001 
	Parameter cycles_to_first_maj_q_ERR_W bound to: 32'sb00000000000000000000000000000001 
	Parameter cycles_to_first_maj_q_DW bound to: 32'sb00000000000000000000000000100000 
	Parameter last_injection_cycle_q_ERR_W bound to: 32'sb00000000000000000000000000000001 
	Parameter last_injection_cycle_q_DW bound to: 32'sb00000000000000000000000000100000 
	Parameter last_detection_latency_q_ERR_W bound to: 32'sb00000000000000000000000000000001 
	Parameter last_detection_latency_q_DW bound to: 32'sb00000000000000000000000000010000 
INFO: [Synth 8-6157] synthesizing module 'fatori_reg_mon_fi' [/home/jaguiar/sandbox/Fatori-V/iob_soc_V1.0/hardware/src/fatori_reg_mon_fi.sv:22]
	Parameter DATA_W bound to: 32'b00000000000000000000000000010000 
	Parameter RST_VAL bound to: 16'b0000000000000000 
	Parameter N bound to: 32'b00000000000000000000000000000001 
	Parameter M bound to: 32'b00000000000000000000000000000000 
	Parameter HOLD_LAST_GOOD bound to: 1'b0 
	Parameter ID_W bound to: 32'b00000000000000000000000000001000 
	Parameter ID bound to: 8'b00000001 
	Parameter N_EFF bound to: 32'b00000000000000000000000000000001 
	Parameter M_DEF bound to: 32'b00000000000000000000000000000001 
	Parameter M_EFF bound to: 32'b00000000000000000000000000000001 
	Parameter MID_BIT bound to: 32'sb00000000000000000000000000001000 
	Parameter NLOG bound to: 32'sb00000000000000000000000000000001 
INFO: [Synth 8-6157] synthesizing module 'iob_reg_re' [/home/jaguiar/sandbox/Fatori-V/iob_soc_V1.0/hardware/src/iob_reg_re.v:4]
	Parameter DATA_W bound to: 16 - type: integer 
	Parameter RST_VAL bound to: 16'b0000000000000000 
INFO: [Synth 8-6157] synthesizing module 'iob_reg' [/home/jaguiar/sandbox/Fatori-V/iob_soc_V1.0/hardware/src/iob_reg.v:4]
	Parameter DATA_W bound to: 16 - type: integer 
	Parameter RST_VAL bound to: 16'b0000000000000000 
INFO: [Synth 8-6155] done synthesizing module 'iob_reg' (1#1) [/home/jaguiar/sandbox/Fatori-V/iob_soc_V1.0/hardware/src/iob_reg.v:4]
INFO: [Synth 8-6155] done synthesizing module 'iob_reg_re' (2#1) [/home/jaguiar/sandbox/Fatori-V/iob_soc_V1.0/hardware/src/iob_reg_re.v:4]
INFO: [Synth 8-6155] done synthesizing module 'fatori_reg_mon_fi' (3#1) [/home/jaguiar/sandbox/Fatori-V/iob_soc_V1.0/hardware/src/fatori_reg_mon_fi.sv:22]
INFO: [Synth 8-6157] synthesizing module 'fatori_reg_mon_fi__parameterized0' [/home/jaguiar/sandbox/Fatori-V/iob_soc_V1.0/hardware/src/fatori_reg_mon_fi.sv:22]
	Parameter DATA_W bound to: 32'b00000000000000000000000000010000 
	Parameter RST_VAL bound to: 16'b0000000000000000 
	Parameter N bound to: 32'b00000000000000000000000000000001 
	Parameter M bound to: 32'b00000000000000000000000000000000 
	Parameter HOLD_LAST_GOOD bound to: 1'b0 
	Parameter ID_W bound to: 32'b00000000000000000000000000001000 
	Parameter ID bound to: 8'b00000010 
	Parameter N_EFF bound to: 32'b00000000000000000000000000000001 
	Parameter M_DEF bound to: 32'b00000000000000000000000000000001 
	Parameter M_EFF bound to: 32'b00000000000000000000000000000001 
	Parameter MID_BIT bound to: 32'sb00000000000000000000000000001000 
	Parameter NLOG bound to: 32'sb00000000000000000000000000000001 
INFO: [Synth 8-6155] done synthesizing module 'fatori_reg_mon_fi__parameterized0' (3#1) [/home/jaguiar/sandbox/Fatori-V/iob_soc_V1.0/hardware/src/fatori_reg_mon_fi.sv:22]
INFO: [Synth 8-6157] synthesizing module 'fatori_reg_mon_fi__parameterized1' [/home/jaguiar/sandbox/Fatori-V/iob_soc_V1.0/hardware/src/fatori_reg_mon_fi.sv:22]
	Parameter DATA_W bound to: 32'b00000000000000000000000000000001 
	Parameter RST_VAL bound to: 1'b0 
	Parameter N bound to: 32'b00000000000000000000000000000001 
	Parameter M bound to: 32'b00000000000000000000000000000000 
	Parameter HOLD_LAST_GOOD bound to: 1'b0 
	Parameter ID_W bound to: 32'b00000000000000000000000000001000 
	Parameter ID bound to: 8'b00000011 
	Parameter N_EFF bound to: 32'b00000000000000000000000000000001 
	Parameter M_DEF bound to: 32'b00000000000000000000000000000001 
	Parameter M_EFF bound to: 32'b00000000000000000000000000000001 
	Parameter MID_BIT bound to: 32'sb00000000000000000000000000000000 
	Parameter NLOG bound to: 32'sb00000000000000000000000000000001 
INFO: [Synth 8-6157] synthesizing module 'iob_reg_re__parameterized0' [/home/jaguiar/sandbox/Fatori-V/iob_soc_V1.0/hardware/src/iob_reg_re.v:4]
	Parameter DATA_W bound to: 1 - type: integer 
	Parameter RST_VAL bound to: 1'b0 
INFO: [Synth 8-6157] synthesizing module 'iob_reg__parameterized0' [/home/jaguiar/sandbox/Fatori-V/iob_soc_V1.0/hardware/src/iob_reg.v:4]
	Parameter DATA_W bound to: 1 - type: integer 
	Parameter RST_VAL bound to: 1'b0 
INFO: [Synth 8-6155] done synthesizing module 'iob_reg__parameterized0' (3#1) [/home/jaguiar/sandbox/Fatori-V/iob_soc_V1.0/hardware/src/iob_reg.v:4]
INFO: [Synth 8-6155] done synthesizing module 'iob_reg_re__parameterized0' (3#1) [/home/jaguiar/sandbox/Fatori-V/iob_soc_V1.0/hardware/src/iob_reg_re.v:4]
INFO: [Synth 8-6155] done synthesizing module 'fatori_reg_mon_fi__parameterized1' (3#1) [/home/jaguiar/sandbox/Fatori-V/iob_soc_V1.0/hardware/src/fatori_reg_mon_fi.sv:22]
INFO: [Synth 8-6157] synthesizing module 'fatori_reg_mon_fi__parameterized2' [/home/jaguiar/sandbox/Fatori-V/iob_soc_V1.0/hardware/src/fatori_reg_mon_fi.sv:22]
	Parameter DATA_W bound to: 32'b00000000000000000000000000000001 
	Parameter RST_VAL bound to: 1'b0 
	Parameter N bound to: 32'b00000000000000000000000000000001 
	Parameter M bound to: 32'b00000000000000000000000000000000 
	Parameter HOLD_LAST_GOOD bound to: 1'b0 
	Parameter ID_W bound to: 32'b00000000000000000000000000001000 
	Parameter ID bound to: 8'b00000100 
	Parameter N_EFF bound to: 32'b00000000000000000000000000000001 
	Parameter M_DEF bound to: 32'b00000000000000000000000000000001 
	Parameter M_EFF bound to: 32'b00000000000000000000000000000001 
	Parameter MID_BIT bound to: 32'sb00000000000000000000000000000000 
	Parameter NLOG bound to: 32'sb00000000000000000000000000000001 
INFO: [Synth 8-6155] done synthesizing module 'fatori_reg_mon_fi__parameterized2' (3#1) [/home/jaguiar/sandbox/Fatori-V/iob_soc_V1.0/hardware/src/fatori_reg_mon_fi.sv:22]
INFO: [Synth 8-6157] synthesizing module 'fatori_reg_mon_fi__parameterized3' [/home/jaguiar/sandbox/Fatori-V/iob_soc_V1.0/hardware/src/fatori_reg_mon_fi.sv:22]
	Parameter DATA_W bound to: 32'b00000000000000000000000000000100 
	Parameter RST_VAL bound to: 4'b0101 
	Parameter N bound to: 32'b00000000000000000000000000000001 
	Parameter M bound to: 32'b00000000000000000000000000000000 
	Parameter HOLD_LAST_GOOD bound to: 1'b0 
	Parameter ID_W bound to: 32'b00000000000000000000000000001000 
	Parameter ID bound to: 8'b00000101 
	Parameter N_EFF bound to: 32'b00000000000000000000000000000001 
	Parameter M_DEF bound to: 32'b00000000000000000000000000000001 
	Parameter M_EFF bound to: 32'b00000000000000000000000000000001 
	Parameter MID_BIT bound to: 32'sb00000000000000000000000000000010 
	Parameter NLOG bound to: 32'sb00000000000000000000000000000001 
INFO: [Synth 8-6157] synthesizing module 'iob_reg_re__parameterized1' [/home/jaguiar/sandbox/Fatori-V/iob_soc_V1.0/hardware/src/iob_reg_re.v:4]
	Parameter DATA_W bound to: 4 - type: integer 
	Parameter RST_VAL bound to: 4'b0101 
INFO: [Synth 8-6157] synthesizing module 'iob_reg__parameterized1' [/home/jaguiar/sandbox/Fatori-V/iob_soc_V1.0/hardware/src/iob_reg.v:4]
	Parameter DATA_W bound to: 4 - type: integer 
	Parameter RST_VAL bound to: 4'b0101 
INFO: [Synth 8-6155] done synthesizing module 'iob_reg__parameterized1' (3#1) [/home/jaguiar/sandbox/Fatori-V/iob_soc_V1.0/hardware/src/iob_reg.v:4]
INFO: [Synth 8-6155] done synthesizing module 'iob_reg_re__parameterized1' (3#1) [/home/jaguiar/sandbox/Fatori-V/iob_soc_V1.0/hardware/src/iob_reg_re.v:4]
INFO: [Synth 8-6155] done synthesizing module 'fatori_reg_mon_fi__parameterized3' (3#1) [/home/jaguiar/sandbox/Fatori-V/iob_soc_V1.0/hardware/src/fatori_reg_mon_fi.sv:22]
INFO: [Synth 8-294] found qualifier unique on case statement: implementing as parallel_case [/home/jaguiar/sandbox/Fatori-V/iob_soc_V1.0/hardware/src/fatori_fault_mgr.sv:166]
INFO: [Synth 8-6157] synthesizing module 'fatori_reg_mon_fi__parameterized4' [/home/jaguiar/sandbox/Fatori-V/iob_soc_V1.0/hardware/src/fatori_reg_mon_fi.sv:22]
	Parameter DATA_W bound to: 32'b00000000000000000000000000000010 
	Parameter RST_VAL bound to: 2'b00 
	Parameter N bound to: 32'b00000000000000000000000000000001 
	Parameter M bound to: 32'b00000000000000000000000000000000 
	Parameter HOLD_LAST_GOOD bound to: 1'b0 
	Parameter ID_W bound to: 32'b00000000000000000000000000001000 
	Parameter ID bound to: 8'b00000110 
	Parameter N_EFF bound to: 32'b00000000000000000000000000000001 
	Parameter M_DEF bound to: 32'b00000000000000000000000000000001 
	Parameter M_EFF bound to: 32'b00000000000000000000000000000001 
	Parameter MID_BIT bound to: 32'sb00000000000000000000000000000001 
	Parameter NLOG bound to: 32'sb00000000000000000000000000000001 
INFO: [Synth 8-6157] synthesizing module 'iob_reg_re__parameterized2' [/home/jaguiar/sandbox/Fatori-V/iob_soc_V1.0/hardware/src/iob_reg_re.v:4]
	Parameter DATA_W bound to: 2 - type: integer 
	Parameter RST_VAL bound to: 2'b00 
INFO: [Synth 8-6157] synthesizing module 'iob_reg__parameterized2' [/home/jaguiar/sandbox/Fatori-V/iob_soc_V1.0/hardware/src/iob_reg.v:4]
	Parameter DATA_W bound to: 2 - type: integer 
	Parameter RST_VAL bound to: 2'b00 
INFO: [Synth 8-6155] done synthesizing module 'iob_reg__parameterized2' (3#1) [/home/jaguiar/sandbox/Fatori-V/iob_soc_V1.0/hardware/src/iob_reg.v:4]
INFO: [Synth 8-6155] done synthesizing module 'iob_reg_re__parameterized2' (3#1) [/home/jaguiar/sandbox/Fatori-V/iob_soc_V1.0/hardware/src/iob_reg_re.v:4]
INFO: [Synth 8-6155] done synthesizing module 'fatori_reg_mon_fi__parameterized4' (3#1) [/home/jaguiar/sandbox/Fatori-V/iob_soc_V1.0/hardware/src/fatori_reg_mon_fi.sv:22]
INFO: [Synth 8-6157] synthesizing module 'fatori_reg_mon_fi__parameterized5' [/home/jaguiar/sandbox/Fatori-V/iob_soc_V1.0/hardware/src/fatori_reg_mon_fi.sv:22]
	Parameter DATA_W bound to: 32'b00000000000000000000000000010000 
	Parameter RST_VAL bound to: 16'b0000000000000000 
	Parameter N bound to: 32'b00000000000000000000000000000001 
	Parameter M bound to: 32'b00000000000000000000000000000000 
	Parameter HOLD_LAST_GOOD bound to: 1'b0 
	Parameter ID_W bound to: 32'b00000000000000000000000000001000 
	Parameter ID bound to: 8'b10111011 
	Parameter N_EFF bound to: 32'b00000000000000000000000000000001 
	Parameter M_DEF bound to: 32'b00000000000000000000000000000001 
	Parameter M_EFF bound to: 32'b00000000000000000000000000000001 
	Parameter MID_BIT bound to: 32'sb00000000000000000000000000001000 
	Parameter NLOG bound to: 32'sb00000000000000000000000000000001 
INFO: [Synth 8-6155] done synthesizing module 'fatori_reg_mon_fi__parameterized5' (3#1) [/home/jaguiar/sandbox/Fatori-V/iob_soc_V1.0/hardware/src/fatori_reg_mon_fi.sv:22]
INFO: [Synth 8-6157] synthesizing module 'fatori_reg_mon_fi__parameterized6' [/home/jaguiar/sandbox/Fatori-V/iob_soc_V1.0/hardware/src/fatori_reg_mon_fi.sv:22]
	Parameter DATA_W bound to: 32'b00000000000000000000000000100000 
	Parameter RST_VAL bound to: 0 - type: integer 
	Parameter N bound to: 32'b00000000000000000000000000000001 
	Parameter M bound to: 32'b00000000000000000000000000000000 
	Parameter HOLD_LAST_GOOD bound to: 1'b0 
	Parameter ID_W bound to: 32'b00000000000000000000000000001000 
	Parameter ID bound to: 8'b10111100 
	Parameter N_EFF bound to: 32'b00000000000000000000000000000001 
	Parameter M_DEF bound to: 32'b00000000000000000000000000000001 
	Parameter M_EFF bound to: 32'b00000000000000000000000000000001 
	Parameter MID_BIT bound to: 32'sb00000000000000000000000000010000 
	Parameter NLOG bound to: 32'sb00000000000000000000000000000001 
INFO: [Synth 8-6157] synthesizing module 'iob_reg_re__parameterized3' [/home/jaguiar/sandbox/Fatori-V/iob_soc_V1.0/hardware/src/iob_reg_re.v:4]
	Parameter DATA_W bound to: 32 - type: integer 
	Parameter RST_VAL bound to: 0 - type: integer 
INFO: [Synth 8-6157] synthesizing module 'iob_reg__parameterized3' [/home/jaguiar/sandbox/Fatori-V/iob_soc_V1.0/hardware/src/iob_reg.v:4]
	Parameter DATA_W bound to: 32 - type: integer 
	Parameter RST_VAL bound to: 0 - type: integer 
INFO: [Synth 8-6155] done synthesizing module 'iob_reg__parameterized3' (3#1) [/home/jaguiar/sandbox/Fatori-V/iob_soc_V1.0/hardware/src/iob_reg.v:4]
INFO: [Synth 8-6155] done synthesizing module 'iob_reg_re__parameterized3' (3#1) [/home/jaguiar/sandbox/Fatori-V/iob_soc_V1.0/hardware/src/iob_reg_re.v:4]
INFO: [Synth 8-6155] done synthesizing module 'fatori_reg_mon_fi__parameterized6' (3#1) [/home/jaguiar/sandbox/Fatori-V/iob_soc_V1.0/hardware/src/fatori_reg_mon_fi.sv:22]
INFO: [Synth 8-6157] synthesizing module 'fatori_reg_mon_fi__parameterized7' [/home/jaguiar/sandbox/Fatori-V/iob_soc_V1.0/hardware/src/fatori_reg_mon_fi.sv:22]
	Parameter DATA_W bound to: 32'b00000000000000000000000000000001 
	Parameter RST_VAL bound to: 1'b0 
	Parameter N bound to: 32'b00000000000000000000000000000001 
	Parameter M bound to: 32'b00000000000000000000000000000000 
	Parameter HOLD_LAST_GOOD bound to: 1'b0 
	Parameter ID_W bound to: 32'b00000000000000000000000000001000 
	Parameter ID bound to: 8'b10111101 
	Parameter N_EFF bound to: 32'b00000000000000000000000000000001 
	Parameter M_DEF bound to: 32'b00000000000000000000000000000001 
	Parameter M_EFF bound to: 32'b00000000000000000000000000000001 
	Parameter MID_BIT bound to: 32'sb00000000000000000000000000000000 
	Parameter NLOG bound to: 32'sb00000000000000000000000000000001 
INFO: [Synth 8-6155] done synthesizing module 'fatori_reg_mon_fi__parameterized7' (3#1) [/home/jaguiar/sandbox/Fatori-V/iob_soc_V1.0/hardware/src/fatori_reg_mon_fi.sv:22]
INFO: [Synth 8-6157] synthesizing module 'fatori_reg_mon_fi__parameterized8' [/home/jaguiar/sandbox/Fatori-V/iob_soc_V1.0/hardware/src/fatori_reg_mon_fi.sv:22]
	Parameter DATA_W bound to: 32'b00000000000000000000000000100000 
	Parameter RST_VAL bound to: 0 - type: integer 
	Parameter N bound to: 32'b00000000000000000000000000000001 
	Parameter M bound to: 32'b00000000000000000000000000000000 
	Parameter HOLD_LAST_GOOD bound to: 1'b0 
	Parameter ID_W bound to: 32'b00000000000000000000000000001000 
	Parameter ID bound to: 8'b10111110 
	Parameter N_EFF bound to: 32'b00000000000000000000000000000001 
	Parameter M_DEF bound to: 32'b00000000000000000000000000000001 
	Parameter M_EFF bound to: 32'b00000000000000000000000000000001 
	Parameter MID_BIT bound to: 32'sb00000000000000000000000000010000 
	Parameter NLOG bound to: 32'sb00000000000000000000000000000001 
INFO: [Synth 8-6155] done synthesizing module 'fatori_reg_mon_fi__parameterized8' (3#1) [/home/jaguiar/sandbox/Fatori-V/iob_soc_V1.0/hardware/src/fatori_reg_mon_fi.sv:22]
INFO: [Synth 8-6157] synthesizing module 'fatori_reg_mon_fi__parameterized9' [/home/jaguiar/sandbox/Fatori-V/iob_soc_V1.0/hardware/src/fatori_reg_mon_fi.sv:22]
	Parameter DATA_W bound to: 32'b00000000000000000000000000000001 
	Parameter RST_VAL bound to: 1'b0 
	Parameter N bound to: 32'b00000000000000000000000000000001 
	Parameter M bound to: 32'b00000000000000000000000000000000 
	Parameter HOLD_LAST_GOOD bound to: 1'b0 
	Parameter ID_W bound to: 32'b00000000000000000000000000001000 
	Parameter ID bound to: 8'b10111111 
	Parameter N_EFF bound to: 32'b00000000000000000000000000000001 
	Parameter M_DEF bound to: 32'b00000000000000000000000000000001 
	Parameter M_EFF bound to: 32'b00000000000000000000000000000001 
	Parameter MID_BIT bound to: 32'sb00000000000000000000000000000000 
	Parameter NLOG bound to: 32'sb00000000000000000000000000000001 
INFO: [Synth 8-6155] done synthesizing module 'fatori_reg_mon_fi__parameterized9' (3#1) [/home/jaguiar/sandbox/Fatori-V/iob_soc_V1.0/hardware/src/fatori_reg_mon_fi.sv:22]
INFO: [Synth 8-6157] synthesizing module 'fatori_reg_mon_fi__parameterized10' [/home/jaguiar/sandbox/Fatori-V/iob_soc_V1.0/hardware/src/fatori_reg_mon_fi.sv:22]
	Parameter DATA_W bound to: 32'b00000000000000000000000000100000 
	Parameter RST_VAL bound to: 0 - type: integer 
	Parameter N bound to: 32'b00000000000000000000000000000001 
	Parameter M bound to: 32'b00000000000000000000000000000000 
	Parameter HOLD_LAST_GOOD bound to: 1'b0 
	Parameter ID_W bound to: 32'b00000000000000000000000000001000 
	Parameter ID bound to: 8'b11000000 
	Parameter N_EFF bound to: 32'b00000000000000000000000000000001 
	Parameter M_DEF bound to: 32'b00000000000000000000000000000001 
	Parameter M_EFF bound to: 32'b00000000000000000000000000000001 
	Parameter MID_BIT bound to: 32'sb00000000000000000000000000010000 
	Parameter NLOG bound to: 32'sb00000000000000000000000000000001 
INFO: [Synth 8-6155] done synthesizing module 'fatori_reg_mon_fi__parameterized10' (3#1) [/home/jaguiar/sandbox/Fatori-V/iob_soc_V1.0/hardware/src/fatori_reg_mon_fi.sv:22]
INFO: [Synth 8-6157] synthesizing module 'fatori_reg_mon_fi__parameterized11' [/home/jaguiar/sandbox/Fatori-V/iob_soc_V1.0/hardware/src/fatori_reg_mon_fi.sv:22]
	Parameter DATA_W bound to: 32'b00000000000000000000000000100000 
	Parameter RST_VAL bound to: 0 - type: integer 
	Parameter N bound to: 32'b00000000000000000000000000000001 
	Parameter M bound to: 32'b00000000000000000000000000000000 
	Parameter HOLD_LAST_GOOD bound to: 1'b0 
	Parameter ID_W bound to: 32'b00000000000000000000000000001000 
	Parameter ID bound to: 8'b11000001 
	Parameter N_EFF bound to: 32'b00000000000000000000000000000001 
	Parameter M_DEF bound to: 32'b00000000000000000000000000000001 
	Parameter M_EFF bound to: 32'b00000000000000000000000000000001 
	Parameter MID_BIT bound to: 32'sb00000000000000000000000000010000 
	Parameter NLOG bound to: 32'sb00000000000000000000000000000001 
INFO: [Synth 8-6155] done synthesizing module 'fatori_reg_mon_fi__parameterized11' (3#1) [/home/jaguiar/sandbox/Fatori-V/iob_soc_V1.0/hardware/src/fatori_reg_mon_fi.sv:22]
INFO: [Synth 8-6157] synthesizing module 'fatori_reg_mon_fi__parameterized12' [/home/jaguiar/sandbox/Fatori-V/iob_soc_V1.0/hardware/src/fatori_reg_mon_fi.sv:22]
	Parameter DATA_W bound to: 32'b00000000000000000000000000010000 
	Parameter RST_VAL bound to: 16'b0000000000000000 
	Parameter N bound to: 32'b00000000000000000000000000000001 
	Parameter M bound to: 32'b00000000000000000000000000000000 
	Parameter HOLD_LAST_GOOD bound to: 1'b0 
	Parameter ID_W bound to: 32'b00000000000000000000000000001000 
	Parameter ID bound to: 8'b11000010 
	Parameter N_EFF bound to: 32'b00000000000000000000000000000001 
	Parameter M_DEF bound to: 32'b00000000000000000000000000000001 
	Parameter M_EFF bound to: 32'b00000000000000000000000000000001 
	Parameter MID_BIT bound to: 32'sb00000000000000000000000000001000 
	Parameter NLOG bound to: 32'sb00000000000000000000000000000001 
INFO: [Synth 8-6155] done synthesizing module 'fatori_reg_mon_fi__parameterized12' (3#1) [/home/jaguiar/sandbox/Fatori-V/iob_soc_V1.0/hardware/src/fatori_reg_mon_fi.sv:22]
INFO: [Synth 8-6155] done synthesizing module 'fatori_fault_mgr' (4#1) [/home/jaguiar/sandbox/Fatori-V/iob_soc_V1.0/hardware/src/fatori_fault_mgr.sv:42]
INFO: [Synth 8-6157] synthesizing module 'iob_ibex2axi' [/home/jaguiar/sandbox/Fatori-V/iob_soc_V1.0/hardware/src/iob_ibex2axi.sv:1]
	Parameter AXI_ID_W bound to: 1 - type: integer 
	Parameter AXI_ADDR_W bound to: 32 - type: integer 
	Parameter AXI_DATA_W bound to: 32 - type: integer 
	Parameter AXI_LEN_W bound to: 8 - type: integer 
	Parameter IBEX_ADDR_W bound to: 32 - type: integer 
	Parameter IBEX_DATA_W bound to: 32 - type: integer 
	Parameter IBEX_INTG_DATA_W bound to: 7 - type: integer 
INFO: [Synth 8-6155] done synthesizing module 'iob_ibex2axi' (5#1) [/home/jaguiar/sandbox/Fatori-V/iob_soc_V1.0/hardware/src/iob_ibex2axi.sv:1]
INFO: [Synth 8-6157] synthesizing module 'fi_coms' [/home/jaguiar/sandbox/Fatori-V/iob_soc_V1.0/hardware/src/fi_coms.sv:11]
	Parameter CLOCK_FREQ_HZ bound to: 60000000 - type: integer 
	Parameter BAUD_RATE bound to: 115200 - type: integer 
	Parameter DEBUG bound to: 0 - type: integer 
	Parameter ACK bound to: 0 - type: integer 
	Parameter CYCLES_PER_BIT bound to: 520 - type: integer 
	Parameter HALF_BIT_CYCLES bound to: 260 - type: integer 
	Parameter RX_IDLE bound to: 2'b00 
	Parameter RX_START bound to: 2'b01 
	Parameter RX_DATA bound to: 2'b10 
	Parameter RX_STOP bound to: 2'b11 
	Parameter CMD_IDLE bound to: 2'b00 
	Parameter CMD_R_WAIT_ID bound to: 2'b01 
	Parameter CMD_N_WAIT_ID bound to: 2'b10 
	Parameter INJ_IDLE bound to: 3'b000 
	Parameter INJ_PULSE bound to: 3'b001 
	Parameter INJ_CLEAR bound to: 3'b010 
	Parameter INJ_ACK bound to: 3'b011 
	Parameter INJ_WAIT bound to: 3'b100 
	Parameter SEM_IDLE bound to: 3'b000 
	Parameter SEM_START bound to: 3'b001 
	Parameter SEM_DATA bound to: 3'b010 
	Parameter SEM_STOP bound to: 3'b011 
INFO: [Synth 8-155] case statement is not full and has no default [/home/jaguiar/sandbox/Fatori-V/iob_soc_V1.0/hardware/src/fi_coms.sv:128]
INFO: [Synth 8-155] case statement is not full and has no default [/home/jaguiar/sandbox/Fatori-V/iob_soc_V1.0/hardware/src/fi_coms.sv:317]
INFO: [Synth 8-6155] done synthesizing module 'fi_coms' (6#1) [/home/jaguiar/sandbox/Fatori-V/iob_soc_V1.0/hardware/src/fi_coms.sv:11]
INFO: [Synth 8-6157] synthesizing module 'sem_ultra_0_example_design' [/home/jaguiar/sandbox/Fatori-V/iob_soc_V1.0/hardware/fpga/ip/sem_ip_gen_temp_ex/sem_ultra_0_ex/imports/sem_ultra_0_example_design.v:131]
	Parameter TCQ bound to: 1 - type: integer 
	Parameter COUNT_1SEC bound to: 59998801 - type: integer 
	Parameter HB_COUNTER_WIDTH bound to: 26 - type: integer 
INFO: [Synth 8-6157] synthesizing module 'IBUF' [/opt/Xilinx/Vivado/2020.2/scripts/rt/data/unisim_comp.v:32983]
	Parameter CAPACITANCE bound to: DONT_CARE - type: string 
	Parameter IBUF_DELAY_VALUE bound to: 0 - type: string 
	Parameter IBUF_LOW_PWR bound to: TRUE - type: string 
	Parameter IFD_DELAY_VALUE bound to: AUTO - type: string 
	Parameter IOSTANDARD bound to: DEFAULT - type: string 
INFO: [Synth 8-6155] done synthesizing module 'IBUF' (7#1) [/opt/Xilinx/Vivado/2020.2/scripts/rt/data/unisim_comp.v:32983]
INFO: [Synth 8-6157] synthesizing module 'sem_ultra_0_support_wrapper' [/home/jaguiar/sandbox/Fatori-V/iob_soc_V1.0/hardware/fpga/ip/sem_ip_gen_temp_ex/sem_ultra_0_ex/imports/sem_ultra_0_support_wrapper.v:193]
	Parameter TCQ bound to: 1 - type: integer 
INFO: [Synth 8-6157] synthesizing module 'BUFGCE' [/opt/Xilinx/Vivado/2020.2/scripts/rt/data/unisim_comp.v:1093]
	Parameter CE_TYPE bound to: SYNC - type: string 
	Parameter IS_CE_INVERTED bound to: 1'b0 
	Parameter IS_I_INVERTED bound to: 1'b0 
	Parameter SIM_DEVICE bound to: ULTRASCALE - type: string 
	Parameter STARTUP_SYNC bound to: FALSE - type: string 
INFO: [Synth 8-6155] done synthesizing module 'BUFGCE' (8#1) [/opt/Xilinx/Vivado/2020.2/scripts/rt/data/unisim_comp.v:1093]
INFO: [Synth 8-6157] synthesizing module 'sem_ultra_0_support' [/home/jaguiar/sandbox/Fatori-V/iob_soc_V1.0/hardware/fpga/ip/sem_ip_gen_temp_ex/sem_ultra_0_ex/imports/sem_ultra_0_support.v:189]
	Parameter TCQ bound to: 1 - type: integer 
INFO: [Synth 8-6157] synthesizing module 'sem_ultra_0' [/home/jaguiar/sandbox/Fatori-V/iob_soc_V1.0/hardware/fpga/.Xil/Vivado-2257603-sericaia/realtime/sem_ultra_0_stub.v:6]
INFO: [Synth 8-6155] done synthesizing module 'sem_ultra_0' (9#1) [/home/jaguiar/sandbox/Fatori-V/iob_soc_V1.0/hardware/fpga/.Xil/Vivado-2257603-sericaia/realtime/sem_ultra_0_stub.v:6]
INFO: [Synth 8-6157] synthesizing module 'sem_ultra_0_cfg' [/home/jaguiar/sandbox/Fatori-V/iob_soc_V1.0/hardware/fpga/ip/sem_ip_gen_temp_ex/sem_ultra_0_ex/imports/sem_ultra_0_cfg.v:157]
	Parameter TCQ bound to: 1 - type: integer 
INFO: [Synth 8-6157] synthesizing module 'ICAPE3' [/opt/Xilinx/Vivado/2020.2/scripts/rt/data/unisim_comp.v:34820]
	Parameter DEVICE_ID bound to: -1 - type: integer 
	Parameter ICAP_AUTO_SWITCH bound to: DISABLE - type: string 
	Parameter SIM_CFG_FILE_NAME bound to: NONE - type: string 
INFO: [Synth 8-6155] done synthesizing module 'ICAPE3' (10#1) [/opt/Xilinx/Vivado/2020.2/scripts/rt/data/unisim_comp.v:34820]
INFO: [Synth 8-6157] synthesizing module 'FRAME_ECCE3' [/opt/Xilinx/Vivado/2020.2/scripts/rt/data/unisim_comp.v:14631]
INFO: [Synth 8-6155] done synthesizing module 'FRAME_ECCE3' (11#1) [/opt/Xilinx/Vivado/2020.2/scripts/rt/data/unisim_comp.v:14631]
INFO: [Synth 8-6155] done synthesizing module 'sem_ultra_0_cfg' (12#1) [/home/jaguiar/sandbox/Fatori-V/iob_soc_V1.0/hardware/fpga/ip/sem_ip_gen_temp_ex/sem_ultra_0_ex/imports/sem_ultra_0_cfg.v:157]
INFO: [Synth 8-6157] synthesizing module 'sem_ultra_0_uart' [/home/jaguiar/sandbox/Fatori-V/iob_soc_V1.0/hardware/fpga/ip/sem_ip_gen_temp_ex/sem_ultra_0_ex/imports/sem_ultra_0_uart.v:153]
	Parameter TCQ bound to: 1 - type: integer 
	Parameter V_ENABLETIME bound to: 32 - type: integer 
INFO: [Synth 8-6157] synthesizing module 'sem_ultra_0_uart_fifo' [/home/jaguiar/sandbox/Fatori-V/iob_soc_V1.0/hardware/fpga/ip/sem_ip_gen_temp_ex/sem_ultra_0_ex/imports/sem_ultra_0_uart_fifo.v:122]
	Parameter TCQ bound to: 1 - type: integer 
INFO: [Synth 8-6157] synthesizing module 'SRLC32E' [/opt/Xilinx/Vivado/2020.2/scripts/rt/data/unisim_comp.v:78184]
	Parameter INIT bound to: 32'b00000000000000000000000000000000 
	Parameter IS_CLK_INVERTED bound to: 1'b0 
INFO: [Synth 8-6155] done synthesizing module 'SRLC32E' (13#1) [/opt/Xilinx/Vivado/2020.2/scripts/rt/data/unisim_comp.v:78184]
INFO: [Synth 8-6155] done synthesizing module 'sem_ultra_0_uart_fifo' (14#1) [/home/jaguiar/sandbox/Fatori-V/iob_soc_V1.0/hardware/fpga/ip/sem_ip_gen_temp_ex/sem_ultra_0_ex/imports/sem_ultra_0_uart_fifo.v:122]
INFO: [Synth 8-6157] synthesizing module 'sem_ultra_0_uart_piso' [/home/jaguiar/sandbox/Fatori-V/iob_soc_V1.0/hardware/fpga/ip/sem_ip_gen_temp_ex/sem_ultra_0_ex/imports/sem_ultra_0_uart_piso.v:120]
	Parameter TCQ bound to: 1 - type: integer 
INFO: [Synth 8-6155] done synthesizing module 'sem_ultra_0_uart_piso' (15#1) [/home/jaguiar/sandbox/Fatori-V/iob_soc_V1.0/hardware/fpga/ip/sem_ip_gen_temp_ex/sem_ultra_0_ex/imports/sem_ultra_0_uart_piso.v:120]
INFO: [Synth 8-6157] synthesizing module 'sem_ultra_0_uart_sipo' [/home/jaguiar/sandbox/Fatori-V/iob_soc_V1.0/hardware/fpga/ip/sem_ip_gen_temp_ex/sem_ultra_0_ex/imports/sem_ultra_0_uart_sipo.v:115]
	Parameter TCQ bound to: 1 - type: integer 
INFO: [Synth 8-6157] synthesizing module 'FD' [/opt/Xilinx/Vivado/2020.2/scripts/rt/data/unisim_comp.v:13483]
	Parameter INIT bound to: 1'b0 
INFO: [Synth 8-6155] done synthesizing module 'FD' (16#1) [/opt/Xilinx/Vivado/2020.2/scripts/rt/data/unisim_comp.v:13483]
INFO: [Synth 8-6155] done synthesizing module 'sem_ultra_0_uart_sipo' (17#1) [/home/jaguiar/sandbox/Fatori-V/iob_soc_V1.0/hardware/fpga/ip/sem_ip_gen_temp_ex/sem_ultra_0_ex/imports/sem_ultra_0_uart_sipo.v:115]
INFO: [Synth 8-6155] done synthesizing module 'sem_ultra_0_uart' (18#1) [/home/jaguiar/sandbox/Fatori-V/iob_soc_V1.0/hardware/fpga/ip/sem_ip_gen_temp_ex/sem_ultra_0_ex/imports/sem_ultra_0_uart.v:153]
INFO: [Synth 8-6155] done synthesizing module 'sem_ultra_0_support' (19#1) [/home/jaguiar/sandbox/Fatori-V/iob_soc_V1.0/hardware/fpga/ip/sem_ip_gen_temp_ex/sem_ultra_0_ex/imports/sem_ultra_0_support.v:189]
INFO: [Synth 8-6155] done synthesizing module 'sem_ultra_0_support_wrapper' (20#1) [/home/jaguiar/sandbox/Fatori-V/iob_soc_V1.0/hardware/fpga/ip/sem_ip_gen_temp_ex/sem_ultra_0_ex/imports/sem_ultra_0_support_wrapper.v:193]
WARNING: [Synth 8-4446] all outputs are unconnected for this instance and logic may be removed [/home/jaguiar/sandbox/Fatori-V/iob_soc_V1.0/hardware/fpga/ip/sem_ip_gen_temp_ex/sem_ultra_0_ex/imports/sem_ultra_0_example_design.v:303]
INFO: [Synth 8-6157] synthesizing module 'sem_ultra_0_vio_si14' [/home/jaguiar/sandbox/Fatori-V/iob_soc_V1.0/hardware/fpga/.Xil/Vivado-2257603-sericaia/realtime/sem_ultra_0_vio_si14_stub.v:6]
INFO: [Synth 8-6155] done synthesizing module 'sem_ultra_0_vio_si14' (21#1) [/home/jaguiar/sandbox/Fatori-V/iob_soc_V1.0/hardware/fpga/.Xil/Vivado-2257603-sericaia/realtime/sem_ultra_0_vio_si14_stub.v:6]
WARNING: [Synth 8-689] width (14) of port connection 'probe_in0' does not match port width (1) of module 'sem_ultra_0_vio_si14' [/home/jaguiar/sandbox/Fatori-V/iob_soc_V1.0/hardware/fpga/ip/sem_ip_gen_temp_ex/sem_ultra_0_ex/imports/sem_ultra_0_example_design.v:304]
WARNING: [Synth 8-7071] port 'probe_in1' of module 'sem_ultra_0_vio_si14' is unconnected for instance 'example_vio_si14' [/home/jaguiar/sandbox/Fatori-V/iob_soc_V1.0/hardware/fpga/ip/sem_ip_gen_temp_ex/sem_ultra_0_ex/imports/sem_ultra_0_example_design.v:303]
WARNING: [Synth 8-7071] port 'probe_in2' of module 'sem_ultra_0_vio_si14' is unconnected for instance 'example_vio_si14' [/home/jaguiar/sandbox/Fatori-V/iob_soc_V1.0/hardware/fpga/ip/sem_ip_gen_temp_ex/sem_ultra_0_ex/imports/sem_ultra_0_example_design.v:303]
WARNING: [Synth 8-7071] port 'probe_in3' of module 'sem_ultra_0_vio_si14' is unconnected for instance 'example_vio_si14' [/home/jaguiar/sandbox/Fatori-V/iob_soc_V1.0/hardware/fpga/ip/sem_ip_gen_temp_ex/sem_ultra_0_ex/imports/sem_ultra_0_example_design.v:303]
WARNING: [Synth 8-7071] port 'probe_in4' of module 'sem_ultra_0_vio_si14' is unconnected for instance 'example_vio_si14' [/home/jaguiar/sandbox/Fatori-V/iob_soc_V1.0/hardware/fpga/ip/sem_ip_gen_temp_ex/sem_ultra_0_ex/imports/sem_ultra_0_example_design.v:303]
WARNING: [Synth 8-7071] port 'probe_in5' of module 'sem_ultra_0_vio_si14' is unconnected for instance 'example_vio_si14' [/home/jaguiar/sandbox/Fatori-V/iob_soc_V1.0/hardware/fpga/ip/sem_ip_gen_temp_ex/sem_ultra_0_ex/imports/sem_ultra_0_example_design.v:303]
WARNING: [Synth 8-7071] port 'probe_in6' of module 'sem_ultra_0_vio_si14' is unconnected for instance 'example_vio_si14' [/home/jaguiar/sandbox/Fatori-V/iob_soc_V1.0/hardware/fpga/ip/sem_ip_gen_temp_ex/sem_ultra_0_ex/imports/sem_ultra_0_example_design.v:303]
WARNING: [Synth 8-7071] port 'probe_in7' of module 'sem_ultra_0_vio_si14' is unconnected for instance 'example_vio_si14' [/home/jaguiar/sandbox/Fatori-V/iob_soc_V1.0/hardware/fpga/ip/sem_ip_gen_temp_ex/sem_ultra_0_ex/imports/sem_ultra_0_example_design.v:303]
WARNING: [Synth 8-7071] port 'probe_in8' of module 'sem_ultra_0_vio_si14' is unconnected for instance 'example_vio_si14' [/home/jaguiar/sandbox/Fatori-V/iob_soc_V1.0/hardware/fpga/ip/sem_ip_gen_temp_ex/sem_ultra_0_ex/imports/sem_ultra_0_example_design.v:303]
WARNING: [Synth 8-7071] port 'probe_in9' of module 'sem_ultra_0_vio_si14' is unconnected for instance 'example_vio_si14' [/home/jaguiar/sandbox/Fatori-V/iob_soc_V1.0/hardware/fpga/ip/sem_ip_gen_temp_ex/sem_ultra_0_ex/imports/sem_ultra_0_example_design.v:303]
WARNING: [Synth 8-7071] port 'probe_in10' of module 'sem_ultra_0_vio_si14' is unconnected for instance 'example_vio_si14' [/home/jaguiar/sandbox/Fatori-V/iob_soc_V1.0/hardware/fpga/ip/sem_ip_gen_temp_ex/sem_ultra_0_ex/imports/sem_ultra_0_example_design.v:303]
WARNING: [Synth 8-7071] port 'probe_in11' of module 'sem_ultra_0_vio_si14' is unconnected for instance 'example_vio_si14' [/home/jaguiar/sandbox/Fatori-V/iob_soc_V1.0/hardware/fpga/ip/sem_ip_gen_temp_ex/sem_ultra_0_ex/imports/sem_ultra_0_example_design.v:303]
WARNING: [Synth 8-7071] port 'probe_in12' of module 'sem_ultra_0_vio_si14' is unconnected for instance 'example_vio_si14' [/home/jaguiar/sandbox/Fatori-V/iob_soc_V1.0/hardware/fpga/ip/sem_ip_gen_temp_ex/sem_ultra_0_ex/imports/sem_ultra_0_example_design.v:303]
WARNING: [Synth 8-7071] port 'probe_in13' of module 'sem_ultra_0_vio_si14' is unconnected for instance 'example_vio_si14' [/home/jaguiar/sandbox/Fatori-V/iob_soc_V1.0/hardware/fpga/ip/sem_ip_gen_temp_ex/sem_ultra_0_ex/imports/sem_ultra_0_example_design.v:303]
WARNING: [Synth 8-7023] instance 'example_vio_si14' of module 'sem_ultra_0_vio_si14' has 15 connections declared, but only 2 given [/home/jaguiar/sandbox/Fatori-V/iob_soc_V1.0/hardware/fpga/ip/sem_ip_gen_temp_ex/sem_ultra_0_ex/imports/sem_ultra_0_example_design.v:303]
INFO: [Synth 8-6157] synthesizing module 'sem_ultra_0_vio_si1_so5' [/home/jaguiar/sandbox/Fatori-V/iob_soc_V1.0/hardware/fpga/.Xil/Vivado-2257603-sericaia/realtime/sem_ultra_0_vio_si1_so5_stub.v:6]
INFO: [Synth 8-6155] done synthesizing module 'sem_ultra_0_vio_si1_so5' (22#1) [/home/jaguiar/sandbox/Fatori-V/iob_soc_V1.0/hardware/fpga/.Xil/Vivado-2257603-sericaia/realtime/sem_ultra_0_vio_si1_so5_stub.v:6]
WARNING: [Synth 8-689] width (5) of port connection 'probe_out0' does not match port width (1) of module 'sem_ultra_0_vio_si1_so5' [/home/jaguiar/sandbox/Fatori-V/iob_soc_V1.0/hardware/fpga/ip/sem_ip_gen_temp_ex/sem_ultra_0_ex/imports/sem_ultra_0_example_design.v:330]
WARNING: [Synth 8-7071] port 'probe_out1' of module 'sem_ultra_0_vio_si1_so5' is unconnected for instance 'example_vio_si1_so5' [/home/jaguiar/sandbox/Fatori-V/iob_soc_V1.0/hardware/fpga/ip/sem_ip_gen_temp_ex/sem_ultra_0_ex/imports/sem_ultra_0_example_design.v:328]
WARNING: [Synth 8-7071] port 'probe_out2' of module 'sem_ultra_0_vio_si1_so5' is unconnected for instance 'example_vio_si1_so5' [/home/jaguiar/sandbox/Fatori-V/iob_soc_V1.0/hardware/fpga/ip/sem_ip_gen_temp_ex/sem_ultra_0_ex/imports/sem_ultra_0_example_design.v:328]
WARNING: [Synth 8-7071] port 'probe_out3' of module 'sem_ultra_0_vio_si1_so5' is unconnected for instance 'example_vio_si1_so5' [/home/jaguiar/sandbox/Fatori-V/iob_soc_V1.0/hardware/fpga/ip/sem_ip_gen_temp_ex/sem_ultra_0_ex/imports/sem_ultra_0_example_design.v:328]
WARNING: [Synth 8-7071] port 'probe_out4' of module 'sem_ultra_0_vio_si1_so5' is unconnected for instance 'example_vio_si1_so5' [/home/jaguiar/sandbox/Fatori-V/iob_soc_V1.0/hardware/fpga/ip/sem_ip_gen_temp_ex/sem_ultra_0_ex/imports/sem_ultra_0_example_design.v:328]
WARNING: [Synth 8-7023] instance 'example_vio_si1_so5' of module 'sem_ultra_0_vio_si1_so5' has 7 connections declared, but only 3 given [/home/jaguiar/sandbox/Fatori-V/iob_soc_V1.0/hardware/fpga/ip/sem_ip_gen_temp_ex/sem_ultra_0_ex/imports/sem_ultra_0_example_design.v:328]
INFO: [Synth 8-6157] synthesizing module 'sem_ultra_0_vio_si1_so41' [/home/jaguiar/sandbox/Fatori-V/iob_soc_V1.0/hardware/fpga/.Xil/Vivado-2257603-sericaia/realtime/sem_ultra_0_vio_si1_so41_stub.v:6]
INFO: [Synth 8-6155] done synthesizing module 'sem_ultra_0_vio_si1_so41' (23#1) [/home/jaguiar/sandbox/Fatori-V/iob_soc_V1.0/hardware/fpga/.Xil/Vivado-2257603-sericaia/realtime/sem_ultra_0_vio_si1_so41_stub.v:6]
WARNING: [Synth 8-689] width (41) of port connection 'probe_out0' does not match port width (1) of module 'sem_ultra_0_vio_si1_so41' [/home/jaguiar/sandbox/Fatori-V/iob_soc_V1.0/hardware/fpga/ip/sem_ip_gen_temp_ex/sem_ultra_0_ex/imports/sem_ultra_0_example_design.v:356]
WARNING: [Synth 8-7071] port 'probe_out1' of module 'sem_ultra_0_vio_si1_so41' is unconnected for instance 'example_vio_si1_so41' [/home/jaguiar/sandbox/Fatori-V/iob_soc_V1.0/hardware/fpga/ip/sem_ip_gen_temp_ex/sem_ultra_0_ex/imports/sem_ultra_0_example_design.v:354]
WARNING: [Synth 8-7071] port 'probe_out2' of module 'sem_ultra_0_vio_si1_so41' is unconnected for instance 'example_vio_si1_so41' [/home/jaguiar/sandbox/Fatori-V/iob_soc_V1.0/hardware/fpga/ip/sem_ip_gen_temp_ex/sem_ultra_0_ex/imports/sem_ultra_0_example_design.v:354]
WARNING: [Synth 8-7071] port 'probe_out3' of module 'sem_ultra_0_vio_si1_so41' is unconnected for instance 'example_vio_si1_so41' [/home/jaguiar/sandbox/Fatori-V/iob_soc_V1.0/hardware/fpga/ip/sem_ip_gen_temp_ex/sem_ultra_0_ex/imports/sem_ultra_0_example_design.v:354]
WARNING: [Synth 8-7071] port 'probe_out4' of module 'sem_ultra_0_vio_si1_so41' is unconnected for instance 'example_vio_si1_so41' [/home/jaguiar/sandbox/Fatori-V/iob_soc_V1.0/hardware/fpga/ip/sem_ip_gen_temp_ex/sem_ultra_0_ex/imports/sem_ultra_0_example_design.v:354]
WARNING: [Synth 8-7071] port 'probe_out5' of module 'sem_ultra_0_vio_si1_so41' is unconnected for instance 'example_vio_si1_so41' [/home/jaguiar/sandbox/Fatori-V/iob_soc_V1.0/hardware/fpga/ip/sem_ip_gen_temp_ex/sem_ultra_0_ex/imports/sem_ultra_0_example_design.v:354]
WARNING: [Synth 8-7071] port 'probe_out6' of module 'sem_ultra_0_vio_si1_so41' is unconnected for instance 'example_vio_si1_so41' [/home/jaguiar/sandbox/Fatori-V/iob_soc_V1.0/hardware/fpga/ip/sem_ip_gen_temp_ex/sem_ultra_0_ex/imports/sem_ultra_0_example_design.v:354]
WARNING: [Synth 8-7071] port 'probe_out7' of module 'sem_ultra_0_vio_si1_so41' is unconnected for instance 'example_vio_si1_so41' [/home/jaguiar/sandbox/Fatori-V/iob_soc_V1.0/hardware/fpga/ip/sem_ip_gen_temp_ex/sem_ultra_0_ex/imports/sem_ultra_0_example_design.v:354]
WARNING: [Synth 8-7071] port 'probe_out8' of module 'sem_ultra_0_vio_si1_so41' is unconnected for instance 'example_vio_si1_so41' [/home/jaguiar/sandbox/Fatori-V/iob_soc_V1.0/hardware/fpga/ip/sem_ip_gen_temp_ex/sem_ultra_0_ex/imports/sem_ultra_0_example_design.v:354]
WARNING: [Synth 8-7071] port 'probe_out9' of module 'sem_ultra_0_vio_si1_so41' is unconnected for instance 'example_vio_si1_so41' [/home/jaguiar/sandbox/Fatori-V/iob_soc_V1.0/hardware/fpga/ip/sem_ip_gen_temp_ex/sem_ultra_0_ex/imports/sem_ultra_0_example_design.v:354]
WARNING: [Synth 8-7071] port 'probe_out10' of module 'sem_ultra_0_vio_si1_so41' is unconnected for instance 'example_vio_si1_so41' [/home/jaguiar/sandbox/Fatori-V/iob_soc_V1.0/hardware/fpga/ip/sem_ip_gen_temp_ex/sem_ultra_0_ex/imports/sem_ultra_0_example_design.v:354]
WARNING: [Synth 8-7071] port 'probe_out11' of module 'sem_ultra_0_vio_si1_so41' is unconnected for instance 'example_vio_si1_so41' [/home/jaguiar/sandbox/Fatori-V/iob_soc_V1.0/hardware/fpga/ip/sem_ip_gen_temp_ex/sem_ultra_0_ex/imports/sem_ultra_0_example_design.v:354]
WARNING: [Synth 8-7071] port 'probe_out12' of module 'sem_ultra_0_vio_si1_so41' is unconnected for instance 'example_vio_si1_so41' [/home/jaguiar/sandbox/Fatori-V/iob_soc_V1.0/hardware/fpga/ip/sem_ip_gen_temp_ex/sem_ultra_0_ex/imports/sem_ultra_0_example_design.v:354]
WARNING: [Synth 8-7071] port 'probe_out13' of module 'sem_ultra_0_vio_si1_so41' is unconnected for instance 'example_vio_si1_so41' [/home/jaguiar/sandbox/Fatori-V/iob_soc_V1.0/hardware/fpga/ip/sem_ip_gen_temp_ex/sem_ultra_0_ex/imports/sem_ultra_0_example_design.v:354]
WARNING: [Synth 8-7071] port 'probe_out14' of module 'sem_ultra_0_vio_si1_so41' is unconnected for instance 'example_vio_si1_so41' [/home/jaguiar/sandbox/Fatori-V/iob_soc_V1.0/hardware/fpga/ip/sem_ip_gen_temp_ex/sem_ultra_0_ex/imports/sem_ultra_0_example_design.v:354]
WARNING: [Synth 8-7071] port 'probe_out15' of module 'sem_ultra_0_vio_si1_so41' is unconnected for instance 'example_vio_si1_so41' [/home/jaguiar/sandbox/Fatori-V/iob_soc_V1.0/hardware/fpga/ip/sem_ip_gen_temp_ex/sem_ultra_0_ex/imports/sem_ultra_0_example_design.v:354]
WARNING: [Synth 8-7071] port 'probe_out16' of module 'sem_ultra_0_vio_si1_so41' is unconnected for instance 'example_vio_si1_so41' [/home/jaguiar/sandbox/Fatori-V/iob_soc_V1.0/hardware/fpga/ip/sem_ip_gen_temp_ex/sem_ultra_0_ex/imports/sem_ultra_0_example_design.v:354]
WARNING: [Synth 8-7071] port 'probe_out17' of module 'sem_ultra_0_vio_si1_so41' is unconnected for instance 'example_vio_si1_so41' [/home/jaguiar/sandbox/Fatori-V/iob_soc_V1.0/hardware/fpga/ip/sem_ip_gen_temp_ex/sem_ultra_0_ex/imports/sem_ultra_0_example_design.v:354]
WARNING: [Synth 8-7071] port 'probe_out18' of module 'sem_ultra_0_vio_si1_so41' is unconnected for instance 'example_vio_si1_so41' [/home/jaguiar/sandbox/Fatori-V/iob_soc_V1.0/hardware/fpga/ip/sem_ip_gen_temp_ex/sem_ultra_0_ex/imports/sem_ultra_0_example_design.v:354]
WARNING: [Synth 8-7071] port 'probe_out19' of module 'sem_ultra_0_vio_si1_so41' is unconnected for instance 'example_vio_si1_so41' [/home/jaguiar/sandbox/Fatori-V/iob_soc_V1.0/hardware/fpga/ip/sem_ip_gen_temp_ex/sem_ultra_0_ex/imports/sem_ultra_0_example_design.v:354]
WARNING: [Synth 8-7071] port 'probe_out20' of module 'sem_ultra_0_vio_si1_so41' is unconnected for instance 'example_vio_si1_so41' [/home/jaguiar/sandbox/Fatori-V/iob_soc_V1.0/hardware/fpga/ip/sem_ip_gen_temp_ex/sem_ultra_0_ex/imports/sem_ultra_0_example_design.v:354]
WARNING: [Synth 8-7071] port 'probe_out21' of module 'sem_ultra_0_vio_si1_so41' is unconnected for instance 'example_vio_si1_so41' [/home/jaguiar/sandbox/Fatori-V/iob_soc_V1.0/hardware/fpga/ip/sem_ip_gen_temp_ex/sem_ultra_0_ex/imports/sem_ultra_0_example_design.v:354]
WARNING: [Synth 8-7071] port 'probe_out22' of module 'sem_ultra_0_vio_si1_so41' is unconnected for instance 'example_vio_si1_so41' [/home/jaguiar/sandbox/Fatori-V/iob_soc_V1.0/hardware/fpga/ip/sem_ip_gen_temp_ex/sem_ultra_0_ex/imports/sem_ultra_0_example_design.v:354]
WARNING: [Synth 8-7071] port 'probe_out23' of module 'sem_ultra_0_vio_si1_so41' is unconnected for instance 'example_vio_si1_so41' [/home/jaguiar/sandbox/Fatori-V/iob_soc_V1.0/hardware/fpga/ip/sem_ip_gen_temp_ex/sem_ultra_0_ex/imports/sem_ultra_0_example_design.v:354]
WARNING: [Synth 8-7071] port 'probe_out24' of module 'sem_ultra_0_vio_si1_so41' is unconnected for instance 'example_vio_si1_so41' [/home/jaguiar/sandbox/Fatori-V/iob_soc_V1.0/hardware/fpga/ip/sem_ip_gen_temp_ex/sem_ultra_0_ex/imports/sem_ultra_0_example_design.v:354]
WARNING: [Synth 8-7071] port 'probe_out25' of module 'sem_ultra_0_vio_si1_so41' is unconnected for instance 'example_vio_si1_so41' [/home/jaguiar/sandbox/Fatori-V/iob_soc_V1.0/hardware/fpga/ip/sem_ip_gen_temp_ex/sem_ultra_0_ex/imports/sem_ultra_0_example_design.v:354]
WARNING: [Synth 8-7071] port 'probe_out26' of module 'sem_ultra_0_vio_si1_so41' is unconnected for instance 'example_vio_si1_so41' [/home/jaguiar/sandbox/Fatori-V/iob_soc_V1.0/hardware/fpga/ip/sem_ip_gen_temp_ex/sem_ultra_0_ex/imports/sem_ultra_0_example_design.v:354]
WARNING: [Synth 8-7071] port 'probe_out27' of module 'sem_ultra_0_vio_si1_so41' is unconnected for instance 'example_vio_si1_so41' [/home/jaguiar/sandbox/Fatori-V/iob_soc_V1.0/hardware/fpga/ip/sem_ip_gen_temp_ex/sem_ultra_0_ex/imports/sem_ultra_0_example_design.v:354]
WARNING: [Synth 8-7071] port 'probe_out28' of module 'sem_ultra_0_vio_si1_so41' is unconnected for instance 'example_vio_si1_so41' [/home/jaguiar/sandbox/Fatori-V/iob_soc_V1.0/hardware/fpga/ip/sem_ip_gen_temp_ex/sem_ultra_0_ex/imports/sem_ultra_0_example_design.v:354]
WARNING: [Synth 8-7071] port 'probe_out29' of module 'sem_ultra_0_vio_si1_so41' is unconnected for instance 'example_vio_si1_so41' [/home/jaguiar/sandbox/Fatori-V/iob_soc_V1.0/hardware/fpga/ip/sem_ip_gen_temp_ex/sem_ultra_0_ex/imports/sem_ultra_0_example_design.v:354]
WARNING: [Synth 8-7071] port 'probe_out30' of module 'sem_ultra_0_vio_si1_so41' is unconnected for instance 'example_vio_si1_so41' [/home/jaguiar/sandbox/Fatori-V/iob_soc_V1.0/hardware/fpga/ip/sem_ip_gen_temp_ex/sem_ultra_0_ex/imports/sem_ultra_0_example_design.v:354]
WARNING: [Synth 8-7071] port 'probe_out31' of module 'sem_ultra_0_vio_si1_so41' is unconnected for instance 'example_vio_si1_so41' [/home/jaguiar/sandbox/Fatori-V/iob_soc_V1.0/hardware/fpga/ip/sem_ip_gen_temp_ex/sem_ultra_0_ex/imports/sem_ultra_0_example_design.v:354]
WARNING: [Synth 8-7071] port 'probe_out32' of module 'sem_ultra_0_vio_si1_so41' is unconnected for instance 'example_vio_si1_so41' [/home/jaguiar/sandbox/Fatori-V/iob_soc_V1.0/hardware/fpga/ip/sem_ip_gen_temp_ex/sem_ultra_0_ex/imports/sem_ultra_0_example_design.v:354]
WARNING: [Synth 8-7071] port 'probe_out33' of module 'sem_ultra_0_vio_si1_so41' is unconnected for instance 'example_vio_si1_so41' [/home/jaguiar/sandbox/Fatori-V/iob_soc_V1.0/hardware/fpga/ip/sem_ip_gen_temp_ex/sem_ultra_0_ex/imports/sem_ultra_0_example_design.v:354]
WARNING: [Synth 8-7071] port 'probe_out34' of module 'sem_ultra_0_vio_si1_so41' is unconnected for instance 'example_vio_si1_so41' [/home/jaguiar/sandbox/Fatori-V/iob_soc_V1.0/hardware/fpga/ip/sem_ip_gen_temp_ex/sem_ultra_0_ex/imports/sem_ultra_0_example_design.v:354]
WARNING: [Synth 8-7071] port 'probe_out35' of module 'sem_ultra_0_vio_si1_so41' is unconnected for instance 'example_vio_si1_so41' [/home/jaguiar/sandbox/Fatori-V/iob_soc_V1.0/hardware/fpga/ip/sem_ip_gen_temp_ex/sem_ultra_0_ex/imports/sem_ultra_0_example_design.v:354]
WARNING: [Synth 8-7071] port 'probe_out36' of module 'sem_ultra_0_vio_si1_so41' is unconnected for instance 'example_vio_si1_so41' [/home/jaguiar/sandbox/Fatori-V/iob_soc_V1.0/hardware/fpga/ip/sem_ip_gen_temp_ex/sem_ultra_0_ex/imports/sem_ultra_0_example_design.v:354]
WARNING: [Synth 8-7071] port 'probe_out37' of module 'sem_ultra_0_vio_si1_so41' is unconnected for instance 'example_vio_si1_so41' [/home/jaguiar/sandbox/Fatori-V/iob_soc_V1.0/hardware/fpga/ip/sem_ip_gen_temp_ex/sem_ultra_0_ex/imports/sem_ultra_0_example_design.v:354]
WARNING: [Synth 8-7071] port 'probe_out38' of module 'sem_ultra_0_vio_si1_so41' is unconnected for instance 'example_vio_si1_so41' [/home/jaguiar/sandbox/Fatori-V/iob_soc_V1.0/hardware/fpga/ip/sem_ip_gen_temp_ex/sem_ultra_0_ex/imports/sem_ultra_0_example_design.v:354]
WARNING: [Synth 8-7071] port 'probe_out39' of module 'sem_ultra_0_vio_si1_so41' is unconnected for instance 'example_vio_si1_so41' [/home/jaguiar/sandbox/Fatori-V/iob_soc_V1.0/hardware/fpga/ip/sem_ip_gen_temp_ex/sem_ultra_0_ex/imports/sem_ultra_0_example_design.v:354]
WARNING: [Synth 8-7071] port 'probe_out40' of module 'sem_ultra_0_vio_si1_so41' is unconnected for instance 'example_vio_si1_so41' [/home/jaguiar/sandbox/Fatori-V/iob_soc_V1.0/hardware/fpga/ip/sem_ip_gen_temp_ex/sem_ultra_0_ex/imports/sem_ultra_0_example_design.v:354]
WARNING: [Synth 8-7023] instance 'example_vio_si1_so41' of module 'sem_ultra_0_vio_si1_so41' has 43 connections declared, but only 3 given [/home/jaguiar/sandbox/Fatori-V/iob_soc_V1.0/hardware/fpga/ip/sem_ip_gen_temp_ex/sem_ultra_0_ex/imports/sem_ultra_0_example_design.v:354]
INFO: [Synth 8-6071] Mark debug on the nets applies keep_hierarchy on instance 'example_support_wrapper'. This will prevent further optimization [/home/jaguiar/sandbox/Fatori-V/iob_soc_V1.0/hardware/fpga/ip/sem_ip_gen_temp_ex/sem_ultra_0_ex/imports/sem_ultra_0_example_design.v:222]
INFO: [Synth 8-6071] Mark debug on the nets applies keep_hierarchy on instance 'example_vio_si1_so5'. This will prevent further optimization [/home/jaguiar/sandbox/Fatori-V/iob_soc_V1.0/hardware/fpga/ip/sem_ip_gen_temp_ex/sem_ultra_0_ex/imports/sem_ultra_0_example_design.v:328]
INFO: [Synth 8-6071] Mark debug on the nets applies keep_hierarchy on instance 'example_vio_si14'. This will prevent further optimization [/home/jaguiar/sandbox/Fatori-V/iob_soc_V1.0/hardware/fpga/ip/sem_ip_gen_temp_ex/sem_ultra_0_ex/imports/sem_ultra_0_example_design.v:303]
INFO: [Synth 8-6071] Mark debug on the nets applies keep_hierarchy on instance 'example_vio_si1_so41'. This will prevent further optimization [/home/jaguiar/sandbox/Fatori-V/iob_soc_V1.0/hardware/fpga/ip/sem_ip_gen_temp_ex/sem_ultra_0_ex/imports/sem_ultra_0_example_design.v:354]
INFO: [Synth 8-6155] done synthesizing module 'sem_ultra_0_example_design' (24#1) [/home/jaguiar/sandbox/Fatori-V/iob_soc_V1.0/hardware/fpga/ip/sem_ip_gen_temp_ex/sem_ultra_0_ex/imports/sem_ultra_0_example_design.v:131]
INFO: [Synth 8-6157] synthesizing module 'ibex_top' [/home/jaguiar/sandbox/Fatori-V/iob_soc_V1.0/hardware/src/ibex_top.sv:15]
	Parameter PMPEnable bound to: 1'b0 
	Parameter PMPGranularity bound to: 32'b00000000000000000000000000000000 
	Parameter PMPNumRegions bound to: 32'b00000000000000000000000000010000 
	Parameter MHPMCounterNum bound to: 32'b00000000000000000000000000001010 
	Parameter MHPMCounterWidth bound to: 32'b00000000000000000000000000100000 
	Parameter PMPRstCfg bound to: 96'b000000000000000000000000000000000000000000000000000000000000000000000000000000000000000000000000 
	Parameter PMPRstAddr bound to: 544'b0000000000000000000000000000000000000000000000000000000000000000000000000000000000000000000000000000000000000000000000000000000000000000000000000000000000000000000000000000000000000000000000000000000000000000000000000000000000000000000000000000000000000000000000000000000000000000000000000000000000000000000000000000000000000000000000000000000000000000000000000000000000000000000000000000000000000000000000000000000000000000000000000000000000000000000000000000000000000000000000000000000000000000000000000000000000000000000000000000000000000000 
	Parameter PMPRstMsecCfg[rlb] bound to: 1'b0 
	Parameter PMPRstMsecCfg[mmwp] bound to: 1'b0 
	Parameter PMPRstMsecCfg[mml] bound to: 1'b0 
	Parameter RV32E bound to: 1'b0 
	Parameter RV32M bound to: 2 - type: integer 
	Parameter RV32B bound to: 3 - type: integer 
	Parameter RegFile bound to: 1 - type: integer 
	Parameter BranchTargetALU bound to: 1'b1 
	Parameter WritebackStage bound to: 1'b0 
	Parameter ICache bound to: 1'b1 
	Parameter ICacheECC bound to: 1'b1 
	Parameter BranchPredictor bound to: 1'b0 
	Parameter DbgTriggerEn bound to: 1'b0 
	Parameter DbgHwBreakNum bound to: 32'b00000000000000000000000000000001 
	Parameter SecureIbex bound to: 1'b1 
	Parameter ICacheScramble bound to: 1'b0 
	Parameter ICacheScrNumPrinceRoundsHalf bound to: 32'b00000000000000000000000000000010 
	Parameter RndCnstLfsrSeed bound to: -1403831308 - type: integer 
	Parameter RndCnstLfsrPerm bound to: 160'b0001111000110101111011001011101001000110011111111101000110110001001011101001010110000001010100101100000001001111101001000011100001111000101010001101101011101101 
	Parameter DmHaltAddr bound to: 0 - type: integer 
	Parameter DmExceptionAddr bound to: 0 - type: integer 
	Parameter RndCnstIbexKey bound to: 128'b00010100111010001100111011001010111000110000010000001101010111100001001000101000011010111011001111001100000100010011001010011000 
	Parameter RndCnstIbexNonce bound to: 64'b1111011110010111100000001011110001110011010111110011100001000011 
	Parameter Lockstep bound to: 1'b0 
	Parameter ResetAll bound to: 1'b0 
	Parameter DummyInstructions bound to: 1'b0 
	Parameter RegFileECC bound to: 1'b1 
	Parameter RegFileWrenCheck bound to: 1'b1 
	Parameter RegFileRdataMuxCheck bound to: 1'b1 
	Parameter RegFileDataWidth bound to: 32'b00000000000000000000000000100111 
	Parameter MemECC bound to: 1'b0 
	Parameter MemDataWidth bound to: 32'b00000000000000000000000000100000 
	Parameter BusSizeECC bound to: 32'b00000000000000000000000000100111 
	Parameter LineSizeECC bound to: 32'b00000000000000000000000001001110 
	Parameter TagSizeECC bound to: 32'b00000000000000000000000000011100 
	Parameter NumAddrScrRounds bound to: 32'b00000000000000000000000000000000 
INFO: [Synth 8-6157] synthesizing module 'fatori_reg_mon_fi__parameterized13' [/home/jaguiar/sandbox/Fatori-V/iob_soc_V1.0/hardware/src/fatori_reg_mon_fi.sv:22]
	Parameter DATA_W bound to: 32'b00000000000000000000000000000100 
	Parameter RST_VAL bound to: 4'b1010 
	Parameter N bound to: 32'b00000000000000000000000000000001 
	Parameter M bound to: 32'b00000000000000000000000000000000 
	Parameter HOLD_LAST_GOOD bound to: 1'b0 
	Parameter ID_W bound to: 32'b00000000000000000000000000001000 
	Parameter ID bound to: 8'b10011000 
	Parameter N_EFF bound to: 32'b00000000000000000000000000000001 
	Parameter M_DEF bound to: 32'b00000000000000000000000000000001 
	Parameter M_EFF bound to: 32'b00000000000000000000000000000001 
	Parameter MID_BIT bound to: 32'sb00000000000000000000000000000010 
	Parameter NLOG bound to: 32'sb00000000000000000000000000000001 
INFO: [Synth 8-6157] synthesizing module 'iob_reg_re__parameterized4' [/home/jaguiar/sandbox/Fatori-V/iob_soc_V1.0/hardware/src/iob_reg_re.v:4]
	Parameter DATA_W bound to: 4 - type: integer 
	Parameter RST_VAL bound to: 4'b1010 
INFO: [Synth 8-6157] synthesizing module 'iob_reg__parameterized4' [/home/jaguiar/sandbox/Fatori-V/iob_soc_V1.0/hardware/src/iob_reg.v:4]
	Parameter DATA_W bound to: 4 - type: integer 
	Parameter RST_VAL bound to: 4'b1010 
INFO: [Synth 8-6155] done synthesizing module 'iob_reg__parameterized4' (24#1) [/home/jaguiar/sandbox/Fatori-V/iob_soc_V1.0/hardware/src/iob_reg.v:4]
INFO: [Synth 8-6155] done synthesizing module 'iob_reg_re__parameterized4' (24#1) [/home/jaguiar/sandbox/Fatori-V/iob_soc_V1.0/hardware/src/iob_reg_re.v:4]
INFO: [Synth 8-6155] done synthesizing module 'fatori_reg_mon_fi__parameterized13' (24#1) [/home/jaguiar/sandbox/Fatori-V/iob_soc_V1.0/hardware/src/fatori_reg_mon_fi.sv:22]
INFO: [Synth 8-6157] synthesizing module 'ibex_register_file_fpga' [/home/jaguiar/sandbox/Fatori-V/iob_soc_V1.0/hardware/src/ibex_register_file_fpga.sv:14]
	Parameter RV32E bound to: 1'b0 
	Parameter DataWidth bound to: 32'b00000000000000000000000000100111 
	Parameter DummyInstructions bound to: 1'b0 
	Parameter WrenCheck bound to: 1'b1 
	Parameter RdataMuxCheck bound to: 1'b1 
	Parameter WordZeroVal bound to: 39'b010101000000000000000000000000000000000 
	Parameter ADDR_WIDTH bound to: 32'sb00000000000000000000000000000101 
	Parameter NUM_WORDS bound to: 32'sb00000000000000000000000000100000 
INFO: [Synth 8-6157] synthesizing module 'prim_onehot_enc' [/home/jaguiar/sandbox/Fatori-V/iob_soc_V1.0/hardware/src/prim_onehot_enc.sv:8]
	Parameter OneHotWidth bound to: 32'b00000000000000000000000000100000 
	Parameter InputWidth bound to: 32'b00000000000000000000000000000101 
INFO: [Synth 8-6155] done synthesizing module 'prim_onehot_enc' (25#1) [/home/jaguiar/sandbox/Fatori-V/iob_soc_V1.0/hardware/src/prim_onehot_enc.sv:8]
INFO: [Synth 8-6157] synthesizing module 'prim_buf' [/home/jaguiar/sandbox/Fatori-V/iob_soc_V1.0/hardware/src/prim_buf.sv:17]
	Parameter Width bound to: 32'sb00000000000000000000000000100000 
	Parameter Impl bound to: 0 - type: integer 
INFO: [Synth 8-6157] synthesizing module 'prim_generic_buf' [/home/jaguiar/sandbox/Fatori-V/iob_soc_V1.0/hardware/src/prim_generic_buf.sv:7]
	Parameter Width bound to: 32'sb00000000000000000000000000100000 
INFO: [Synth 8-6155] done synthesizing module 'prim_generic_buf' (26#1) [/home/jaguiar/sandbox/Fatori-V/iob_soc_V1.0/hardware/src/prim_generic_buf.sv:7]
INFO: [Synth 8-6155] done synthesizing module 'prim_buf' (27#1) [/home/jaguiar/sandbox/Fatori-V/iob_soc_V1.0/hardware/src/prim_buf.sv:17]
INFO: [Synth 8-6157] synthesizing module 'prim_onehot_check' [/home/jaguiar/sandbox/Fatori-V/iob_soc_V1.0/hardware/src/prim_onehot_check.sv:21]
	Parameter AddrWidth bound to: 32'b00000000000000000000000000000101 
	Parameter OneHotWidth bound to: 32'b00000000000000000000000000100000 
	Parameter AddrCheck bound to: 1'b1 
	Parameter EnableCheck bound to: 1'b1 
	Parameter StrictCheck bound to: 1'b1 
	Parameter EnableAlertTriggerSVA bound to: 1'b1 
	Parameter NumLevels bound to: 32'sb00000000000000000000000000000101 
INFO: [Synth 8-6155] done synthesizing module 'prim_onehot_check' (28#1) [/home/jaguiar/sandbox/Fatori-V/iob_soc_V1.0/hardware/src/prim_onehot_check.sv:21]
INFO: [Synth 8-6157] synthesizing module 'prim_onehot_mux' [/home/jaguiar/sandbox/Fatori-V/iob_soc_V1.0/hardware/src/prim_onehot_mux.sv:10]
	Parameter Width bound to: 32'sb00000000000000000000000000100111 
	Parameter Inputs bound to: 32'sb00000000000000000000000000100000 
INFO: [Synth 8-6157] synthesizing module 'prim_and2' [/home/jaguiar/sandbox/Fatori-V/iob_soc_V1.0/hardware/src/prim_and2.sv:17]
	Parameter Width bound to: 32'sb00000000000000000000000000100000 
	Parameter Impl bound to: 0 - type: integer 
INFO: [Synth 8-6157] synthesizing module 'prim_generic_and2' [/home/jaguiar/sandbox/Fatori-V/iob_soc_V1.0/hardware/src/prim_generic_and2.sv:7]
	Parameter Width bound to: 32'sb00000000000000000000000000100000 
INFO: [Synth 8-6155] done synthesizing module 'prim_generic_and2' (29#1) [/home/jaguiar/sandbox/Fatori-V/iob_soc_V1.0/hardware/src/prim_generic_and2.sv:7]
INFO: [Synth 8-6155] done synthesizing module 'prim_and2' (30#1) [/home/jaguiar/sandbox/Fatori-V/iob_soc_V1.0/hardware/src/prim_and2.sv:17]
INFO: [Synth 8-6155] done synthesizing module 'prim_onehot_mux' (31#1) [/home/jaguiar/sandbox/Fatori-V/iob_soc_V1.0/hardware/src/prim_onehot_mux.sv:10]
INFO: [Synth 8-6155] done synthesizing module 'ibex_register_file_fpga' (32#1) [/home/jaguiar/sandbox/Fatori-V/iob_soc_V1.0/hardware/src/ibex_register_file_fpga.sv:14]
INFO: [Synth 8-6157] synthesizing module 'prim_ram_1p' [/home/jaguiar/sandbox/Fatori-V/iob_soc_V1.0/hardware/src/prim_ram_1p.sv:17]
	Parameter Width bound to: 32'sb00000000000000000000000000011100 
	Parameter Depth bound to: 32'sb00000000000000000000000100000000 
	Parameter DataBitsPerMask bound to: 32'sb00000000000000000000000000011100 
	Parameter MemInitFile bound to: (null) - type: string 
	Parameter Aw bound to: 32'sb00000000000000000000000000001000 
	Parameter Impl bound to: 0 - type: integer 
INFO: [Synth 8-6157] synthesizing module 'prim_generic_ram_1p' [/home/jaguiar/sandbox/Fatori-V/iob_soc_V1.0/hardware/src/prim_generic_ram_1p.sv:9]
	Parameter Width bound to: 32'sb00000000000000000000000000011100 
	Parameter Depth bound to: 32'sb00000000000000000000000100000000 
	Parameter DataBitsPerMask bound to: 32'sb00000000000000000000000000011100 
	Parameter MemInitFile bound to: (null) - type: string 
	Parameter Aw bound to: 32'sb00000000000000000000000000001000 
	Parameter MaskWidth bound to: 32'sb00000000000000000000000000000001 
WARNING: [Synth 8-6896] if statement with non-constant condition is inside initial block, initial block items will be ignored [/home/jaguiar/sandbox/Fatori-V/iob_soc_V1.0/hardware/src/prim_util_memload.svh:62]
INFO: [Synth 8-6155] done synthesizing module 'prim_generic_ram_1p' (33#1) [/home/jaguiar/sandbox/Fatori-V/iob_soc_V1.0/hardware/src/prim_generic_ram_1p.sv:9]
INFO: [Synth 8-6155] done synthesizing module 'prim_ram_1p' (34#1) [/home/jaguiar/sandbox/Fatori-V/iob_soc_V1.0/hardware/src/prim_ram_1p.sv:17]
INFO: [Synth 8-6157] synthesizing module 'prim_ram_1p__parameterized0' [/home/jaguiar/sandbox/Fatori-V/iob_soc_V1.0/hardware/src/prim_ram_1p.sv:17]
	Parameter Width bound to: 32'sb00000000000000000000000001001110 
	Parameter Depth bound to: 32'sb00000000000000000000000100000000 
	Parameter DataBitsPerMask bound to: 32'sb00000000000000000000000001001110 
	Parameter MemInitFile bound to: (null) - type: string 
	Parameter Aw bound to: 32'sb00000000000000000000000000001000 
	Parameter Impl bound to: 0 - type: integer 
INFO: [Synth 8-6157] synthesizing module 'prim_generic_ram_1p__parameterized0' [/home/jaguiar/sandbox/Fatori-V/iob_soc_V1.0/hardware/src/prim_generic_ram_1p.sv:9]
	Parameter Width bound to: 32'sb00000000000000000000000001001110 
	Parameter Depth bound to: 32'sb00000000000000000000000100000000 
	Parameter DataBitsPerMask bound to: 32'sb00000000000000000000000001001110 
	Parameter MemInitFile bound to: (null) - type: string 
	Parameter Aw bound to: 32'sb00000000000000000000000000001000 
	Parameter MaskWidth bound to: 32'sb00000000000000000000000000000001 
WARNING: [Synth 8-6896] if statement with non-constant condition is inside initial block, initial block items will be ignored [/home/jaguiar/sandbox/Fatori-V/iob_soc_V1.0/hardware/src/prim_util_memload.svh:62]
INFO: [Synth 8-6155] done synthesizing module 'prim_generic_ram_1p__parameterized0' (34#1) [/home/jaguiar/sandbox/Fatori-V/iob_soc_V1.0/hardware/src/prim_generic_ram_1p.sv:9]
INFO: [Synth 8-6155] done synthesizing module 'prim_ram_1p__parameterized0' (34#1) [/home/jaguiar/sandbox/Fatori-V/iob_soc_V1.0/hardware/src/prim_ram_1p.sv:17]
INFO: [Synth 8-6157] synthesizing module 'prim_buf__parameterized0' [/home/jaguiar/sandbox/Fatori-V/iob_soc_V1.0/hardware/src/prim_buf.sv:17]
	Parameter Width bound to: 32'sb00000000000000000000000000000100 
	Parameter Impl bound to: 0 - type: integer 
INFO: [Synth 8-6157] synthesizing module 'prim_generic_buf__parameterized0' [/home/jaguiar/sandbox/Fatori-V/iob_soc_V1.0/hardware/src/prim_generic_buf.sv:7]
	Parameter Width bound to: 32'sb00000000000000000000000000000100 
INFO: [Synth 8-6155] done synthesizing module 'prim_generic_buf__parameterized0' (34#1) [/home/jaguiar/sandbox/Fatori-V/iob_soc_V1.0/hardware/src/prim_generic_buf.sv:7]
INFO: [Synth 8-6155] done synthesizing module 'prim_buf__parameterized0' (34#1) [/home/jaguiar/sandbox/Fatori-V/iob_soc_V1.0/hardware/src/prim_buf.sv:17]
INFO: [Synth 8-6157] synthesizing module 'prim_buf__parameterized1' [/home/jaguiar/sandbox/Fatori-V/iob_soc_V1.0/hardware/src/prim_buf.sv:17]
	Parameter Width bound to: 32'sb00000000000000000000000000100111 
	Parameter Impl bound to: 0 - type: integer 
INFO: [Synth 8-6157] synthesizing module 'prim_generic_buf__parameterized1' [/home/jaguiar/sandbox/Fatori-V/iob_soc_V1.0/hardware/src/prim_generic_buf.sv:7]
	Parameter Width bound to: 32'sb00000000000000000000000000100111 
INFO: [Synth 8-6155] done synthesizing module 'prim_generic_buf__parameterized1' (34#1) [/home/jaguiar/sandbox/Fatori-V/iob_soc_V1.0/hardware/src/prim_generic_buf.sv:7]
INFO: [Synth 8-6155] done synthesizing module 'prim_buf__parameterized1' (34#1) [/home/jaguiar/sandbox/Fatori-V/iob_soc_V1.0/hardware/src/prim_buf.sv:17]
INFO: [Synth 8-6157] synthesizing module 'ibex_core' [/home/jaguiar/sandbox/Fatori-V/iob_soc_V1.0/hardware/src/ibex_core.sv:16]
	Parameter PMPEnable bound to: 1'b0 
	Parameter PMPGranularity bound to: 32'b00000000000000000000000000000000 
	Parameter PMPNumRegions bound to: 32'b00000000000000000000000000010000 
	Parameter PMPRstCfg bound to: 96'b000000000000000000000000000000000000000000000000000000000000000000000000000000000000000000000000 
	Parameter PMPRstAddr bound to: 544'b0000000000000000000000000000000000000000000000000000000000000000000000000000000000000000000000000000000000000000000000000000000000000000000000000000000000000000000000000000000000000000000000000000000000000000000000000000000000000000000000000000000000000000000000000000000000000000000000000000000000000000000000000000000000000000000000000000000000000000000000000000000000000000000000000000000000000000000000000000000000000000000000000000000000000000000000000000000000000000000000000000000000000000000000000000000000000000000000000000000000000000 
	Parameter PMPRstMsecCfg[rlb] bound to: 1'b0 
	Parameter PMPRstMsecCfg[mmwp] bound to: 1'b0 
	Parameter PMPRstMsecCfg[mml] bound to: 1'b0 
	Parameter MHPMCounterNum bound to: 32'b00000000000000000000000000001010 
	Parameter MHPMCounterWidth bound to: 32'b00000000000000000000000000100000 
	Parameter RV32E bound to: 1'b0 
	Parameter RV32M bound to: 2 - type: integer 
	Parameter RV32B bound to: 3 - type: integer 
	Parameter BranchTargetALU bound to: 1'b1 
	Parameter WritebackStage bound to: 1'b0 
	Parameter ICache bound to: 1'b1 
	Parameter ICacheECC bound to: 1'b1 
	Parameter SecureIbex bound to: 1'b1 
	Parameter BusSizeECC bound to: 32'b00000000000000000000000000100111 
	Parameter TagSizeECC bound to: 32'b00000000000000000000000000011100 
	Parameter LineSizeECC bound to: 32'b00000000000000000000000001001110 
	Parameter BranchPredictor bound to: 1'b0 
	Parameter DbgTriggerEn bound to: 1'b0 
	Parameter DbgHwBreakNum bound to: 32'b00000000000000000000000000000001 
	Parameter ResetAll bound to: 1'b0 
	Parameter RndCnstLfsrSeed bound to: -1403831308 - type: integer 
	Parameter RndCnstLfsrPerm bound to: 160'b0001111000110101111011001011101001000110011111111101000110110001001011101001010110000001010100101100000001001111101001000011100001111000101010001101101011101101 
	Parameter DummyInstructions bound to: 1'b0 
	Parameter RegFileECC bound to: 1'b1 
	Parameter RegFileDataWidth bound to: 32'b00000000000000000000000000100111 
	Parameter MemECC bound to: 1'b0 
	Parameter MemDataWidth bound to: 32'b00000000000000000000000000100000 
	Parameter DmHaltAddr bound to: 0 - type: integer 
	Parameter DmExceptionAddr bound to: 0 - type: integer 
	Parameter PMPNumChan bound to: 32'b00000000000000000000000000000011 
	Parameter DataIndTiming bound to: 1'b1 
	Parameter PCIncrCheck bound to: 1'b1 
	Parameter ShadowCSR bound to: 1'b1 
INFO: [Synth 8-6157] synthesizing module 'ibex_if_stage' [/home/jaguiar/sandbox/Fatori-V/iob_soc_V1.0/hardware/src/ibex_if_stage.sv:16]
	Parameter DmHaltAddr bound to: 0 - type: integer 
	Parameter DmExceptionAddr bound to: 0 - type: integer 
	Parameter DummyInstructions bound to: 1'b0 
	Parameter ICache bound to: 1'b1 
	Parameter ICacheECC bound to: 1'b1 
	Parameter BusSizeECC bound to: 32'b00000000000000000000000000100111 
	Parameter TagSizeECC bound to: 32'b00000000000000000000000000011100 
	Parameter LineSizeECC bound to: 32'b00000000000000000000000001001110 
	Parameter PCIncrCheck bound to: 1'b1 
	Parameter ResetAll bound to: 1'b0 
	Parameter RndCnstLfsrSeed bound to: -1403831308 - type: integer 
	Parameter RndCnstLfsrPerm bound to: 160'b0001111000110101111011001011101001000110011111111101000110110001001011101001010110000001010100101100000001001111101001000011100001111000101010001101101011101101 
	Parameter BranchPredictor bound to: 1'b0 
	Parameter MemECC bound to: 1'b0 
	Parameter MemDataWidth bound to: 32'b00000000000000000000000000100000 
	Parameter instr_valid_id_q_reg_ERR_W bound to: 32'sb00000000000000000000000000000001 
	Parameter instr_valid_id_q_reg_DW bound to: 32'sb00000000000000000000000000000001 
	Parameter instr_new_id_q_reg_ERR_W bound to: 32'sb00000000000000000000000000000001 
	Parameter instr_new_id_q_reg_DW bound to: 32'sb00000000000000000000000000000001 
INFO: [Synth 8-6157] synthesizing module 'ibex_icache' [/home/jaguiar/sandbox/Fatori-V/iob_soc_V1.0/hardware/src/ibex_icache.sv:13]
	Parameter ICacheECC bound to: 1'b1 
	Parameter ResetAll bound to: 1'b0 
	Parameter BusSizeECC bound to: 32'b00000000000000000000000000100111 
	Parameter TagSizeECC bound to: 32'b00000000000000000000000000011100 
	Parameter LineSizeECC bound to: 32'b00000000000000000000000001001110 
	Parameter BranchCache bound to: 1'b0 
	Parameter NUM_FB bound to: 32'b00000000000000000000000000000100 
	Parameter FB_THRESHOLD bound to: 32'b00000000000000000000000000000010 
INFO: [Synth 8-6157] synthesizing module 'prim_secded_inv_39_32_enc' [/home/jaguiar/sandbox/Fatori-V/iob_soc_V1.0/hardware/src/prim_secded_inv_39_32_enc.sv:7]
INFO: [Synth 8-6155] done synthesizing module 'prim_secded_inv_39_32_enc' (35#1) [/home/jaguiar/sandbox/Fatori-V/iob_soc_V1.0/hardware/src/prim_secded_inv_39_32_enc.sv:7]
WARNING: [Synth 8-693] zero replication count - replication ignored [/home/jaguiar/sandbox/Fatori-V/iob_soc_V1.0/hardware/src/ibex_icache.sv:287]
INFO: [Synth 8-6157] synthesizing module 'prim_secded_inv_28_22_enc' [/home/jaguiar/sandbox/Fatori-V/iob_soc_V1.0/hardware/src/prim_secded_inv_28_22_enc.sv:7]
INFO: [Synth 8-6155] done synthesizing module 'prim_secded_inv_28_22_enc' (36#1) [/home/jaguiar/sandbox/Fatori-V/iob_soc_V1.0/hardware/src/prim_secded_inv_28_22_enc.sv:7]
WARNING: [Synth 8-693] zero replication count - replication ignored [/home/jaguiar/sandbox/Fatori-V/iob_soc_V1.0/hardware/src/ibex_icache.sv:419]
INFO: [Synth 8-6157] synthesizing module 'prim_secded_inv_28_22_dec' [/home/jaguiar/sandbox/Fatori-V/iob_soc_V1.0/hardware/src/prim_secded_inv_28_22_dec.sv:7]
INFO: [Synth 8-6155] done synthesizing module 'prim_secded_inv_28_22_dec' (37#1) [/home/jaguiar/sandbox/Fatori-V/iob_soc_V1.0/hardware/src/prim_secded_inv_28_22_dec.sv:7]
WARNING: [Synth 8-693] zero replication count - replication ignored [/home/jaguiar/sandbox/Fatori-V/iob_soc_V1.0/hardware/src/ibex_icache.sv:419]
INFO: [Synth 8-6157] synthesizing module 'prim_secded_inv_39_32_dec' [/home/jaguiar/sandbox/Fatori-V/iob_soc_V1.0/hardware/src/prim_secded_inv_39_32_dec.sv:7]
INFO: [Synth 8-6155] done synthesizing module 'prim_secded_inv_39_32_dec' (38#1) [/home/jaguiar/sandbox/Fatori-V/iob_soc_V1.0/hardware/src/prim_secded_inv_39_32_dec.sv:7]
WARNING: [Synth 8-693] zero replication count - replication ignored [/home/jaguiar/sandbox/Fatori-V/iob_soc_V1.0/hardware/src/ibex_icache.sv:919]
WARNING: [Synth 8-693] zero replication count - replication ignored [/home/jaguiar/sandbox/Fatori-V/iob_soc_V1.0/hardware/src/ibex_icache.sv:919]
WARNING: [Synth 8-693] zero replication count - replication ignored [/home/jaguiar/sandbox/Fatori-V/iob_soc_V1.0/hardware/src/ibex_icache.sv:919]
WARNING: [Synth 8-693] zero replication count - replication ignored [/home/jaguiar/sandbox/Fatori-V/iob_soc_V1.0/hardware/src/ibex_icache.sv:919]
INFO: [Synth 8-294] found qualifier unique on case statement: implementing as parallel_case [/home/jaguiar/sandbox/Fatori-V/iob_soc_V1.0/hardware/src/ibex_icache.sv:1086]
INFO: [Synth 8-226] default block is never used [/home/jaguiar/sandbox/Fatori-V/iob_soc_V1.0/hardware/src/ibex_icache.sv:1086]
INFO: [Synth 8-6155] done synthesizing module 'ibex_icache' (39#1) [/home/jaguiar/sandbox/Fatori-V/iob_soc_V1.0/hardware/src/ibex_icache.sv:13]
INFO: [Synth 8-6157] synthesizing module 'fatori_reg_mon_fi__parameterized14' [/home/jaguiar/sandbox/Fatori-V/iob_soc_V1.0/hardware/src/fatori_reg_mon_fi.sv:22]
	Parameter DATA_W bound to: 32'b00000000000000000000000000100000 
	Parameter RST_VAL bound to: 0 - type: integer 
	Parameter N bound to: 32'b00000000000000000000000000000001 
	Parameter M bound to: 32'b00000000000000000000000000000000 
	Parameter HOLD_LAST_GOOD bound to: 1'b0 
	Parameter ID_W bound to: 32'b00000000000000000000000000001000 
	Parameter ID bound to: 8'b01101110 
	Parameter N_EFF bound to: 32'b00000000000000000000000000000001 
	Parameter M_DEF bound to: 32'b00000000000000000000000000000001 
	Parameter M_EFF bound to: 32'b00000000000000000000000000000001 
	Parameter MID_BIT bound to: 32'sb00000000000000000000000000010000 
	Parameter NLOG bound to: 32'sb00000000000000000000000000000001 
INFO: [Synth 8-6155] done synthesizing module 'fatori_reg_mon_fi__parameterized14' (39#1) [/home/jaguiar/sandbox/Fatori-V/iob_soc_V1.0/hardware/src/fatori_reg_mon_fi.sv:22]
INFO: [Synth 8-6157] synthesizing module 'fatori_reg_mon_fi__parameterized15' [/home/jaguiar/sandbox/Fatori-V/iob_soc_V1.0/hardware/src/fatori_reg_mon_fi.sv:22]
	Parameter DATA_W bound to: 32'b00000000000000000000000000100000 
	Parameter RST_VAL bound to: 0 - type: integer 
	Parameter N bound to: 32'b00000000000000000000000000000001 
	Parameter M bound to: 32'b00000000000000000000000000000000 
	Parameter HOLD_LAST_GOOD bound to: 1'b0 
	Parameter ID_W bound to: 32'b00000000000000000000000000001000 
	Parameter ID bound to: 8'b01101111 
	Parameter N_EFF bound to: 32'b00000000000000000000000000000001 
	Parameter M_DEF bound to: 32'b00000000000000000000000000000001 
	Parameter M_EFF bound to: 32'b00000000000000000000000000000001 
	Parameter MID_BIT bound to: 32'sb00000000000000000000000000010000 
	Parameter NLOG bound to: 32'sb00000000000000000000000000000001 
INFO: [Synth 8-6155] done synthesizing module 'fatori_reg_mon_fi__parameterized15' (39#1) [/home/jaguiar/sandbox/Fatori-V/iob_soc_V1.0/hardware/src/fatori_reg_mon_fi.sv:22]
INFO: [Synth 8-6157] synthesizing module 'fatori_reg_mon_fi__parameterized16' [/home/jaguiar/sandbox/Fatori-V/iob_soc_V1.0/hardware/src/fatori_reg_mon_fi.sv:22]
	Parameter DATA_W bound to: 32'b00000000000000000000000000000001 
	Parameter RST_VAL bound to: 1'b0 
	Parameter N bound to: 32'b00000000000000000000000000000001 
	Parameter M bound to: 32'b00000000000000000000000000000000 
	Parameter HOLD_LAST_GOOD bound to: 1'b0 
	Parameter ID_W bound to: 32'b00000000000000000000000000001000 
	Parameter ID bound to: 8'b01110000 
	Parameter N_EFF bound to: 32'b00000000000000000000000000000001 
	Parameter M_DEF bound to: 32'b00000000000000000000000000000001 
	Parameter M_EFF bound to: 32'b00000000000000000000000000000001 
	Parameter MID_BIT bound to: 32'sb00000000000000000000000000000000 
	Parameter NLOG bound to: 32'sb00000000000000000000000000000001 
INFO: [Synth 8-6155] done synthesizing module 'fatori_reg_mon_fi__parameterized16' (39#1) [/home/jaguiar/sandbox/Fatori-V/iob_soc_V1.0/hardware/src/fatori_reg_mon_fi.sv:22]
INFO: [Synth 8-6157] synthesizing module 'fatori_reg_mon_fi__parameterized17' [/home/jaguiar/sandbox/Fatori-V/iob_soc_V1.0/hardware/src/fatori_reg_mon_fi.sv:22]
	Parameter DATA_W bound to: 32'b00000000000000000000000000000001 
	Parameter RST_VAL bound to: 1'b0 
	Parameter N bound to: 32'b00000000000000000000000000000001 
	Parameter M bound to: 32'b00000000000000000000000000000000 
	Parameter HOLD_LAST_GOOD bound to: 1'b0 
	Parameter ID_W bound to: 32'b00000000000000000000000000001000 
	Parameter ID bound to: 8'b01110001 
	Parameter N_EFF bound to: 32'b00000000000000000000000000000001 
	Parameter M_DEF bound to: 32'b00000000000000000000000000000001 
	Parameter M_EFF bound to: 32'b00000000000000000000000000000001 
	Parameter MID_BIT bound to: 32'sb00000000000000000000000000000000 
	Parameter NLOG bound to: 32'sb00000000000000000000000000000001 
INFO: [Synth 8-6155] done synthesizing module 'fatori_reg_mon_fi__parameterized17' (39#1) [/home/jaguiar/sandbox/Fatori-V/iob_soc_V1.0/hardware/src/fatori_reg_mon_fi.sv:22]
INFO: [Synth 8-6157] synthesizing module 'fatori_reg_mon_fi__parameterized18' [/home/jaguiar/sandbox/Fatori-V/iob_soc_V1.0/hardware/src/fatori_reg_mon_fi.sv:22]
	Parameter DATA_W bound to: 32'b00000000000000000000000000010000 
	Parameter RST_VAL bound to: 16'b0000000000000000 
	Parameter N bound to: 32'b00000000000000000000000000000001 
	Parameter M bound to: 32'b00000000000000000000000000000000 
	Parameter HOLD_LAST_GOOD bound to: 1'b0 
	Parameter ID_W bound to: 32'b00000000000000000000000000001000 
	Parameter ID bound to: 8'b01110010 
	Parameter N_EFF bound to: 32'b00000000000000000000000000000001 
	Parameter M_DEF bound to: 32'b00000000000000000000000000000001 
	Parameter M_EFF bound to: 32'b00000000000000000000000000000001 
	Parameter MID_BIT bound to: 32'sb00000000000000000000000000001000 
	Parameter NLOG bound to: 32'sb00000000000000000000000000000001 
INFO: [Synth 8-6155] done synthesizing module 'fatori_reg_mon_fi__parameterized18' (39#1) [/home/jaguiar/sandbox/Fatori-V/iob_soc_V1.0/hardware/src/fatori_reg_mon_fi.sv:22]
INFO: [Synth 8-6157] synthesizing module 'fatori_reg_mon_fi__parameterized19' [/home/jaguiar/sandbox/Fatori-V/iob_soc_V1.0/hardware/src/fatori_reg_mon_fi.sv:22]
	Parameter DATA_W bound to: 32'b00000000000000000000000000000001 
	Parameter RST_VAL bound to: 1'b0 
	Parameter N bound to: 32'b00000000000000000000000000000001 
	Parameter M bound to: 32'b00000000000000000000000000000000 
	Parameter HOLD_LAST_GOOD bound to: 1'b0 
	Parameter ID_W bound to: 32'b00000000000000000000000000001000 
	Parameter ID bound to: 8'b01110011 
	Parameter N_EFF bound to: 32'b00000000000000000000000000000001 
	Parameter M_DEF bound to: 32'b00000000000000000000000000000001 
	Parameter M_EFF bound to: 32'b00000000000000000000000000000001 
	Parameter MID_BIT bound to: 32'sb00000000000000000000000000000000 
	Parameter NLOG bound to: 32'sb00000000000000000000000000000001 
INFO: [Synth 8-6155] done synthesizing module 'fatori_reg_mon_fi__parameterized19' (39#1) [/home/jaguiar/sandbox/Fatori-V/iob_soc_V1.0/hardware/src/fatori_reg_mon_fi.sv:22]
INFO: [Synth 8-6157] synthesizing module 'fatori_reg_mon_fi__parameterized20' [/home/jaguiar/sandbox/Fatori-V/iob_soc_V1.0/hardware/src/fatori_reg_mon_fi.sv:22]
	Parameter DATA_W bound to: 32'b00000000000000000000000000000001 
	Parameter RST_VAL bound to: 1'b0 
	Parameter N bound to: 32'b00000000000000000000000000000001 
	Parameter M bound to: 32'b00000000000000000000000000000000 
	Parameter HOLD_LAST_GOOD bound to: 1'b0 
	Parameter ID_W bound to: 32'b00000000000000000000000000001000 
	Parameter ID bound to: 8'b01110100 
	Parameter N_EFF bound to: 32'b00000000000000000000000000000001 
	Parameter M_DEF bound to: 32'b00000000000000000000000000000001 
	Parameter M_EFF bound to: 32'b00000000000000000000000000000001 
	Parameter MID_BIT bound to: 32'sb00000000000000000000000000000000 
	Parameter NLOG bound to: 32'sb00000000000000000000000000000001 
INFO: [Synth 8-6155] done synthesizing module 'fatori_reg_mon_fi__parameterized20' (39#1) [/home/jaguiar/sandbox/Fatori-V/iob_soc_V1.0/hardware/src/fatori_reg_mon_fi.sv:22]
INFO: [Synth 8-6157] synthesizing module 'fatori_reg_mon_fi__parameterized21' [/home/jaguiar/sandbox/Fatori-V/iob_soc_V1.0/hardware/src/fatori_reg_mon_fi.sv:22]
	Parameter DATA_W bound to: 32'b00000000000000000000000000100000 
	Parameter RST_VAL bound to: 0 - type: integer 
	Parameter N bound to: 32'b00000000000000000000000000000001 
	Parameter M bound to: 32'b00000000000000000000000000000000 
	Parameter HOLD_LAST_GOOD bound to: 1'b0 
	Parameter ID_W bound to: 32'b00000000000000000000000000001000 
	Parameter ID bound to: 8'b01110101 
	Parameter N_EFF bound to: 32'b00000000000000000000000000000001 
	Parameter M_DEF bound to: 32'b00000000000000000000000000000001 
	Parameter M_EFF bound to: 32'b00000000000000000000000000000001 
	Parameter MID_BIT bound to: 32'sb00000000000000000000000000010000 
	Parameter NLOG bound to: 32'sb00000000000000000000000000000001 
INFO: [Synth 8-6155] done synthesizing module 'fatori_reg_mon_fi__parameterized21' (39#1) [/home/jaguiar/sandbox/Fatori-V/iob_soc_V1.0/hardware/src/fatori_reg_mon_fi.sv:22]
INFO: [Synth 8-6157] synthesizing module 'fatori_reg_mon_fi__parameterized22' [/home/jaguiar/sandbox/Fatori-V/iob_soc_V1.0/hardware/src/fatori_reg_mon_fi.sv:22]
	Parameter DATA_W bound to: 32'b00000000000000000000000000000001 
	Parameter RST_VAL bound to: 1'b0 
	Parameter N bound to: 32'b00000000000000000000000000000001 
	Parameter M bound to: 32'b00000000000000000000000000000000 
	Parameter HOLD_LAST_GOOD bound to: 1'b0 
	Parameter ID_W bound to: 32'b00000000000000000000000000001000 
	Parameter ID bound to: 8'b01110110 
	Parameter N_EFF bound to: 32'b00000000000000000000000000000001 
	Parameter M_DEF bound to: 32'b00000000000000000000000000000001 
	Parameter M_EFF bound to: 32'b00000000000000000000000000000001 
	Parameter MID_BIT bound to: 32'sb00000000000000000000000000000000 
	Parameter NLOG bound to: 32'sb00000000000000000000000000000001 
INFO: [Synth 8-6155] done synthesizing module 'fatori_reg_mon_fi__parameterized22' (39#1) [/home/jaguiar/sandbox/Fatori-V/iob_soc_V1.0/hardware/src/fatori_reg_mon_fi.sv:22]
INFO: [Synth 8-294] found qualifier unique on case statement: implementing as parallel_case [/home/jaguiar/sandbox/Fatori-V/iob_soc_V1.0/hardware/src/ibex_if_stage.sv:211]
INFO: [Synth 8-226] default block is never used [/home/jaguiar/sandbox/Fatori-V/iob_soc_V1.0/hardware/src/ibex_if_stage.sv:211]
INFO: [Synth 8-294] found qualifier unique on case statement: implementing as parallel_case [/home/jaguiar/sandbox/Fatori-V/iob_soc_V1.0/hardware/src/ibex_if_stage.sv:227]
INFO: [Synth 8-6157] synthesizing module 'ibex_compressed_decoder' [/home/jaguiar/sandbox/Fatori-V/iob_soc_V1.0/hardware/src/ibex_compressed_decoder.sv:16]
INFO: [Synth 8-294] found qualifier unique on case statement: implementing as parallel_case [/home/jaguiar/sandbox/Fatori-V/iob_soc_V1.0/hardware/src/ibex_compressed_decoder.sv:42]
INFO: [Synth 8-226] default block is never used [/home/jaguiar/sandbox/Fatori-V/iob_soc_V1.0/hardware/src/ibex_compressed_decoder.sv:42]
INFO: [Synth 8-294] found qualifier unique on case statement: implementing as parallel_case [/home/jaguiar/sandbox/Fatori-V/iob_soc_V1.0/hardware/src/ibex_compressed_decoder.sv:45]
INFO: [Synth 8-226] default block is never used [/home/jaguiar/sandbox/Fatori-V/iob_soc_V1.0/hardware/src/ibex_compressed_decoder.sv:45]
INFO: [Synth 8-294] found qualifier unique on case statement: implementing as parallel_case [/home/jaguiar/sandbox/Fatori-V/iob_soc_V1.0/hardware/src/ibex_compressed_decoder.sv:86]
INFO: [Synth 8-226] default block is never used [/home/jaguiar/sandbox/Fatori-V/iob_soc_V1.0/hardware/src/ibex_compressed_decoder.sv:86]
INFO: [Synth 8-294] found qualifier unique on case statement: implementing as parallel_case [/home/jaguiar/sandbox/Fatori-V/iob_soc_V1.0/hardware/src/ibex_compressed_decoder.sv:124]
INFO: [Synth 8-226] default block is never used [/home/jaguiar/sandbox/Fatori-V/iob_soc_V1.0/hardware/src/ibex_compressed_decoder.sv:124]
INFO: [Synth 8-294] found qualifier unique on case statement: implementing as parallel_case [/home/jaguiar/sandbox/Fatori-V/iob_soc_V1.0/hardware/src/ibex_compressed_decoder.sv:142]
INFO: [Synth 8-226] default block is never used [/home/jaguiar/sandbox/Fatori-V/iob_soc_V1.0/hardware/src/ibex_compressed_decoder.sv:142]
INFO: [Synth 8-294] found qualifier unique on case statement: implementing as parallel_case [/home/jaguiar/sandbox/Fatori-V/iob_soc_V1.0/hardware/src/ibex_compressed_decoder.sv:208]
INFO: [Synth 8-226] default block is never used [/home/jaguiar/sandbox/Fatori-V/iob_soc_V1.0/hardware/src/ibex_compressed_decoder.sv:208]
INFO: [Synth 8-6155] done synthesizing module 'ibex_compressed_decoder' (40#1) [/home/jaguiar/sandbox/Fatori-V/iob_soc_V1.0/hardware/src/ibex_compressed_decoder.sv:16]
INFO: [Synth 8-6157] synthesizing module 'fatori_reg_mon_fi__parameterized23' [/home/jaguiar/sandbox/Fatori-V/iob_soc_V1.0/hardware/src/fatori_reg_mon_fi.sv:22]
	Parameter DATA_W bound to: 32'b00000000000000000000000000000001 
	Parameter RST_VAL bound to: 1'b0 
	Parameter N bound to: 32'b00000000000000000000000000000001 
	Parameter M bound to: 32'b00000000000000000000000000000000 
	Parameter HOLD_LAST_GOOD bound to: 1'b0 
	Parameter ID_W bound to: 32'b00000000000000000000000000001000 
	Parameter ID bound to: 8'b01100100 
	Parameter N_EFF bound to: 32'b00000000000000000000000000000001 
	Parameter M_DEF bound to: 32'b00000000000000000000000000000001 
	Parameter M_EFF bound to: 32'b00000000000000000000000000000001 
	Parameter MID_BIT bound to: 32'sb00000000000000000000000000000000 
	Parameter NLOG bound to: 32'sb00000000000000000000000000000001 
INFO: [Synth 8-6155] done synthesizing module 'fatori_reg_mon_fi__parameterized23' (40#1) [/home/jaguiar/sandbox/Fatori-V/iob_soc_V1.0/hardware/src/fatori_reg_mon_fi.sv:22]
INFO: [Synth 8-6157] synthesizing module 'fatori_reg_mon_fi__parameterized24' [/home/jaguiar/sandbox/Fatori-V/iob_soc_V1.0/hardware/src/fatori_reg_mon_fi.sv:22]
	Parameter DATA_W bound to: 32'b00000000000000000000000000000001 
	Parameter RST_VAL bound to: 1'b0 
	Parameter N bound to: 32'b00000000000000000000000000000001 
	Parameter M bound to: 32'b00000000000000000000000000000000 
	Parameter HOLD_LAST_GOOD bound to: 1'b0 
	Parameter ID_W bound to: 32'b00000000000000000000000000001000 
	Parameter ID bound to: 8'b01100101 
	Parameter N_EFF bound to: 32'b00000000000000000000000000000001 
	Parameter M_DEF bound to: 32'b00000000000000000000000000000001 
	Parameter M_EFF bound to: 32'b00000000000000000000000000000001 
	Parameter MID_BIT bound to: 32'sb00000000000000000000000000000000 
	Parameter NLOG bound to: 32'sb00000000000000000000000000000001 
INFO: [Synth 8-6155] done synthesizing module 'fatori_reg_mon_fi__parameterized24' (40#1) [/home/jaguiar/sandbox/Fatori-V/iob_soc_V1.0/hardware/src/fatori_reg_mon_fi.sv:22]
INFO: [Synth 8-6155] done synthesizing module 'ibex_if_stage' (41#1) [/home/jaguiar/sandbox/Fatori-V/iob_soc_V1.0/hardware/src/ibex_if_stage.sv:16]
INFO: [Synth 8-6157] synthesizing module 'fatori_mon_wrap_lsu' [/home/jaguiar/sandbox/Fatori-V/iob_soc_V1.0/hardware/src/fatori_mon_wrap_lsu.sv:11]
	Parameter N bound to: 32'sb00000000000000000000000000000101 
	Parameter M bound to: 32'sb00000000000000000000000000000000 
	Parameter HOLD bound to: 1'b0 
	Parameter MemECC bound to: 1'b0 
	Parameter MemDataWidth bound to: 32'b00000000000000000000000000100000 
	Parameter LW bound to: 32'sb00000000000000000000000010010100 
INFO: [Synth 8-6157] synthesizing module 'ibex_load_store_unit' [/home/jaguiar/sandbox/Fatori-V/iob_soc_V1.0/hardware/src/ibex_load_store_unit.sv:17]
	Parameter MemECC bound to: 1'b0 
	Parameter MemDataWidth bound to: 32'b00000000000000000000000000100000 
	Parameter rdata_ERR_W bound to: 32'sb00000000000000000000000000000001 
	Parameter rdata_DW bound to: 32'sb00000000000000000000000000011000 
	Parameter rdata_offset_ERR_W bound to: 32'sb00000000000000000000000000000001 
	Parameter rdata_offset_DW bound to: 32'sb00000000000000000000000000000010 
	Parameter data_type_ERR_W bound to: 32'sb00000000000000000000000000000001 
	Parameter data_type_DW bound to: 32'sb00000000000000000000000000000010 
	Parameter data_sign_ext_ERR_W bound to: 32'sb00000000000000000000000000000001 
	Parameter data_sign_ext_DW bound to: 32'sb00000000000000000000000000000001 
	Parameter data_we_ERR_W bound to: 32'sb00000000000000000000000000000001 
	Parameter data_we_DW bound to: 32'sb00000000000000000000000000000001 
	Parameter addr_last_ERR_W bound to: 32'sb00000000000000000000000000000001 
	Parameter addr_last_DW bound to: 32'sb00000000000000000000000000100000 
	Parameter ls_fsm_cs_ERR_W bound to: 32'sb00000000000000000000000000000001 
	Parameter ls_fsm_cs_DW bound to: 32'sb00000000000000000000000000000011 
	Parameter ls_fsm_cs_RST_RAW bound to: 3'b000 
	Parameter handle_misaligned_ERR_W bound to: 32'sb00000000000000000000000000000001 
	Parameter handle_misaligned_DW bound to: 32'sb00000000000000000000000000000001 
	Parameter pmp_err_ERR_W bound to: 32'sb00000000000000000000000000000001 
	Parameter pmp_err_DW bound to: 32'sb00000000000000000000000000000001 
	Parameter lsu_err_ERR_W bound to: 32'sb00000000000000000000000000000001 
	Parameter lsu_err_DW bound to: 32'sb00000000000000000000000000000001 
INFO: [Synth 8-294] found qualifier unique on case statement: implementing as parallel_case [/home/jaguiar/sandbox/Fatori-V/iob_soc_V1.0/hardware/src/ibex_load_store_unit.sv:130]
INFO: [Synth 8-226] default block is never used [/home/jaguiar/sandbox/Fatori-V/iob_soc_V1.0/hardware/src/ibex_load_store_unit.sv:130]
INFO: [Synth 8-294] found qualifier unique on case statement: implementing as parallel_case [/home/jaguiar/sandbox/Fatori-V/iob_soc_V1.0/hardware/src/ibex_load_store_unit.sv:133]
INFO: [Synth 8-226] default block is never used [/home/jaguiar/sandbox/Fatori-V/iob_soc_V1.0/hardware/src/ibex_load_store_unit.sv:133]
INFO: [Synth 8-294] found qualifier unique on case statement: implementing as parallel_case [/home/jaguiar/sandbox/Fatori-V/iob_soc_V1.0/hardware/src/ibex_load_store_unit.sv:141]
INFO: [Synth 8-226] default block is never used [/home/jaguiar/sandbox/Fatori-V/iob_soc_V1.0/hardware/src/ibex_load_store_unit.sv:141]
INFO: [Synth 8-294] found qualifier unique on case statement: implementing as parallel_case [/home/jaguiar/sandbox/Fatori-V/iob_soc_V1.0/hardware/src/ibex_load_store_unit.sv:153]
INFO: [Synth 8-226] default block is never used [/home/jaguiar/sandbox/Fatori-V/iob_soc_V1.0/hardware/src/ibex_load_store_unit.sv:153]
INFO: [Synth 8-294] found qualifier unique on case statement: implementing as parallel_case [/home/jaguiar/sandbox/Fatori-V/iob_soc_V1.0/hardware/src/ibex_load_store_unit.sv:167]
INFO: [Synth 8-226] default block is never used [/home/jaguiar/sandbox/Fatori-V/iob_soc_V1.0/hardware/src/ibex_load_store_unit.sv:167]
INFO: [Synth 8-294] found qualifier unique on case statement: implementing as parallel_case [/home/jaguiar/sandbox/Fatori-V/iob_soc_V1.0/hardware/src/ibex_load_store_unit.sv:187]
INFO: [Synth 8-226] default block is never used [/home/jaguiar/sandbox/Fatori-V/iob_soc_V1.0/hardware/src/ibex_load_store_unit.sv:187]
INFO: [Synth 8-6157] synthesizing module 'fatori_reg_mon_fi__parameterized25' [/home/jaguiar/sandbox/Fatori-V/iob_soc_V1.0/hardware/src/fatori_reg_mon_fi.sv:22]
	Parameter DATA_W bound to: 32'b00000000000000000000000000011000 
	Parameter RST_VAL bound to: 24'b000000000000000000000000 
	Parameter N bound to: 32'b00000000000000000000000000000001 
	Parameter M bound to: 32'b00000000000000000000000000000000 
	Parameter HOLD_LAST_GOOD bound to: 1'b0 
	Parameter ID_W bound to: 32'b00000000000000000000000000001000 
	Parameter ID bound to: 8'b10000000 
	Parameter N_EFF bound to: 32'b00000000000000000000000000000001 
	Parameter M_DEF bound to: 32'b00000000000000000000000000000001 
	Parameter M_EFF bound to: 32'b00000000000000000000000000000001 
	Parameter MID_BIT bound to: 32'sb00000000000000000000000000001100 
	Parameter NLOG bound to: 32'sb00000000000000000000000000000001 
INFO: [Synth 8-6157] synthesizing module 'iob_reg_re__parameterized5' [/home/jaguiar/sandbox/Fatori-V/iob_soc_V1.0/hardware/src/iob_reg_re.v:4]
	Parameter DATA_W bound to: 24 - type: integer 
	Parameter RST_VAL bound to: 24'b000000000000000000000000 
INFO: [Synth 8-6157] synthesizing module 'iob_reg__parameterized5' [/home/jaguiar/sandbox/Fatori-V/iob_soc_V1.0/hardware/src/iob_reg.v:4]
	Parameter DATA_W bound to: 24 - type: integer 
	Parameter RST_VAL bound to: 24'b000000000000000000000000 
INFO: [Synth 8-6155] done synthesizing module 'iob_reg__parameterized5' (41#1) [/home/jaguiar/sandbox/Fatori-V/iob_soc_V1.0/hardware/src/iob_reg.v:4]
INFO: [Synth 8-6155] done synthesizing module 'iob_reg_re__parameterized5' (41#1) [/home/jaguiar/sandbox/Fatori-V/iob_soc_V1.0/hardware/src/iob_reg_re.v:4]
INFO: [Synth 8-6155] done synthesizing module 'fatori_reg_mon_fi__parameterized25' (41#1) [/home/jaguiar/sandbox/Fatori-V/iob_soc_V1.0/hardware/src/fatori_reg_mon_fi.sv:22]
INFO: [Synth 8-6157] synthesizing module 'fatori_reg_mon_fi__parameterized26' [/home/jaguiar/sandbox/Fatori-V/iob_soc_V1.0/hardware/src/fatori_reg_mon_fi.sv:22]
	Parameter DATA_W bound to: 32'b00000000000000000000000000000010 
	Parameter RST_VAL bound to: 2'b00 
	Parameter N bound to: 32'b00000000000000000000000000000001 
	Parameter M bound to: 32'b00000000000000000000000000000000 
	Parameter HOLD_LAST_GOOD bound to: 1'b0 
	Parameter ID_W bound to: 32'b00000000000000000000000000001000 
	Parameter ID bound to: 8'b10000001 
	Parameter N_EFF bound to: 32'b00000000000000000000000000000001 
	Parameter M_DEF bound to: 32'b00000000000000000000000000000001 
	Parameter M_EFF bound to: 32'b00000000000000000000000000000001 
	Parameter MID_BIT bound to: 32'sb00000000000000000000000000000001 
	Parameter NLOG bound to: 32'sb00000000000000000000000000000001 
INFO: [Synth 8-6155] done synthesizing module 'fatori_reg_mon_fi__parameterized26' (41#1) [/home/jaguiar/sandbox/Fatori-V/iob_soc_V1.0/hardware/src/fatori_reg_mon_fi.sv:22]
INFO: [Synth 8-6157] synthesizing module 'fatori_reg_mon_fi__parameterized27' [/home/jaguiar/sandbox/Fatori-V/iob_soc_V1.0/hardware/src/fatori_reg_mon_fi.sv:22]
	Parameter DATA_W bound to: 32'b00000000000000000000000000000010 
	Parameter RST_VAL bound to: 2'b00 
	Parameter N bound to: 32'b00000000000000000000000000000001 
	Parameter M bound to: 32'b00000000000000000000000000000000 
	Parameter HOLD_LAST_GOOD bound to: 1'b0 
	Parameter ID_W bound to: 32'b00000000000000000000000000001000 
	Parameter ID bound to: 8'b10000010 
	Parameter N_EFF bound to: 32'b00000000000000000000000000000001 
	Parameter M_DEF bound to: 32'b00000000000000000000000000000001 
	Parameter M_EFF bound to: 32'b00000000000000000000000000000001 
	Parameter MID_BIT bound to: 32'sb00000000000000000000000000000001 
	Parameter NLOG bound to: 32'sb00000000000000000000000000000001 
INFO: [Synth 8-6155] done synthesizing module 'fatori_reg_mon_fi__parameterized27' (41#1) [/home/jaguiar/sandbox/Fatori-V/iob_soc_V1.0/hardware/src/fatori_reg_mon_fi.sv:22]
INFO: [Synth 8-6157] synthesizing module 'fatori_reg_mon_fi__parameterized28' [/home/jaguiar/sandbox/Fatori-V/iob_soc_V1.0/hardware/src/fatori_reg_mon_fi.sv:22]
	Parameter DATA_W bound to: 32'b00000000000000000000000000000001 
	Parameter RST_VAL bound to: 1'b0 
	Parameter N bound to: 32'b00000000000000000000000000000001 
	Parameter M bound to: 32'b00000000000000000000000000000000 
	Parameter HOLD_LAST_GOOD bound to: 1'b0 
	Parameter ID_W bound to: 32'b00000000000000000000000000001000 
	Parameter ID bound to: 8'b10000011 
	Parameter N_EFF bound to: 32'b00000000000000000000000000000001 
	Parameter M_DEF bound to: 32'b00000000000000000000000000000001 
	Parameter M_EFF bound to: 32'b00000000000000000000000000000001 
	Parameter MID_BIT bound to: 32'sb00000000000000000000000000000000 
	Parameter NLOG bound to: 32'sb00000000000000000000000000000001 
INFO: [Synth 8-6155] done synthesizing module 'fatori_reg_mon_fi__parameterized28' (41#1) [/home/jaguiar/sandbox/Fatori-V/iob_soc_V1.0/hardware/src/fatori_reg_mon_fi.sv:22]
INFO: [Synth 8-6157] synthesizing module 'fatori_reg_mon_fi__parameterized29' [/home/jaguiar/sandbox/Fatori-V/iob_soc_V1.0/hardware/src/fatori_reg_mon_fi.sv:22]
	Parameter DATA_W bound to: 32'b00000000000000000000000000000001 
	Parameter RST_VAL bound to: 1'b0 
	Parameter N bound to: 32'b00000000000000000000000000000001 
	Parameter M bound to: 32'b00000000000000000000000000000000 
	Parameter HOLD_LAST_GOOD bound to: 1'b0 
	Parameter ID_W bound to: 32'b00000000000000000000000000001000 
	Parameter ID bound to: 8'b10000100 
	Parameter N_EFF bound to: 32'b00000000000000000000000000000001 
	Parameter M_DEF bound to: 32'b00000000000000000000000000000001 
	Parameter M_EFF bound to: 32'b00000000000000000000000000000001 
	Parameter MID_BIT bound to: 32'sb00000000000000000000000000000000 
	Parameter NLOG bound to: 32'sb00000000000000000000000000000001 
INFO: [Synth 8-6155] done synthesizing module 'fatori_reg_mon_fi__parameterized29' (41#1) [/home/jaguiar/sandbox/Fatori-V/iob_soc_V1.0/hardware/src/fatori_reg_mon_fi.sv:22]
INFO: [Synth 8-6157] synthesizing module 'fatori_reg_mon_fi__parameterized30' [/home/jaguiar/sandbox/Fatori-V/iob_soc_V1.0/hardware/src/fatori_reg_mon_fi.sv:22]
	Parameter DATA_W bound to: 32'b00000000000000000000000000100000 
	Parameter RST_VAL bound to: 0 - type: integer 
	Parameter N bound to: 32'b00000000000000000000000000000001 
	Parameter M bound to: 32'b00000000000000000000000000000000 
	Parameter HOLD_LAST_GOOD bound to: 1'b0 
	Parameter ID_W bound to: 32'b00000000000000000000000000001000 
	Parameter ID bound to: 8'b10000101 
	Parameter N_EFF bound to: 32'b00000000000000000000000000000001 
	Parameter M_DEF bound to: 32'b00000000000000000000000000000001 
	Parameter M_EFF bound to: 32'b00000000000000000000000000000001 
	Parameter MID_BIT bound to: 32'sb00000000000000000000000000010000 
	Parameter NLOG bound to: 32'sb00000000000000000000000000000001 
INFO: [Synth 8-6155] done synthesizing module 'fatori_reg_mon_fi__parameterized30' (41#1) [/home/jaguiar/sandbox/Fatori-V/iob_soc_V1.0/hardware/src/fatori_reg_mon_fi.sv:22]
INFO: [Synth 8-294] found qualifier unique on case statement: implementing as parallel_case [/home/jaguiar/sandbox/Fatori-V/iob_soc_V1.0/hardware/src/ibex_load_store_unit.sv:246]
INFO: [Synth 8-226] default block is never used [/home/jaguiar/sandbox/Fatori-V/iob_soc_V1.0/hardware/src/ibex_load_store_unit.sv:246]
INFO: [Synth 8-294] found qualifier unique on case statement: implementing as parallel_case [/home/jaguiar/sandbox/Fatori-V/iob_soc_V1.0/hardware/src/ibex_load_store_unit.sv:261]
INFO: [Synth 8-226] default block is never used [/home/jaguiar/sandbox/Fatori-V/iob_soc_V1.0/hardware/src/ibex_load_store_unit.sv:261]
INFO: [Synth 8-294] found qualifier unique on case statement: implementing as parallel_case [/home/jaguiar/sandbox/Fatori-V/iob_soc_V1.0/hardware/src/ibex_load_store_unit.sv:300]
INFO: [Synth 8-226] default block is never used [/home/jaguiar/sandbox/Fatori-V/iob_soc_V1.0/hardware/src/ibex_load_store_unit.sv:300]
INFO: [Synth 8-294] found qualifier unique on case statement: implementing as parallel_case [/home/jaguiar/sandbox/Fatori-V/iob_soc_V1.0/hardware/src/ibex_load_store_unit.sv:339]
INFO: [Synth 8-226] default block is never used [/home/jaguiar/sandbox/Fatori-V/iob_soc_V1.0/hardware/src/ibex_load_store_unit.sv:339]
INFO: [Synth 8-294] found qualifier unique on case statement: implementing as parallel_case [/home/jaguiar/sandbox/Fatori-V/iob_soc_V1.0/hardware/src/ibex_load_store_unit.sv:400]
INFO: [Synth 8-6157] synthesizing module 'fatori_reg_mon_fi__parameterized31' [/home/jaguiar/sandbox/Fatori-V/iob_soc_V1.0/hardware/src/fatori_reg_mon_fi.sv:22]
	Parameter DATA_W bound to: 32'b00000000000000000000000000000011 
	Parameter RST_VAL bound to: 3'b000 
	Parameter N bound to: 32'b00000000000000000000000000000001 
	Parameter M bound to: 32'b00000000000000000000000000000000 
	Parameter HOLD_LAST_GOOD bound to: 1'b0 
	Parameter ID_W bound to: 32'b00000000000000000000000000001000 
	Parameter ID bound to: 8'b10000110 
	Parameter N_EFF bound to: 32'b00000000000000000000000000000001 
	Parameter M_DEF bound to: 32'b00000000000000000000000000000001 
	Parameter M_EFF bound to: 32'b00000000000000000000000000000001 
	Parameter MID_BIT bound to: 32'sb00000000000000000000000000000001 
	Parameter NLOG bound to: 32'sb00000000000000000000000000000001 
INFO: [Synth 8-6157] synthesizing module 'iob_reg_re__parameterized6' [/home/jaguiar/sandbox/Fatori-V/iob_soc_V1.0/hardware/src/iob_reg_re.v:4]
	Parameter DATA_W bound to: 3 - type: integer 
	Parameter RST_VAL bound to: 3'b000 
INFO: [Synth 8-6157] synthesizing module 'iob_reg__parameterized6' [/home/jaguiar/sandbox/Fatori-V/iob_soc_V1.0/hardware/src/iob_reg.v:4]
	Parameter DATA_W bound to: 3 - type: integer 
	Parameter RST_VAL bound to: 3'b000 
INFO: [Synth 8-6155] done synthesizing module 'iob_reg__parameterized6' (41#1) [/home/jaguiar/sandbox/Fatori-V/iob_soc_V1.0/hardware/src/iob_reg.v:4]
INFO: [Synth 8-6155] done synthesizing module 'iob_reg_re__parameterized6' (41#1) [/home/jaguiar/sandbox/Fatori-V/iob_soc_V1.0/hardware/src/iob_reg_re.v:4]
INFO: [Synth 8-6155] done synthesizing module 'fatori_reg_mon_fi__parameterized31' (41#1) [/home/jaguiar/sandbox/Fatori-V/iob_soc_V1.0/hardware/src/fatori_reg_mon_fi.sv:22]
INFO: [Synth 8-6157] synthesizing module 'fatori_reg_mon_fi__parameterized32' [/home/jaguiar/sandbox/Fatori-V/iob_soc_V1.0/hardware/src/fatori_reg_mon_fi.sv:22]
	Parameter DATA_W bound to: 32'b00000000000000000000000000000001 
	Parameter RST_VAL bound to: 1'b0 
	Parameter N bound to: 32'b00000000000000000000000000000001 
	Parameter M bound to: 32'b00000000000000000000000000000000 
	Parameter HOLD_LAST_GOOD bound to: 1'b0 
	Parameter ID_W bound to: 32'b00000000000000000000000000001000 
	Parameter ID bound to: 8'b10000111 
	Parameter N_EFF bound to: 32'b00000000000000000000000000000001 
	Parameter M_DEF bound to: 32'b00000000000000000000000000000001 
	Parameter M_EFF bound to: 32'b00000000000000000000000000000001 
	Parameter MID_BIT bound to: 32'sb00000000000000000000000000000000 
	Parameter NLOG bound to: 32'sb00000000000000000000000000000001 
INFO: [Synth 8-6155] done synthesizing module 'fatori_reg_mon_fi__parameterized32' (41#1) [/home/jaguiar/sandbox/Fatori-V/iob_soc_V1.0/hardware/src/fatori_reg_mon_fi.sv:22]
INFO: [Synth 8-6157] synthesizing module 'fatori_reg_mon_fi__parameterized33' [/home/jaguiar/sandbox/Fatori-V/iob_soc_V1.0/hardware/src/fatori_reg_mon_fi.sv:22]
	Parameter DATA_W bound to: 32'b00000000000000000000000000000001 
	Parameter RST_VAL bound to: 1'b0 
	Parameter N bound to: 32'b00000000000000000000000000000001 
	Parameter M bound to: 32'b00000000000000000000000000000000 
	Parameter HOLD_LAST_GOOD bound to: 1'b0 
	Parameter ID_W bound to: 32'b00000000000000000000000000001000 
	Parameter ID bound to: 8'b10001000 
	Parameter N_EFF bound to: 32'b00000000000000000000000000000001 
	Parameter M_DEF bound to: 32'b00000000000000000000000000000001 
	Parameter M_EFF bound to: 32'b00000000000000000000000000000001 
	Parameter MID_BIT bound to: 32'sb00000000000000000000000000000000 
	Parameter NLOG bound to: 32'sb00000000000000000000000000000001 
INFO: [Synth 8-6155] done synthesizing module 'fatori_reg_mon_fi__parameterized33' (41#1) [/home/jaguiar/sandbox/Fatori-V/iob_soc_V1.0/hardware/src/fatori_reg_mon_fi.sv:22]
INFO: [Synth 8-6157] synthesizing module 'fatori_reg_mon_fi__parameterized34' [/home/jaguiar/sandbox/Fatori-V/iob_soc_V1.0/hardware/src/fatori_reg_mon_fi.sv:22]
	Parameter DATA_W bound to: 32'b00000000000000000000000000000001 
	Parameter RST_VAL bound to: 1'b0 
	Parameter N bound to: 32'b00000000000000000000000000000001 
	Parameter M bound to: 32'b00000000000000000000000000000000 
	Parameter HOLD_LAST_GOOD bound to: 1'b0 
	Parameter ID_W bound to: 32'b00000000000000000000000000001000 
	Parameter ID bound to: 8'b10001001 
	Parameter N_EFF bound to: 32'b00000000000000000000000000000001 
	Parameter M_DEF bound to: 32'b00000000000000000000000000000001 
	Parameter M_EFF bound to: 32'b00000000000000000000000000000001 
	Parameter MID_BIT bound to: 32'sb00000000000000000000000000000000 
	Parameter NLOG bound to: 32'sb00000000000000000000000000000001 
INFO: [Synth 8-6155] done synthesizing module 'fatori_reg_mon_fi__parameterized34' (41#1) [/home/jaguiar/sandbox/Fatori-V/iob_soc_V1.0/hardware/src/fatori_reg_mon_fi.sv:22]
INFO: [Synth 8-6155] done synthesizing module 'ibex_load_store_unit' (42#1) [/home/jaguiar/sandbox/Fatori-V/iob_soc_V1.0/hardware/src/ibex_load_store_unit.sv:17]
INFO: [Synth 8-6157] synthesizing module 'fatori_mon_voter' [/home/jaguiar/sandbox/Fatori-V/iob_soc_V1.0/hardware/src/fatori_mon_voter.sv:30]
	Parameter W bound to: 32'sb00000000000000000000000010010100 
	Parameter N bound to: 32'sb00000000000000000000000000000101 
	Parameter M bound to: 32'sb00000000000000000000000000000000 
	Parameter HOLD bound to: 1'b0 
	Parameter STRICT_MAJ bound to: 32'sb00000000000000000000000000000011 
	Parameter QUORUM bound to: 32'sb00000000000000000000000000000011 
	Parameter CNTW bound to: 32'sb00000000000000000000000000000011 
INFO: [Synth 8-6155] done synthesizing module 'fatori_mon_voter' (43#1) [/home/jaguiar/sandbox/Fatori-V/iob_soc_V1.0/hardware/src/fatori_mon_voter.sv:30]
INFO: [Synth 8-6155] done synthesizing module 'fatori_mon_wrap_lsu' (44#1) [/home/jaguiar/sandbox/Fatori-V/iob_soc_V1.0/hardware/src/fatori_mon_wrap_lsu.sv:11]
INFO: [Synth 8-6157] synthesizing module 'ibex_id_stage' [/home/jaguiar/sandbox/Fatori-V/iob_soc_V1.0/hardware/src/ibex_id_stage.sv:20]
	Parameter RV32E bound to: 1'b0 
	Parameter RV32M bound to: 2 - type: integer 
	Parameter RV32B bound to: 3 - type: integer 
	Parameter DataIndTiming bound to: 1'b1 
	Parameter BranchTargetALU bound to: 1'b1 
	Parameter WritebackStage bound to: 1'b0 
	Parameter BranchPredictor bound to: 1'b0 
	Parameter MemECC bound to: 1'b0 
	Parameter imd_val_q_reg_0_ERR_W bound to: 32'sb00000000000000000000000000000001 
	Parameter imd_val_q_reg_0_DW bound to: 32'sb00000000000000000000000000100010 
	Parameter imd_val_q_reg_1_ERR_W bound to: 32'sb00000000000000000000000000000001 
	Parameter imd_val_q_reg_1_DW bound to: 32'sb00000000000000000000000000100010 
	Parameter branch_jump_set_done_ERR_W bound to: 32'sb00000000000000000000000000000001 
	Parameter branch_jump_set_done_DW bound to: 32'sb00000000000000000000000000000001 
	Parameter id_fsm_q_ERR_W bound to: 32'sb00000000000000000000000000000001 
	Parameter id_fsm_q_DW bound to: 32'sb00000000000000000000000000000001 
	Parameter id_fsm_q_RST_RAW bound to: 1'b0 
INFO: [Synth 8-294] found qualifier unique on case statement: implementing as parallel_case [/home/jaguiar/sandbox/Fatori-V/iob_soc_V1.0/hardware/src/ibex_id_stage.sv:339]
INFO: [Synth 8-294] found qualifier unique on case statement: implementing as parallel_case [/home/jaguiar/sandbox/Fatori-V/iob_soc_V1.0/hardware/src/ibex_id_stage.sv:348]
INFO: [Synth 8-294] found qualifier unique on case statement: implementing as parallel_case [/home/jaguiar/sandbox/Fatori-V/iob_soc_V1.0/hardware/src/ibex_id_stage.sv:359]
INFO: [Synth 8-6157] synthesizing module 'fatori_mon_wrap_decoder' [/home/jaguiar/sandbox/Fatori-V/iob_soc_V1.0/hardware/src/fatori_mon_wrap_decoder.sv:9]
	Parameter N bound to: 32'sb00000000000000000000000000000101 
	Parameter M bound to: 32'sb00000000000000000000000000000000 
	Parameter HOLD bound to: 1'b0 
	Parameter RV32E bound to: 1'b0 
	Parameter RV32M bound to: 2 - type: integer 
	Parameter RV32B bound to: 3 - type: integer 
	Parameter BranchTargetALU bound to: 1'b1 
	Parameter DW bound to: 32'sb00000000000000000000000100000100 
INFO: [Synth 8-6157] synthesizing module 'ibex_decoder' [/home/jaguiar/sandbox/Fatori-V/iob_soc_V1.0/hardware/src/ibex_decoder.sv:16]
	Parameter RV32E bound to: 1'b0 
	Parameter RV32M bound to: 2 - type: integer 
	Parameter RV32B bound to: 3 - type: integer 
	Parameter BranchTargetALU bound to: 1'b1 
INFO: [Synth 8-6157] synthesizing module 'fatori_reg_mon_fi__parameterized35' [/home/jaguiar/sandbox/Fatori-V/iob_soc_V1.0/hardware/src/fatori_reg_mon_fi.sv:22]
	Parameter DATA_W bound to: 32'b00000000000000000000000000000001 
	Parameter RST_VAL bound to: 1'b0 
	Parameter N bound to: 32'b00000000000000000000000000000001 
	Parameter M bound to: 32'b00000000000000000000000000000000 
	Parameter HOLD_LAST_GOOD bound to: 1'b0 
	Parameter ID_W bound to: 32'b00000000000000000000000000001000 
	Parameter ID bound to: 8'b01010001 
	Parameter N_EFF bound to: 32'b00000000000000000000000000000001 
	Parameter M_DEF bound to: 32'b00000000000000000000000000000001 
	Parameter M_EFF bound to: 32'b00000000000000000000000000000001 
	Parameter MID_BIT bound to: 32'sb00000000000000000000000000000000 
	Parameter NLOG bound to: 32'sb00000000000000000000000000000001 
INFO: [Synth 8-6155] done synthesizing module 'fatori_reg_mon_fi__parameterized35' (44#1) [/home/jaguiar/sandbox/Fatori-V/iob_soc_V1.0/hardware/src/fatori_reg_mon_fi.sv:22]
INFO: [Synth 8-294] found qualifier unique on case statement: implementing as parallel_case [/home/jaguiar/sandbox/Fatori-V/iob_soc_V1.0/hardware/src/ibex_decoder.sv:250]
INFO: [Synth 8-294] found qualifier unique on case statement: implementing as parallel_case [/home/jaguiar/sandbox/Fatori-V/iob_soc_V1.0/hardware/src/ibex_decoder.sv:290]
INFO: [Synth 8-294] found qualifier unique on case statement: implementing as parallel_case [/home/jaguiar/sandbox/Fatori-V/iob_soc_V1.0/hardware/src/ibex_decoder.sv:319]
INFO: [Synth 8-294] found qualifier unique on case statement: implementing as parallel_case [/home/jaguiar/sandbox/Fatori-V/iob_soc_V1.0/hardware/src/ibex_decoder.sv:336]
INFO: [Synth 8-294] found qualifier unique on case statement: implementing as parallel_case [/home/jaguiar/sandbox/Fatori-V/iob_soc_V1.0/hardware/src/ibex_decoder.sv:367]
INFO: [Synth 8-226] default block is never used [/home/jaguiar/sandbox/Fatori-V/iob_soc_V1.0/hardware/src/ibex_decoder.sv:367]
INFO: [Synth 8-294] found qualifier unique on case statement: implementing as parallel_case [/home/jaguiar/sandbox/Fatori-V/iob_soc_V1.0/hardware/src/ibex_decoder.sv:376]
INFO: [Synth 8-294] found qualifier unique on case statement: implementing as parallel_case [/home/jaguiar/sandbox/Fatori-V/iob_soc_V1.0/hardware/src/ibex_decoder.sv:392]
INFO: [Synth 8-294] found qualifier unique on case statement: implementing as parallel_case [/home/jaguiar/sandbox/Fatori-V/iob_soc_V1.0/hardware/src/ibex_decoder.sv:417]
INFO: [Synth 8-294] found qualifier unique on case statement: implementing as parallel_case [/home/jaguiar/sandbox/Fatori-V/iob_soc_V1.0/hardware/src/ibex_decoder.sv:469]
INFO: [Synth 8-294] found qualifier unique on case statement: implementing as parallel_case [/home/jaguiar/sandbox/Fatori-V/iob_soc_V1.0/hardware/src/ibex_decoder.sv:579]
INFO: [Synth 8-294] found qualifier unique on case statement: implementing as parallel_case [/home/jaguiar/sandbox/Fatori-V/iob_soc_V1.0/hardware/src/ibex_decoder.sv:607]
INFO: [Synth 8-294] found qualifier unique on case statement: implementing as parallel_case [/home/jaguiar/sandbox/Fatori-V/iob_soc_V1.0/hardware/src/ibex_decoder.sv:643]
INFO: [Synth 8-294] found qualifier unique on case statement: implementing as parallel_case [/home/jaguiar/sandbox/Fatori-V/iob_soc_V1.0/hardware/src/ibex_decoder.sv:703]
INFO: [Synth 8-294] found qualifier unique on case statement: implementing as parallel_case [/home/jaguiar/sandbox/Fatori-V/iob_soc_V1.0/hardware/src/ibex_decoder.sv:755]
INFO: [Synth 8-294] found qualifier unique on case statement: implementing as parallel_case [/home/jaguiar/sandbox/Fatori-V/iob_soc_V1.0/hardware/src/ibex_decoder.sv:836]
INFO: [Synth 8-226] default block is never used [/home/jaguiar/sandbox/Fatori-V/iob_soc_V1.0/hardware/src/ibex_decoder.sv:836]
INFO: [Synth 8-294] found qualifier unique on case statement: implementing as parallel_case [/home/jaguiar/sandbox/Fatori-V/iob_soc_V1.0/hardware/src/ibex_decoder.sv:846]
INFO: [Synth 8-294] found qualifier unique on case statement: implementing as parallel_case [/home/jaguiar/sandbox/Fatori-V/iob_soc_V1.0/hardware/src/ibex_decoder.sv:858]
INFO: [Synth 8-294] found qualifier unique on case statement: implementing as parallel_case [/home/jaguiar/sandbox/Fatori-V/iob_soc_V1.0/hardware/src/ibex_decoder.sv:922]
INFO: [Synth 8-294] found qualifier unique on case statement: implementing as parallel_case [/home/jaguiar/sandbox/Fatori-V/iob_soc_V1.0/hardware/src/ibex_decoder.sv:965]
INFO: [Synth 8-294] found qualifier unique on case statement: implementing as parallel_case [/home/jaguiar/sandbox/Fatori-V/iob_soc_V1.0/hardware/src/ibex_decoder.sv:1006]
INFO: [Synth 8-294] found qualifier unique on case statement: implementing as parallel_case [/home/jaguiar/sandbox/Fatori-V/iob_soc_V1.0/hardware/src/ibex_decoder.sv:1154]
INFO: [Synth 8-6155] done synthesizing module 'ibex_decoder' (45#1) [/home/jaguiar/sandbox/Fatori-V/iob_soc_V1.0/hardware/src/ibex_decoder.sv:16]
INFO: [Synth 8-6157] synthesizing module 'fatori_mon_voter__parameterized0' [/home/jaguiar/sandbox/Fatori-V/iob_soc_V1.0/hardware/src/fatori_mon_voter.sv:30]
	Parameter W bound to: 32'sb00000000000000000000000100000100 
	Parameter N bound to: 32'sb00000000000000000000000000000101 
	Parameter M bound to: 32'sb00000000000000000000000000000000 
	Parameter HOLD bound to: 1'b0 
	Parameter STRICT_MAJ bound to: 32'sb00000000000000000000000000000011 
	Parameter QUORUM bound to: 32'sb00000000000000000000000000000011 
	Parameter CNTW bound to: 32'sb00000000000000000000000000000011 
INFO: [Synth 8-6155] done synthesizing module 'fatori_mon_voter__parameterized0' (45#1) [/home/jaguiar/sandbox/Fatori-V/iob_soc_V1.0/hardware/src/fatori_mon_voter.sv:30]
INFO: [Synth 8-6155] done synthesizing module 'fatori_mon_wrap_decoder' (46#1) [/home/jaguiar/sandbox/Fatori-V/iob_soc_V1.0/hardware/src/fatori_mon_wrap_decoder.sv:9]
WARNING: [Synth 8-7071] port 'decoder_new_maj_err_o' of module 'fatori_mon_wrap_decoder' is unconnected for instance 'decoder_mon' [/home/jaguiar/sandbox/Fatori-V/iob_soc_V1.0/hardware/src/ibex_id_stage.sv:460]
WARNING: [Synth 8-7071] port 'decoder_new_min_err_o' of module 'fatori_mon_wrap_decoder' is unconnected for instance 'decoder_mon' [/home/jaguiar/sandbox/Fatori-V/iob_soc_V1.0/hardware/src/ibex_id_stage.sv:460]
WARNING: [Synth 8-7071] port 'decoder_scrub_occurred_o' of module 'fatori_mon_wrap_decoder' is unconnected for instance 'decoder_mon' [/home/jaguiar/sandbox/Fatori-V/iob_soc_V1.0/hardware/src/ibex_id_stage.sv:460]
WARNING: [Synth 8-7023] instance 'decoder_mon' of module 'fatori_mon_wrap_decoder' has 56 connections declared, but only 53 given [/home/jaguiar/sandbox/Fatori-V/iob_soc_V1.0/hardware/src/ibex_id_stage.sv:460]
INFO: [Synth 8-6157] synthesizing module 'fatori_mon_wrap_controller' [/home/jaguiar/sandbox/Fatori-V/iob_soc_V1.0/hardware/src/fatori_mon_wrap_controller.sv:8]
	Parameter N bound to: 32'sb00000000000000000000000000000101 
	Parameter M bound to: 32'sb00000000000000000000000000000000 
	Parameter HOLD bound to: 1'b0 
	Parameter WritebackStage bound to: 1'b0 
	Parameter BranchPredictor bound to: 1'b0 
	Parameter MemECC bound to: 1'b0 
	Parameter CW bound to: 32'sb00000000000000000000000001001000 
INFO: [Synth 8-6157] synthesizing module 'ibex_controller' [/home/jaguiar/sandbox/Fatori-V/iob_soc_V1.0/hardware/src/ibex_controller.sv:13]
	Parameter WritebackStage bound to: 1'b0 
	Parameter BranchPredictor bound to: 1'b0 
	Parameter MemECC bound to: 1'b0 
	Parameter debug_cause_q_ERR_W bound to: 32'sb00000000000000000000000000000001 
	Parameter debug_cause_q_DW bound to: 32'sb00000000000000000000000000000011 
	Parameter debug_cause_q_RST_RAW bound to: 3'b000 
	Parameter ctrl_fsm_cs_ERR_W bound to: 32'sb00000000000000000000000000000001 
	Parameter ctrl_fsm_cs_DW bound to: 32'sb00000000000000000000000000000100 
	Parameter ctrl_fsm_cs_RST_RAW bound to: 4'b0000 
	Parameter nmi_mode_q_ERR_W bound to: 32'sb00000000000000000000000000000001 
	Parameter nmi_mode_q_DW bound to: 32'sb00000000000000000000000000000001 
	Parameter do_single_step_q_ERR_W bound to: 32'sb00000000000000000000000000000001 
	Parameter do_single_step_q_DW bound to: 32'sb00000000000000000000000000000001 
	Parameter debug_mode_q_ERR_W bound to: 32'sb00000000000000000000000000000001 
	Parameter debug_mode_q_DW bound to: 32'sb00000000000000000000000000000001 
	Parameter enter_debug_mode_prio_q_ERR_W bound to: 32'sb00000000000000000000000000000001 
	Parameter enter_debug_mode_prio_q_DW bound to: 32'sb00000000000000000000000000000001 
	Parameter load_err_q_ERR_W bound to: 32'sb00000000000000000000000000000001 
	Parameter load_err_q_DW bound to: 32'sb00000000000000000000000000000001 
	Parameter store_err_q_ERR_W bound to: 32'sb00000000000000000000000000000001 
	Parameter store_err_q_DW bound to: 32'sb00000000000000000000000000000001 
	Parameter exc_req_q_ERR_W bound to: 32'sb00000000000000000000000000000001 
	Parameter exc_req_q_DW bound to: 32'sb00000000000000000000000000000001 
	Parameter illegal_insn_q_ERR_W bound to: 32'sb00000000000000000000000000000001 
	Parameter illegal_insn_q_DW bound to: 32'sb00000000000000000000000000000001 
INFO: [Synth 8-6157] synthesizing module 'fatori_reg_mon_fi__parameterized36' [/home/jaguiar/sandbox/Fatori-V/iob_soc_V1.0/hardware/src/fatori_reg_mon_fi.sv:22]
	Parameter DATA_W bound to: 32'b00000000000000000000000000000011 
	Parameter RST_VAL bound to: 3'b000 
	Parameter N bound to: 32'b00000000000000000000000000000001 
	Parameter M bound to: 32'b00000000000000000000000000000000 
	Parameter HOLD_LAST_GOOD bound to: 1'b0 
	Parameter ID_W bound to: 32'b00000000000000000000000000001000 
	Parameter ID bound to: 8'b00001001 
	Parameter N_EFF bound to: 32'b00000000000000000000000000000001 
	Parameter M_DEF bound to: 32'b00000000000000000000000000000001 
	Parameter M_EFF bound to: 32'b00000000000000000000000000000001 
	Parameter MID_BIT bound to: 32'sb00000000000000000000000000000001 
	Parameter NLOG bound to: 32'sb00000000000000000000000000000001 
INFO: [Synth 8-6155] done synthesizing module 'fatori_reg_mon_fi__parameterized36' (46#1) [/home/jaguiar/sandbox/Fatori-V/iob_soc_V1.0/hardware/src/fatori_reg_mon_fi.sv:22]
INFO: [Synth 8-294] found qualifier unique on case statement: implementing as parallel_case [/home/jaguiar/sandbox/Fatori-V/iob_soc_V1.0/hardware/src/ibex_controller.sv:511]
INFO: [Synth 8-294] found qualifier unique on case statement: implementing as parallel_case [/home/jaguiar/sandbox/Fatori-V/iob_soc_V1.0/hardware/src/ibex_controller.sv:774]
INFO: [Synth 8-6157] synthesizing module 'fatori_reg_mon_fi__parameterized37' [/home/jaguiar/sandbox/Fatori-V/iob_soc_V1.0/hardware/src/fatori_reg_mon_fi.sv:22]
	Parameter DATA_W bound to: 32'b00000000000000000000000000000100 
	Parameter RST_VAL bound to: 4'b0000 
	Parameter N bound to: 32'b00000000000000000000000000000001 
	Parameter M bound to: 32'b00000000000000000000000000000000 
	Parameter HOLD_LAST_GOOD bound to: 1'b0 
	Parameter ID_W bound to: 32'b00000000000000000000000000001000 
	Parameter ID bound to: 8'b00001010 
	Parameter N_EFF bound to: 32'b00000000000000000000000000000001 
	Parameter M_DEF bound to: 32'b00000000000000000000000000000001 
	Parameter M_EFF bound to: 32'b00000000000000000000000000000001 
	Parameter MID_BIT bound to: 32'sb00000000000000000000000000000010 
	Parameter NLOG bound to: 32'sb00000000000000000000000000000001 
INFO: [Synth 8-6157] synthesizing module 'iob_reg_re__parameterized7' [/home/jaguiar/sandbox/Fatori-V/iob_soc_V1.0/hardware/src/iob_reg_re.v:4]
	Parameter DATA_W bound to: 4 - type: integer 
	Parameter RST_VAL bound to: 4'b0000 
INFO: [Synth 8-6157] synthesizing module 'iob_reg__parameterized7' [/home/jaguiar/sandbox/Fatori-V/iob_soc_V1.0/hardware/src/iob_reg.v:4]
	Parameter DATA_W bound to: 4 - type: integer 
	Parameter RST_VAL bound to: 4'b0000 
INFO: [Synth 8-6155] done synthesizing module 'iob_reg__parameterized7' (46#1) [/home/jaguiar/sandbox/Fatori-V/iob_soc_V1.0/hardware/src/iob_reg.v:4]
INFO: [Synth 8-6155] done synthesizing module 'iob_reg_re__parameterized7' (46#1) [/home/jaguiar/sandbox/Fatori-V/iob_soc_V1.0/hardware/src/iob_reg_re.v:4]
INFO: [Synth 8-6155] done synthesizing module 'fatori_reg_mon_fi__parameterized37' (46#1) [/home/jaguiar/sandbox/Fatori-V/iob_soc_V1.0/hardware/src/fatori_reg_mon_fi.sv:22]
INFO: [Synth 8-6157] synthesizing module 'fatori_reg_mon_fi__parameterized38' [/home/jaguiar/sandbox/Fatori-V/iob_soc_V1.0/hardware/src/fatori_reg_mon_fi.sv:22]
	Parameter DATA_W bound to: 32'b00000000000000000000000000000001 
	Parameter RST_VAL bound to: 1'b0 
	Parameter N bound to: 32'b00000000000000000000000000000001 
	Parameter M bound to: 32'b00000000000000000000000000000000 
	Parameter HOLD_LAST_GOOD bound to: 1'b0 
	Parameter ID_W bound to: 32'b00000000000000000000000000001000 
	Parameter ID bound to: 8'b00001011 
	Parameter N_EFF bound to: 32'b00000000000000000000000000000001 
	Parameter M_DEF bound to: 32'b00000000000000000000000000000001 
	Parameter M_EFF bound to: 32'b00000000000000000000000000000001 
	Parameter MID_BIT bound to: 32'sb00000000000000000000000000000000 
	Parameter NLOG bound to: 32'sb00000000000000000000000000000001 
INFO: [Synth 8-6155] done synthesizing module 'fatori_reg_mon_fi__parameterized38' (46#1) [/home/jaguiar/sandbox/Fatori-V/iob_soc_V1.0/hardware/src/fatori_reg_mon_fi.sv:22]
INFO: [Synth 8-6157] synthesizing module 'fatori_reg_mon_fi__parameterized39' [/home/jaguiar/sandbox/Fatori-V/iob_soc_V1.0/hardware/src/fatori_reg_mon_fi.sv:22]
	Parameter DATA_W bound to: 32'b00000000000000000000000000000001 
	Parameter RST_VAL bound to: 1'b0 
	Parameter N bound to: 32'b00000000000000000000000000000001 
	Parameter M bound to: 32'b00000000000000000000000000000000 
	Parameter HOLD_LAST_GOOD bound to: 1'b0 
	Parameter ID_W bound to: 32'b00000000000000000000000000001000 
	Parameter ID bound to: 8'b00001100 
	Parameter N_EFF bound to: 32'b00000000000000000000000000000001 
	Parameter M_DEF bound to: 32'b00000000000000000000000000000001 
	Parameter M_EFF bound to: 32'b00000000000000000000000000000001 
	Parameter MID_BIT bound to: 32'sb00000000000000000000000000000000 
	Parameter NLOG bound to: 32'sb00000000000000000000000000000001 
INFO: [Synth 8-6155] done synthesizing module 'fatori_reg_mon_fi__parameterized39' (46#1) [/home/jaguiar/sandbox/Fatori-V/iob_soc_V1.0/hardware/src/fatori_reg_mon_fi.sv:22]
INFO: [Synth 8-6157] synthesizing module 'fatori_reg_mon_fi__parameterized40' [/home/jaguiar/sandbox/Fatori-V/iob_soc_V1.0/hardware/src/fatori_reg_mon_fi.sv:22]
	Parameter DATA_W bound to: 32'b00000000000000000000000000000001 
	Parameter RST_VAL bound to: 1'b0 
	Parameter N bound to: 32'b00000000000000000000000000000001 
	Parameter M bound to: 32'b00000000000000000000000000000000 
	Parameter HOLD_LAST_GOOD bound to: 1'b0 
	Parameter ID_W bound to: 32'b00000000000000000000000000001000 
	Parameter ID bound to: 8'b00001101 
	Parameter N_EFF bound to: 32'b00000000000000000000000000000001 
	Parameter M_DEF bound to: 32'b00000000000000000000000000000001 
	Parameter M_EFF bound to: 32'b00000000000000000000000000000001 
	Parameter MID_BIT bound to: 32'sb00000000000000000000000000000000 
	Parameter NLOG bound to: 32'sb00000000000000000000000000000001 
INFO: [Synth 8-6155] done synthesizing module 'fatori_reg_mon_fi__parameterized40' (46#1) [/home/jaguiar/sandbox/Fatori-V/iob_soc_V1.0/hardware/src/fatori_reg_mon_fi.sv:22]
INFO: [Synth 8-6157] synthesizing module 'fatori_reg_mon_fi__parameterized41' [/home/jaguiar/sandbox/Fatori-V/iob_soc_V1.0/hardware/src/fatori_reg_mon_fi.sv:22]
	Parameter DATA_W bound to: 32'b00000000000000000000000000000001 
	Parameter RST_VAL bound to: 1'b0 
	Parameter N bound to: 32'b00000000000000000000000000000001 
	Parameter M bound to: 32'b00000000000000000000000000000000 
	Parameter HOLD_LAST_GOOD bound to: 1'b0 
	Parameter ID_W bound to: 32'b00000000000000000000000000001000 
	Parameter ID bound to: 8'b00001110 
	Parameter N_EFF bound to: 32'b00000000000000000000000000000001 
	Parameter M_DEF bound to: 32'b00000000000000000000000000000001 
	Parameter M_EFF bound to: 32'b00000000000000000000000000000001 
	Parameter MID_BIT bound to: 32'sb00000000000000000000000000000000 
	Parameter NLOG bound to: 32'sb00000000000000000000000000000001 
INFO: [Synth 8-6155] done synthesizing module 'fatori_reg_mon_fi__parameterized41' (46#1) [/home/jaguiar/sandbox/Fatori-V/iob_soc_V1.0/hardware/src/fatori_reg_mon_fi.sv:22]
INFO: [Synth 8-6157] synthesizing module 'fatori_reg_mon_fi__parameterized42' [/home/jaguiar/sandbox/Fatori-V/iob_soc_V1.0/hardware/src/fatori_reg_mon_fi.sv:22]
	Parameter DATA_W bound to: 32'b00000000000000000000000000000001 
	Parameter RST_VAL bound to: 1'b0 
	Parameter N bound to: 32'b00000000000000000000000000000001 
	Parameter M bound to: 32'b00000000000000000000000000000000 
	Parameter HOLD_LAST_GOOD bound to: 1'b0 
	Parameter ID_W bound to: 32'b00000000000000000000000000001000 
	Parameter ID bound to: 8'b00001111 
	Parameter N_EFF bound to: 32'b00000000000000000000000000000001 
	Parameter M_DEF bound to: 32'b00000000000000000000000000000001 
	Parameter M_EFF bound to: 32'b00000000000000000000000000000001 
	Parameter MID_BIT bound to: 32'sb00000000000000000000000000000000 
	Parameter NLOG bound to: 32'sb00000000000000000000000000000001 
INFO: [Synth 8-6155] done synthesizing module 'fatori_reg_mon_fi__parameterized42' (46#1) [/home/jaguiar/sandbox/Fatori-V/iob_soc_V1.0/hardware/src/fatori_reg_mon_fi.sv:22]
INFO: [Synth 8-6157] synthesizing module 'fatori_reg_mon_fi__parameterized43' [/home/jaguiar/sandbox/Fatori-V/iob_soc_V1.0/hardware/src/fatori_reg_mon_fi.sv:22]
	Parameter DATA_W bound to: 32'b00000000000000000000000000000001 
	Parameter RST_VAL bound to: 1'b0 
	Parameter N bound to: 32'b00000000000000000000000000000001 
	Parameter M bound to: 32'b00000000000000000000000000000000 
	Parameter HOLD_LAST_GOOD bound to: 1'b0 
	Parameter ID_W bound to: 32'b00000000000000000000000000001000 
	Parameter ID bound to: 8'b00010000 
	Parameter N_EFF bound to: 32'b00000000000000000000000000000001 
	Parameter M_DEF bound to: 32'b00000000000000000000000000000001 
	Parameter M_EFF bound to: 32'b00000000000000000000000000000001 
	Parameter MID_BIT bound to: 32'sb00000000000000000000000000000000 
	Parameter NLOG bound to: 32'sb00000000000000000000000000000001 
INFO: [Synth 8-6155] done synthesizing module 'fatori_reg_mon_fi__parameterized43' (46#1) [/home/jaguiar/sandbox/Fatori-V/iob_soc_V1.0/hardware/src/fatori_reg_mon_fi.sv:22]
INFO: [Synth 8-6157] synthesizing module 'fatori_reg_mon_fi__parameterized44' [/home/jaguiar/sandbox/Fatori-V/iob_soc_V1.0/hardware/src/fatori_reg_mon_fi.sv:22]
	Parameter DATA_W bound to: 32'b00000000000000000000000000000001 
	Parameter RST_VAL bound to: 1'b0 
	Parameter N bound to: 32'b00000000000000000000000000000001 
	Parameter M bound to: 32'b00000000000000000000000000000000 
	Parameter HOLD_LAST_GOOD bound to: 1'b0 
	Parameter ID_W bound to: 32'b00000000000000000000000000001000 
	Parameter ID bound to: 8'b00010001 
	Parameter N_EFF bound to: 32'b00000000000000000000000000000001 
	Parameter M_DEF bound to: 32'b00000000000000000000000000000001 
	Parameter M_EFF bound to: 32'b00000000000000000000000000000001 
	Parameter MID_BIT bound to: 32'sb00000000000000000000000000000000 
	Parameter NLOG bound to: 32'sb00000000000000000000000000000001 
INFO: [Synth 8-6155] done synthesizing module 'fatori_reg_mon_fi__parameterized44' (46#1) [/home/jaguiar/sandbox/Fatori-V/iob_soc_V1.0/hardware/src/fatori_reg_mon_fi.sv:22]
INFO: [Synth 8-6157] synthesizing module 'fatori_reg_mon_fi__parameterized45' [/home/jaguiar/sandbox/Fatori-V/iob_soc_V1.0/hardware/src/fatori_reg_mon_fi.sv:22]
	Parameter DATA_W bound to: 32'b00000000000000000000000000000001 
	Parameter RST_VAL bound to: 1'b0 
	Parameter N bound to: 32'b00000000000000000000000000000001 
	Parameter M bound to: 32'b00000000000000000000000000000000 
	Parameter HOLD_LAST_GOOD bound to: 1'b0 
	Parameter ID_W bound to: 32'b00000000000000000000000000001000 
	Parameter ID bound to: 8'b00010010 
	Parameter N_EFF bound to: 32'b00000000000000000000000000000001 
	Parameter M_DEF bound to: 32'b00000000000000000000000000000001 
	Parameter M_EFF bound to: 32'b00000000000000000000000000000001 
	Parameter MID_BIT bound to: 32'sb00000000000000000000000000000000 
	Parameter NLOG bound to: 32'sb00000000000000000000000000000001 
INFO: [Synth 8-6155] done synthesizing module 'fatori_reg_mon_fi__parameterized45' (46#1) [/home/jaguiar/sandbox/Fatori-V/iob_soc_V1.0/hardware/src/fatori_reg_mon_fi.sv:22]
INFO: [Synth 8-6155] done synthesizing module 'ibex_controller' (47#1) [/home/jaguiar/sandbox/Fatori-V/iob_soc_V1.0/hardware/src/ibex_controller.sv:13]
INFO: [Synth 8-6157] synthesizing module 'fatori_mon_voter__parameterized1' [/home/jaguiar/sandbox/Fatori-V/iob_soc_V1.0/hardware/src/fatori_mon_voter.sv:30]
	Parameter W bound to: 32'sb00000000000000000000000001001000 
	Parameter N bound to: 32'sb00000000000000000000000000000101 
	Parameter M bound to: 32'sb00000000000000000000000000000000 
	Parameter HOLD bound to: 1'b0 
	Parameter STRICT_MAJ bound to: 32'sb00000000000000000000000000000011 
	Parameter QUORUM bound to: 32'sb00000000000000000000000000000011 
	Parameter CNTW bound to: 32'sb00000000000000000000000000000011 
INFO: [Synth 8-6155] done synthesizing module 'fatori_mon_voter__parameterized1' (47#1) [/home/jaguiar/sandbox/Fatori-V/iob_soc_V1.0/hardware/src/fatori_mon_voter.sv:30]
INFO: [Synth 8-6155] done synthesizing module 'fatori_mon_wrap_controller' (48#1) [/home/jaguiar/sandbox/Fatori-V/iob_soc_V1.0/hardware/src/fatori_mon_wrap_controller.sv:8]
INFO: [Synth 8-6157] synthesizing module 'fatori_reg_mon_fi__parameterized46' [/home/jaguiar/sandbox/Fatori-V/iob_soc_V1.0/hardware/src/fatori_reg_mon_fi.sv:22]
	Parameter DATA_W bound to: 32'b00000000000000000000000000000001 
	Parameter RST_VAL bound to: 1'b0 
	Parameter N bound to: 32'b00000000000000000000000000000001 
	Parameter M bound to: 32'b00000000000000000000000000000000 
	Parameter HOLD_LAST_GOOD bound to: 1'b0 
	Parameter ID_W bound to: 32'b00000000000000000000000000001000 
	Parameter ID bound to: 8'b01011111 
	Parameter N_EFF bound to: 32'b00000000000000000000000000000001 
	Parameter M_DEF bound to: 32'b00000000000000000000000000000001 
	Parameter M_EFF bound to: 32'b00000000000000000000000000000001 
	Parameter MID_BIT bound to: 32'sb00000000000000000000000000000000 
	Parameter NLOG bound to: 32'sb00000000000000000000000000000001 
INFO: [Synth 8-6155] done synthesizing module 'fatori_reg_mon_fi__parameterized46' (48#1) [/home/jaguiar/sandbox/Fatori-V/iob_soc_V1.0/hardware/src/fatori_reg_mon_fi.sv:22]
INFO: [Synth 8-6157] synthesizing module 'fatori_reg_mon_fi__parameterized47' [/home/jaguiar/sandbox/Fatori-V/iob_soc_V1.0/hardware/src/fatori_reg_mon_fi.sv:22]
	Parameter DATA_W bound to: 32'b00000000000000000000000000000001 
	Parameter RST_VAL bound to: 1'b0 
	Parameter N bound to: 32'b00000000000000000000000000000001 
	Parameter M bound to: 32'b00000000000000000000000000000000 
	Parameter HOLD_LAST_GOOD bound to: 1'b0 
	Parameter ID_W bound to: 32'b00000000000000000000000000001000 
	Parameter ID bound to: 8'b01100001 
	Parameter N_EFF bound to: 32'b00000000000000000000000000000001 
	Parameter M_DEF bound to: 32'b00000000000000000000000000000001 
	Parameter M_EFF bound to: 32'b00000000000000000000000000000001 
	Parameter MID_BIT bound to: 32'sb00000000000000000000000000000000 
	Parameter NLOG bound to: 32'sb00000000000000000000000000000001 
INFO: [Synth 8-6155] done synthesizing module 'fatori_reg_mon_fi__parameterized47' (48#1) [/home/jaguiar/sandbox/Fatori-V/iob_soc_V1.0/hardware/src/fatori_reg_mon_fi.sv:22]
INFO: [Synth 8-294] found qualifier unique on case statement: implementing as parallel_case [/home/jaguiar/sandbox/Fatori-V/iob_soc_V1.0/hardware/src/ibex_id_stage.sv:327]
INFO: [Synth 8-226] default block is never used [/home/jaguiar/sandbox/Fatori-V/iob_soc_V1.0/hardware/src/ibex_id_stage.sv:327]
INFO: [Synth 8-6157] synthesizing module 'fatori_reg_mon_fi__parameterized48' [/home/jaguiar/sandbox/Fatori-V/iob_soc_V1.0/hardware/src/fatori_reg_mon_fi.sv:22]
	Parameter DATA_W bound to: 32'b00000000000000000000000000100010 
	Parameter RST_VAL bound to: 34'b0000000000000000000000000000000000 
	Parameter N bound to: 32'b00000000000000000000000000000001 
	Parameter M bound to: 32'b00000000000000000000000000000000 
	Parameter HOLD_LAST_GOOD bound to: 1'b0 
	Parameter ID_W bound to: 32'b00000000000000000000000000001000 
	Parameter ID bound to: 8'b01011101 
	Parameter N_EFF bound to: 32'b00000000000000000000000000000001 
	Parameter M_DEF bound to: 32'b00000000000000000000000000000001 
	Parameter M_EFF bound to: 32'b00000000000000000000000000000001 
	Parameter MID_BIT bound to: 32'sb00000000000000000000000000010001 
	Parameter NLOG bound to: 32'sb00000000000000000000000000000001 
INFO: [Synth 8-6157] synthesizing module 'iob_reg_re__parameterized8' [/home/jaguiar/sandbox/Fatori-V/iob_soc_V1.0/hardware/src/iob_reg_re.v:4]
	Parameter DATA_W bound to: 34 - type: integer 
	Parameter RST_VAL bound to: 34'b0000000000000000000000000000000000 
INFO: [Synth 8-6157] synthesizing module 'iob_reg__parameterized8' [/home/jaguiar/sandbox/Fatori-V/iob_soc_V1.0/hardware/src/iob_reg.v:4]
	Parameter DATA_W bound to: 34 - type: integer 
	Parameter RST_VAL bound to: 34'b0000000000000000000000000000000000 
INFO: [Synth 8-6155] done synthesizing module 'iob_reg__parameterized8' (48#1) [/home/jaguiar/sandbox/Fatori-V/iob_soc_V1.0/hardware/src/iob_reg.v:4]
INFO: [Synth 8-6155] done synthesizing module 'iob_reg_re__parameterized8' (48#1) [/home/jaguiar/sandbox/Fatori-V/iob_soc_V1.0/hardware/src/iob_reg_re.v:4]
INFO: [Synth 8-6155] done synthesizing module 'fatori_reg_mon_fi__parameterized48' (48#1) [/home/jaguiar/sandbox/Fatori-V/iob_soc_V1.0/hardware/src/fatori_reg_mon_fi.sv:22]
INFO: [Synth 8-6157] synthesizing module 'fatori_reg_mon_fi__parameterized49' [/home/jaguiar/sandbox/Fatori-V/iob_soc_V1.0/hardware/src/fatori_reg_mon_fi.sv:22]
	Parameter DATA_W bound to: 32'b00000000000000000000000000100010 
	Parameter RST_VAL bound to: 34'b0000000000000000000000000000000000 
	Parameter N bound to: 32'b00000000000000000000000000000001 
	Parameter M bound to: 32'b00000000000000000000000000000000 
	Parameter HOLD_LAST_GOOD bound to: 1'b0 
	Parameter ID_W bound to: 32'b00000000000000000000000000001000 
	Parameter ID bound to: 8'b01011110 
	Parameter N_EFF bound to: 32'b00000000000000000000000000000001 
	Parameter M_DEF bound to: 32'b00000000000000000000000000000001 
	Parameter M_EFF bound to: 32'b00000000000000000000000000000001 
	Parameter MID_BIT bound to: 32'sb00000000000000000000000000010001 
	Parameter NLOG bound to: 32'sb00000000000000000000000000000001 
INFO: [Synth 8-6155] done synthesizing module 'fatori_reg_mon_fi__parameterized49' (48#1) [/home/jaguiar/sandbox/Fatori-V/iob_soc_V1.0/hardware/src/fatori_reg_mon_fi.sv:22]
INFO: [Synth 8-294] found qualifier unique on case statement: implementing as parallel_case [/home/jaguiar/sandbox/Fatori-V/iob_soc_V1.0/hardware/src/ibex_id_stage.sv:437]
INFO: [Synth 8-226] default block is never used [/home/jaguiar/sandbox/Fatori-V/iob_soc_V1.0/hardware/src/ibex_id_stage.sv:437]
INFO: [Synth 8-6157] synthesizing module 'fatori_reg_mon_fi__parameterized50' [/home/jaguiar/sandbox/Fatori-V/iob_soc_V1.0/hardware/src/fatori_reg_mon_fi.sv:22]
	Parameter DATA_W bound to: 32'b00000000000000000000000000000001 
	Parameter RST_VAL bound to: 1'b0 
	Parameter N bound to: 32'b00000000000000000000000000000001 
	Parameter M bound to: 32'b00000000000000000000000000000000 
	Parameter HOLD_LAST_GOOD bound to: 1'b0 
	Parameter ID_W bound to: 32'b00000000000000000000000000001000 
	Parameter ID bound to: 8'b01100000 
	Parameter N_EFF bound to: 32'b00000000000000000000000000000001 
	Parameter M_DEF bound to: 32'b00000000000000000000000000000001 
	Parameter M_EFF bound to: 32'b00000000000000000000000000000001 
	Parameter MID_BIT bound to: 32'sb00000000000000000000000000000000 
	Parameter NLOG bound to: 32'sb00000000000000000000000000000001 
INFO: [Synth 8-6155] done synthesizing module 'fatori_reg_mon_fi__parameterized50' (48#1) [/home/jaguiar/sandbox/Fatori-V/iob_soc_V1.0/hardware/src/fatori_reg_mon_fi.sv:22]
INFO: [Synth 8-6157] synthesizing module 'fatori_reg_mon_fi__parameterized51' [/home/jaguiar/sandbox/Fatori-V/iob_soc_V1.0/hardware/src/fatori_reg_mon_fi.sv:22]
	Parameter DATA_W bound to: 32'b00000000000000000000000000000001 
	Parameter RST_VAL bound to: 1'b0 
	Parameter N bound to: 32'b00000000000000000000000000000001 
	Parameter M bound to: 32'b00000000000000000000000000000000 
	Parameter HOLD_LAST_GOOD bound to: 1'b0 
	Parameter ID_W bound to: 32'b00000000000000000000000000001000 
	Parameter ID bound to: 8'b01100010 
	Parameter N_EFF bound to: 32'b00000000000000000000000000000001 
	Parameter M_DEF bound to: 32'b00000000000000000000000000000001 
	Parameter M_EFF bound to: 32'b00000000000000000000000000000001 
	Parameter MID_BIT bound to: 32'sb00000000000000000000000000000000 
	Parameter NLOG bound to: 32'sb00000000000000000000000000000001 
INFO: [Synth 8-6155] done synthesizing module 'fatori_reg_mon_fi__parameterized51' (48#1) [/home/jaguiar/sandbox/Fatori-V/iob_soc_V1.0/hardware/src/fatori_reg_mon_fi.sv:22]
INFO: [Synth 8-294] found qualifier unique on case statement: implementing as parallel_case [/home/jaguiar/sandbox/Fatori-V/iob_soc_V1.0/hardware/src/ibex_id_stage.sv:1059]
INFO: [Synth 8-226] default block is never used [/home/jaguiar/sandbox/Fatori-V/iob_soc_V1.0/hardware/src/ibex_id_stage.sv:1059]
INFO: [Synth 8-294] found qualifier unique on case statement: implementing as parallel_case [/home/jaguiar/sandbox/Fatori-V/iob_soc_V1.0/hardware/src/ibex_id_stage.sv:1061]
INFO: [Synth 8-6155] done synthesizing module 'ibex_id_stage' (49#1) [/home/jaguiar/sandbox/Fatori-V/iob_soc_V1.0/hardware/src/ibex_id_stage.sv:20]
INFO: [Synth 8-6157] synthesizing module 'ibex_ex_block' [/home/jaguiar/sandbox/Fatori-V/iob_soc_V1.0/hardware/src/ibex_ex_block.sv:11]
	Parameter RV32M bound to: 2 - type: integer 
	Parameter RV32B bound to: 3 - type: integer 
	Parameter BranchTargetALU bound to: 1'b1 
INFO: [Synth 8-6157] synthesizing module 'fatori_mon_wrap_alu' [/home/jaguiar/sandbox/Fatori-V/iob_soc_V1.0/hardware/src/fatori_mon_wrap_alu.sv:10]
	Parameter N bound to: 32'sb00000000000000000000000000000101 
	Parameter M bound to: 32'sb00000000000000000000000000000000 
	Parameter HOLD bound to: 1'b0 
	Parameter RV32B bound to: 3 - type: integer 
	Parameter AW bound to: 32'sb00000000000000000000000010100110 
INFO: [Synth 8-6157] synthesizing module 'ibex_alu' [/home/jaguiar/sandbox/Fatori-V/iob_soc_V1.0/hardware/src/ibex_alu.sv:9]
	Parameter RV32B bound to: 3 - type: integer 
INFO: [Synth 8-294] found qualifier unique on case statement: implementing as parallel_case [/home/jaguiar/sandbox/Fatori-V/iob_soc_V1.0/hardware/src/ibex_alu.sv:778]
INFO: [Synth 8-294] found qualifier unique on case statement: implementing as parallel_case [/home/jaguiar/sandbox/Fatori-V/iob_soc_V1.0/hardware/src/ibex_alu.sv:933]
INFO: [Synth 8-294] found qualifier unique on case statement: implementing as parallel_case [/home/jaguiar/sandbox/Fatori-V/iob_soc_V1.0/hardware/src/ibex_alu.sv:980]
INFO: [Synth 8-294] found qualifier unique on case statement: implementing as parallel_case [/home/jaguiar/sandbox/Fatori-V/iob_soc_V1.0/hardware/src/ibex_alu.sv:459]
INFO: [Synth 8-294] found qualifier unique on case statement: implementing as parallel_case [/home/jaguiar/sandbox/Fatori-V/iob_soc_V1.0/hardware/src/ibex_alu.sv:564]
INFO: [Synth 8-294] found qualifier unique on case statement: implementing as parallel_case [/home/jaguiar/sandbox/Fatori-V/iob_soc_V1.0/hardware/src/ibex_alu.sv:583]
INFO: [Synth 8-294] found qualifier unique on case statement: implementing as parallel_case [/home/jaguiar/sandbox/Fatori-V/iob_soc_V1.0/hardware/src/ibex_alu.sv:1206]
INFO: [Synth 8-294] found qualifier unique on case statement: implementing as parallel_case [/home/jaguiar/sandbox/Fatori-V/iob_soc_V1.0/hardware/src/ibex_alu.sv:1246]
INFO: [Synth 8-294] found qualifier unique on case statement: implementing as parallel_case [/home/jaguiar/sandbox/Fatori-V/iob_soc_V1.0/hardware/src/ibex_alu.sv:60]
INFO: [Synth 8-294] found qualifier unique on case statement: implementing as parallel_case [/home/jaguiar/sandbox/Fatori-V/iob_soc_V1.0/hardware/src/ibex_alu.sv:85]
INFO: [Synth 8-294] found qualifier unique on case statement: implementing as parallel_case [/home/jaguiar/sandbox/Fatori-V/iob_soc_V1.0/hardware/src/ibex_alu.sv:97]
INFO: [Synth 8-294] found qualifier unique on case statement: implementing as parallel_case [/home/jaguiar/sandbox/Fatori-V/iob_soc_V1.0/hardware/src/ibex_alu.sv:120]
INFO: [Synth 8-294] found qualifier unique on case statement: implementing as parallel_case [/home/jaguiar/sandbox/Fatori-V/iob_soc_V1.0/hardware/src/ibex_alu.sv:160]
INFO: [Synth 8-294] found qualifier unique on case statement: implementing as parallel_case [/home/jaguiar/sandbox/Fatori-V/iob_soc_V1.0/hardware/src/ibex_alu.sv:305]
INFO: [Synth 8-294] found qualifier unique on case statement: implementing as parallel_case [/home/jaguiar/sandbox/Fatori-V/iob_soc_V1.0/hardware/src/ibex_alu.sv:335]
INFO: [Synth 8-294] found qualifier unique on case statement: implementing as parallel_case [/home/jaguiar/sandbox/Fatori-V/iob_soc_V1.0/hardware/src/ibex_alu.sv:372]
INFO: [Synth 8-294] found qualifier unique on case statement: implementing as parallel_case [/home/jaguiar/sandbox/Fatori-V/iob_soc_V1.0/hardware/src/ibex_alu.sv:392]
INFO: [Synth 8-294] found qualifier unique on case statement: implementing as parallel_case [/home/jaguiar/sandbox/Fatori-V/iob_soc_V1.0/hardware/src/ibex_alu.sv:1322]
INFO: [Synth 8-6155] done synthesizing module 'ibex_alu' (50#1) [/home/jaguiar/sandbox/Fatori-V/iob_soc_V1.0/hardware/src/ibex_alu.sv:9]
INFO: [Synth 8-6157] synthesizing module 'fatori_mon_voter__parameterized2' [/home/jaguiar/sandbox/Fatori-V/iob_soc_V1.0/hardware/src/fatori_mon_voter.sv:30]
	Parameter W bound to: 32'sb00000000000000000000000010100110 
	Parameter N bound to: 32'sb00000000000000000000000000000101 
	Parameter M bound to: 32'sb00000000000000000000000000000000 
	Parameter HOLD bound to: 1'b0 
	Parameter STRICT_MAJ bound to: 32'sb00000000000000000000000000000011 
	Parameter QUORUM bound to: 32'sb00000000000000000000000000000011 
	Parameter CNTW bound to: 32'sb00000000000000000000000000000011 
INFO: [Synth 8-6155] done synthesizing module 'fatori_mon_voter__parameterized2' (50#1) [/home/jaguiar/sandbox/Fatori-V/iob_soc_V1.0/hardware/src/fatori_mon_voter.sv:30]
INFO: [Synth 8-6155] done synthesizing module 'fatori_mon_wrap_alu' (51#1) [/home/jaguiar/sandbox/Fatori-V/iob_soc_V1.0/hardware/src/fatori_mon_wrap_alu.sv:10]
INFO: [Synth 8-6157] synthesizing module 'ibex_multdiv_fast' [/home/jaguiar/sandbox/Fatori-V/iob_soc_V1.0/hardware/src/ibex_multdiv_fast.sv:17]
	Parameter RV32M bound to: 2 - type: integer 
INFO: [Synth 8-294] found qualifier unique on case statement: implementing as parallel_case [/home/jaguiar/sandbox/Fatori-V/iob_soc_V1.0/hardware/src/ibex_multdiv_fast.sv:293]
INFO: [Synth 8-226] default block is never used [/home/jaguiar/sandbox/Fatori-V/iob_soc_V1.0/hardware/src/ibex_multdiv_fast.sv:293]
INFO: [Synth 8-294] found qualifier unique on case statement: implementing as parallel_case [/home/jaguiar/sandbox/Fatori-V/iob_soc_V1.0/hardware/src/ibex_multdiv_fast.sv:425]
INFO: [Synth 8-6155] done synthesizing module 'ibex_multdiv_fast' (52#1) [/home/jaguiar/sandbox/Fatori-V/iob_soc_V1.0/hardware/src/ibex_multdiv_fast.sv:17]
INFO: [Synth 8-6155] done synthesizing module 'ibex_ex_block' (53#1) [/home/jaguiar/sandbox/Fatori-V/iob_soc_V1.0/hardware/src/ibex_ex_block.sv:11]
INFO: [Synth 8-6157] synthesizing module 'ibex_wb_stage' [/home/jaguiar/sandbox/Fatori-V/iob_soc_V1.0/hardware/src/ibex_wb_stage.sv:17]
	Parameter ResetAll bound to: 1'b0 
	Parameter WritebackStage bound to: 1'b0 
	Parameter DummyInstructions bound to: 1'b0 
INFO: [Synth 8-6155] done synthesizing module 'ibex_wb_stage' (54#1) [/home/jaguiar/sandbox/Fatori-V/iob_soc_V1.0/hardware/src/ibex_wb_stage.sv:17]
INFO: [Synth 8-6157] synthesizing module 'ibex_cs_registers' [/home/jaguiar/sandbox/Fatori-V/iob_soc_V1.0/hardware/src/ibex_cs_registers.sv:12]
	Parameter DbgTriggerEn bound to: 1'b0 
	Parameter DbgHwBreakNum bound to: 32'b00000000000000000000000000000001 
	Parameter DataIndTiming bound to: 1'b1 
	Parameter DummyInstructions bound to: 1'b0 
	Parameter ShadowCSR bound to: 1'b1 
	Parameter ICache bound to: 1'b1 
	Parameter MHPMCounterNum bound to: 32'b00000000000000000000000000001010 
	Parameter MHPMCounterWidth bound to: 32'b00000000000000000000000000100000 
	Parameter PMPEnable bound to: 1'b0 
	Parameter PMPGranularity bound to: 32'b00000000000000000000000000000000 
	Parameter PMPNumRegions bound to: 32'b00000000000000000000000000010000 
	Parameter PMPRstCfg bound to: 96'b000000000000000000000000000000000000000000000000000000000000000000000000000000000000000000000000 
	Parameter PMPRstAddr bound to: 544'b0000000000000000000000000000000000000000000000000000000000000000000000000000000000000000000000000000000000000000000000000000000000000000000000000000000000000000000000000000000000000000000000000000000000000000000000000000000000000000000000000000000000000000000000000000000000000000000000000000000000000000000000000000000000000000000000000000000000000000000000000000000000000000000000000000000000000000000000000000000000000000000000000000000000000000000000000000000000000000000000000000000000000000000000000000000000000000000000000000000000000000 
	Parameter PMPRstMsecCfg[rlb] bound to: 1'b0 
	Parameter PMPRstMsecCfg[mmwp] bound to: 1'b0 
	Parameter PMPRstMsecCfg[mml] bound to: 1'b0 
	Parameter RV32E bound to: 1'b0 
	Parameter RV32M bound to: 2 - type: integer 
	Parameter RV32B bound to: 3 - type: integer 
	Parameter RV32BExtra bound to: 32'b00000000000000000000000000000001 
	Parameter RV32MEnabled bound to: 32'b00000000000000000000000000000001 
	Parameter PMPAddrWidth bound to: 32'b00000000000000000000000000100000 
	Parameter MISA_VALUE bound to: 32'b01000000100100000001000100000100 
	Parameter priv_lvl_q_ERR_W bound to: 32'sb00000000000000000000000000000001 
	Parameter priv_lvl_q_DW bound to: 32'sb00000000000000000000000000000010 
	Parameter priv_lvl_q_RST_RAW bound to: 2'b11 
	Parameter MSTATUS_RST_VAL[mie] bound to: 1'b0 
	Parameter MSTATUS_RST_VAL[mpie] bound to: 1'b1 
	Parameter MSTATUS_RST_VAL[mpp] bound to: 2'b00 
	Parameter MSTATUS_RST_VAL[mprv] bound to: 1'b0 
	Parameter MSTATUS_RST_VAL[tw] bound to: 1'b0 
	Parameter DCSR_RESET_VAL[xdebugver] bound to: 4'b0100 
	Parameter DCSR_RESET_VAL[zero2] bound to: 12'b000000000000 
	Parameter DCSR_RESET_VAL[ebreakm] bound to: 1'b0 
	Parameter DCSR_RESET_VAL[zero1] bound to: 1'b0 
	Parameter DCSR_RESET_VAL[ebreaks] bound to: 1'b0 
	Parameter DCSR_RESET_VAL[ebreaku] bound to: 1'b0 
	Parameter DCSR_RESET_VAL[stepie] bound to: 1'b0 
	Parameter DCSR_RESET_VAL[stopcount] bound to: 1'b0 
	Parameter DCSR_RESET_VAL[stoptime] bound to: 1'b0 
	Parameter DCSR_RESET_VAL[cause] bound to: 3'b000 
	Parameter DCSR_RESET_VAL[zero0] bound to: 1'b0 
	Parameter DCSR_RESET_VAL[mprven] bound to: 1'b0 
	Parameter DCSR_RESET_VAL[nmip] bound to: 1'b0 
	Parameter DCSR_RESET_VAL[step] bound to: 1'b0 
	Parameter DCSR_RESET_VAL[prv] bound to: 2'b11 
	Parameter MSTACK_RESET_VAL[mpie] bound to: 1'b1 
	Parameter MSTACK_RESET_VAL[mpp] bound to: 2'b00 
	Parameter mcountinhibit_ERR_W bound to: 32'sb00000000000000000000000000000001 
	Parameter mcountinhibit_DW bound to: 32'sb00000000000000000000000000001101 
INFO: [Synth 8-6157] synthesizing module 'ibex_counter' [/home/jaguiar/sandbox/Fatori-V/iob_soc_V1.0/hardware/src/ibex_counter.sv:5]
	Parameter CounterWidth bound to: 32'sb00000000000000000000000000100000 
	Parameter ProvideValUpd bound to: 1'b0 
INFO: [Synth 8-6155] done synthesizing module 'ibex_counter' (55#1) [/home/jaguiar/sandbox/Fatori-V/iob_soc_V1.0/hardware/src/ibex_counter.sv:5]
INFO: [Synth 8-6157] synthesizing module 'ibex_counter__parameterized0' [/home/jaguiar/sandbox/Fatori-V/iob_soc_V1.0/hardware/src/ibex_counter.sv:5]
	Parameter CounterWidth bound to: 32'sb00000000000000000000000000100000 
	Parameter ProvideValUpd bound to: 1'b1 
INFO: [Synth 8-6155] done synthesizing module 'ibex_counter__parameterized0' (55#1) [/home/jaguiar/sandbox/Fatori-V/iob_soc_V1.0/hardware/src/ibex_counter.sv:5]
INFO: [Synth 8-6157] synthesizing module 'ibex_csr' [/home/jaguiar/sandbox/Fatori-V/iob_soc_V1.0/hardware/src/ibex_csr.sv:11]
	Parameter Width bound to: 32'b00000000000000000000000000000001 
	Parameter ShadowCopy bound to: 1'b1 
	Parameter ResetValue bound to: 1'b0 
	Parameter rdata_ERR_W bound to: 32'sb00000000000000000000000000000001 
	Parameter rdata_DW bound to: 32'sb00000000000000000000000000000001 
INFO: [Synth 8-6157] synthesizing module 'fatori_reg_mon_fi__parameterized52' [/home/jaguiar/sandbox/Fatori-V/iob_soc_V1.0/hardware/src/fatori_reg_mon_fi.sv:22]
	Parameter DATA_W bound to: 32'b00000000000000000000000000000001 
	Parameter RST_VAL bound to: 1'b1 
	Parameter N bound to: 32'b00000000000000000000000000000001 
	Parameter M bound to: 32'b00000000000000000000000000000000 
	Parameter HOLD_LAST_GOOD bound to: 1'b0 
	Parameter ID_W bound to: 32'b00000000000000000000000000001000 
	Parameter ID bound to: 8'b01010000 
	Parameter N_EFF bound to: 32'b00000000000000000000000000000001 
	Parameter M_DEF bound to: 32'b00000000000000000000000000000001 
	Parameter M_EFF bound to: 32'b00000000000000000000000000000001 
	Parameter MID_BIT bound to: 32'sb00000000000000000000000000000000 
	Parameter NLOG bound to: 32'sb00000000000000000000000000000001 
INFO: [Synth 8-6157] synthesizing module 'iob_reg_re__parameterized9' [/home/jaguiar/sandbox/Fatori-V/iob_soc_V1.0/hardware/src/iob_reg_re.v:4]
	Parameter DATA_W bound to: 1 - type: integer 
	Parameter RST_VAL bound to: 1'b1 
INFO: [Synth 8-6157] synthesizing module 'iob_reg__parameterized9' [/home/jaguiar/sandbox/Fatori-V/iob_soc_V1.0/hardware/src/iob_reg.v:4]
	Parameter DATA_W bound to: 1 - type: integer 
	Parameter RST_VAL bound to: 1'b1 
INFO: [Synth 8-6155] done synthesizing module 'iob_reg__parameterized9' (55#1) [/home/jaguiar/sandbox/Fatori-V/iob_soc_V1.0/hardware/src/iob_reg.v:4]
INFO: [Synth 8-6155] done synthesizing module 'iob_reg_re__parameterized9' (55#1) [/home/jaguiar/sandbox/Fatori-V/iob_soc_V1.0/hardware/src/iob_reg_re.v:4]
INFO: [Synth 8-6155] done synthesizing module 'fatori_reg_mon_fi__parameterized52' (55#1) [/home/jaguiar/sandbox/Fatori-V/iob_soc_V1.0/hardware/src/fatori_reg_mon_fi.sv:22]
INFO: [Synth 8-6157] synthesizing module 'fatori_reg_mon_fi__parameterized53' [/home/jaguiar/sandbox/Fatori-V/iob_soc_V1.0/hardware/src/fatori_reg_mon_fi.sv:22]
	Parameter DATA_W bound to: 32'b00000000000000000000000000000001 
	Parameter RST_VAL bound to: 1'b0 
	Parameter N bound to: 32'b00000000000000000000000000000001 
	Parameter M bound to: 32'b00000000000000000000000000000000 
	Parameter HOLD_LAST_GOOD bound to: 1'b0 
	Parameter ID_W bound to: 32'b00000000000000000000000000001000 
	Parameter ID bound to: 8'b01001111 
	Parameter N_EFF bound to: 32'b00000000000000000000000000000001 
	Parameter M_DEF bound to: 32'b00000000000000000000000000000001 
	Parameter M_EFF bound to: 32'b00000000000000000000000000000001 
	Parameter MID_BIT bound to: 32'sb00000000000000000000000000000000 
	Parameter NLOG bound to: 32'sb00000000000000000000000000000001 
INFO: [Synth 8-6155] done synthesizing module 'fatori_reg_mon_fi__parameterized53' (55#1) [/home/jaguiar/sandbox/Fatori-V/iob_soc_V1.0/hardware/src/fatori_reg_mon_fi.sv:22]
INFO: [Synth 8-6155] done synthesizing module 'ibex_csr' (56#1) [/home/jaguiar/sandbox/Fatori-V/iob_soc_V1.0/hardware/src/ibex_csr.sv:11]
INFO: [Synth 8-294] found qualifier unique on case statement: implementing as parallel_case [/home/jaguiar/sandbox/Fatori-V/iob_soc_V1.0/hardware/src/ibex_cs_registers.sv:366]
INFO: [Synth 8-294] found qualifier unique on case statement: implementing as parallel_case [/home/jaguiar/sandbox/Fatori-V/iob_soc_V1.0/hardware/src/ibex_cs_registers.sv:692]
INFO: [Synth 8-294] found qualifier unique on case statement: implementing as parallel_case [/home/jaguiar/sandbox/Fatori-V/iob_soc_V1.0/hardware/src/ibex_cs_registers.sv:798]
INFO: [Synth 8-294] found qualifier unique on case statement: implementing as parallel_case [/home/jaguiar/sandbox/Fatori-V/iob_soc_V1.0/hardware/src/ibex_cs_registers.sv:801]
INFO: [Synth 8-6157] synthesizing module 'fatori_reg_mon_fi__parameterized54' [/home/jaguiar/sandbox/Fatori-V/iob_soc_V1.0/hardware/src/fatori_reg_mon_fi.sv:22]
	Parameter DATA_W bound to: 32'b00000000000000000000000000000010 
	Parameter RST_VAL bound to: 2'b11 
	Parameter N bound to: 32'b00000000000000000000000000000001 
	Parameter M bound to: 32'b00000000000000000000000000000000 
	Parameter HOLD_LAST_GOOD bound to: 1'b0 
	Parameter ID_W bound to: 32'b00000000000000000000000000001000 
	Parameter ID bound to: 8'b01001110 
	Parameter N_EFF bound to: 32'b00000000000000000000000000000001 
	Parameter M_DEF bound to: 32'b00000000000000000000000000000001 
	Parameter M_EFF bound to: 32'b00000000000000000000000000000001 
	Parameter MID_BIT bound to: 32'sb00000000000000000000000000000001 
	Parameter NLOG bound to: 32'sb00000000000000000000000000000001 
INFO: [Synth 8-6157] synthesizing module 'iob_reg_re__parameterized10' [/home/jaguiar/sandbox/Fatori-V/iob_soc_V1.0/hardware/src/iob_reg_re.v:4]
	Parameter DATA_W bound to: 2 - type: integer 
	Parameter RST_VAL bound to: 2'b11 
INFO: [Synth 8-6157] synthesizing module 'iob_reg__parameterized10' [/home/jaguiar/sandbox/Fatori-V/iob_soc_V1.0/hardware/src/iob_reg.v:4]
	Parameter DATA_W bound to: 2 - type: integer 
	Parameter RST_VAL bound to: 2'b11 
INFO: [Synth 8-6155] done synthesizing module 'iob_reg__parameterized10' (56#1) [/home/jaguiar/sandbox/Fatori-V/iob_soc_V1.0/hardware/src/iob_reg.v:4]
INFO: [Synth 8-6155] done synthesizing module 'iob_reg_re__parameterized10' (56#1) [/home/jaguiar/sandbox/Fatori-V/iob_soc_V1.0/hardware/src/iob_reg_re.v:4]
INFO: [Synth 8-6155] done synthesizing module 'fatori_reg_mon_fi__parameterized54' (56#1) [/home/jaguiar/sandbox/Fatori-V/iob_soc_V1.0/hardware/src/fatori_reg_mon_fi.sv:22]
INFO: [Synth 8-294] found qualifier unique on case statement: implementing as parallel_case [/home/jaguiar/sandbox/Fatori-V/iob_soc_V1.0/hardware/src/ibex_cs_registers.sv:912]
INFO: [Synth 8-226] default block is never used [/home/jaguiar/sandbox/Fatori-V/iob_soc_V1.0/hardware/src/ibex_cs_registers.sv:912]
INFO: [Synth 8-6157] synthesizing module 'ibex_csr__parameterized0' [/home/jaguiar/sandbox/Fatori-V/iob_soc_V1.0/hardware/src/ibex_csr.sv:11]
	Parameter Width bound to: 32'b00000000000000000000000000000110 
	Parameter ShadowCopy bound to: 1'b1 
	Parameter ResetValue bound to: 6'b010000 
	Parameter rdata_ERR_W bound to: 32'sb00000000000000000000000000000001 
	Parameter rdata_DW bound to: 32'sb00000000000000000000000000000110 
INFO: [Synth 8-6157] synthesizing module 'fatori_reg_mon_fi__parameterized55' [/home/jaguiar/sandbox/Fatori-V/iob_soc_V1.0/hardware/src/fatori_reg_mon_fi.sv:22]
	Parameter DATA_W bound to: 32'b00000000000000000000000000000110 
	Parameter RST_VAL bound to: 6'b101111 
	Parameter N bound to: 32'b00000000000000000000000000000001 
	Parameter M bound to: 32'b00000000000000000000000000000000 
	Parameter HOLD_LAST_GOOD bound to: 1'b0 
	Parameter ID_W bound to: 32'b00000000000000000000000000001000 
	Parameter ID bound to: 8'b01010000 
	Parameter N_EFF bound to: 32'b00000000000000000000000000000001 
	Parameter M_DEF bound to: 32'b00000000000000000000000000000001 
	Parameter M_EFF bound to: 32'b00000000000000000000000000000001 
	Parameter MID_BIT bound to: 32'sb00000000000000000000000000000011 
	Parameter NLOG bound to: 32'sb00000000000000000000000000000001 
INFO: [Synth 8-6157] synthesizing module 'iob_reg_re__parameterized11' [/home/jaguiar/sandbox/Fatori-V/iob_soc_V1.0/hardware/src/iob_reg_re.v:4]
	Parameter DATA_W bound to: 6 - type: integer 
	Parameter RST_VAL bound to: 6'b101111 
INFO: [Synth 8-6157] synthesizing module 'iob_reg__parameterized11' [/home/jaguiar/sandbox/Fatori-V/iob_soc_V1.0/hardware/src/iob_reg.v:4]
	Parameter DATA_W bound to: 6 - type: integer 
	Parameter RST_VAL bound to: 6'b101111 
INFO: [Synth 8-6155] done synthesizing module 'iob_reg__parameterized11' (56#1) [/home/jaguiar/sandbox/Fatori-V/iob_soc_V1.0/hardware/src/iob_reg.v:4]
INFO: [Synth 8-6155] done synthesizing module 'iob_reg_re__parameterized11' (56#1) [/home/jaguiar/sandbox/Fatori-V/iob_soc_V1.0/hardware/src/iob_reg_re.v:4]
INFO: [Synth 8-6155] done synthesizing module 'fatori_reg_mon_fi__parameterized55' (56#1) [/home/jaguiar/sandbox/Fatori-V/iob_soc_V1.0/hardware/src/fatori_reg_mon_fi.sv:22]
INFO: [Synth 8-6157] synthesizing module 'fatori_reg_mon_fi__parameterized56' [/home/jaguiar/sandbox/Fatori-V/iob_soc_V1.0/hardware/src/fatori_reg_mon_fi.sv:22]
	Parameter DATA_W bound to: 32'b00000000000000000000000000000110 
	Parameter RST_VAL bound to: 6'b010000 
	Parameter N bound to: 32'b00000000000000000000000000000001 
	Parameter M bound to: 32'b00000000000000000000000000000000 
	Parameter HOLD_LAST_GOOD bound to: 1'b0 
	Parameter ID_W bound to: 32'b00000000000000000000000000001000 
	Parameter ID bound to: 8'b01001111 
	Parameter N_EFF bound to: 32'b00000000000000000000000000000001 
	Parameter M_DEF bound to: 32'b00000000000000000000000000000001 
	Parameter M_EFF bound to: 32'b00000000000000000000000000000001 
	Parameter MID_BIT bound to: 32'sb00000000000000000000000000000011 
	Parameter NLOG bound to: 32'sb00000000000000000000000000000001 
INFO: [Synth 8-6157] synthesizing module 'iob_reg_re__parameterized12' [/home/jaguiar/sandbox/Fatori-V/iob_soc_V1.0/hardware/src/iob_reg_re.v:4]
	Parameter DATA_W bound to: 6 - type: integer 
	Parameter RST_VAL bound to: 6'b010000 
INFO: [Synth 8-6157] synthesizing module 'iob_reg__parameterized12' [/home/jaguiar/sandbox/Fatori-V/iob_soc_V1.0/hardware/src/iob_reg.v:4]
	Parameter DATA_W bound to: 6 - type: integer 
	Parameter RST_VAL bound to: 6'b010000 
INFO: [Synth 8-6155] done synthesizing module 'iob_reg__parameterized12' (56#1) [/home/jaguiar/sandbox/Fatori-V/iob_soc_V1.0/hardware/src/iob_reg.v:4]
INFO: [Synth 8-6155] done synthesizing module 'iob_reg_re__parameterized12' (56#1) [/home/jaguiar/sandbox/Fatori-V/iob_soc_V1.0/hardware/src/iob_reg_re.v:4]
INFO: [Synth 8-6155] done synthesizing module 'fatori_reg_mon_fi__parameterized56' (56#1) [/home/jaguiar/sandbox/Fatori-V/iob_soc_V1.0/hardware/src/fatori_reg_mon_fi.sv:22]
INFO: [Synth 8-6155] done synthesizing module 'ibex_csr__parameterized0' (56#1) [/home/jaguiar/sandbox/Fatori-V/iob_soc_V1.0/hardware/src/ibex_csr.sv:11]
INFO: [Synth 8-6157] synthesizing module 'ibex_csr__parameterized1' [/home/jaguiar/sandbox/Fatori-V/iob_soc_V1.0/hardware/src/ibex_csr.sv:11]
	Parameter Width bound to: 32'b00000000000000000000000000100000 
	Parameter ShadowCopy bound to: 1'b0 
	Parameter ResetValue bound to: 0 - type: integer 
	Parameter rdata_ERR_W bound to: 32'sb00000000000000000000000000000001 
	Parameter rdata_DW bound to: 32'sb00000000000000000000000000100000 
INFO: [Synth 8-6157] synthesizing module 'fatori_reg_mon_fi__parameterized57' [/home/jaguiar/sandbox/Fatori-V/iob_soc_V1.0/hardware/src/fatori_reg_mon_fi.sv:22]
	Parameter DATA_W bound to: 32'b00000000000000000000000000100000 
	Parameter RST_VAL bound to: 0 - type: integer 
	Parameter N bound to: 32'b00000000000000000000000000000001 
	Parameter M bound to: 32'b00000000000000000000000000000000 
	Parameter HOLD_LAST_GOOD bound to: 1'b0 
	Parameter ID_W bound to: 32'b00000000000000000000000000001000 
	Parameter ID bound to: 8'b01001111 
	Parameter N_EFF bound to: 32'b00000000000000000000000000000001 
	Parameter M_DEF bound to: 32'b00000000000000000000000000000001 
	Parameter M_EFF bound to: 32'b00000000000000000000000000000001 
	Parameter MID_BIT bound to: 32'sb00000000000000000000000000010000 
	Parameter NLOG bound to: 32'sb00000000000000000000000000000001 
INFO: [Synth 8-6155] done synthesizing module 'fatori_reg_mon_fi__parameterized57' (56#1) [/home/jaguiar/sandbox/Fatori-V/iob_soc_V1.0/hardware/src/fatori_reg_mon_fi.sv:22]
INFO: [Synth 8-6155] done synthesizing module 'ibex_csr__parameterized1' (56#1) [/home/jaguiar/sandbox/Fatori-V/iob_soc_V1.0/hardware/src/ibex_csr.sv:11]
INFO: [Synth 8-6157] synthesizing module 'ibex_csr__parameterized2' [/home/jaguiar/sandbox/Fatori-V/iob_soc_V1.0/hardware/src/ibex_csr.sv:11]
	Parameter Width bound to: 32'b00000000000000000000000000010010 
	Parameter ShadowCopy bound to: 1'b0 
	Parameter ResetValue bound to: 18'b000000000000000000 
	Parameter rdata_ERR_W bound to: 32'sb00000000000000000000000000000001 
	Parameter rdata_DW bound to: 32'sb00000000000000000000000000010010 
INFO: [Synth 8-6157] synthesizing module 'fatori_reg_mon_fi__parameterized58' [/home/jaguiar/sandbox/Fatori-V/iob_soc_V1.0/hardware/src/fatori_reg_mon_fi.sv:22]
	Parameter DATA_W bound to: 32'b00000000000000000000000000010010 
	Parameter RST_VAL bound to: 18'b000000000000000000 
	Parameter N bound to: 32'b00000000000000000000000000000001 
	Parameter M bound to: 32'b00000000000000000000000000000000 
	Parameter HOLD_LAST_GOOD bound to: 1'b0 
	Parameter ID_W bound to: 32'b00000000000000000000000000001000 
	Parameter ID bound to: 8'b01001111 
	Parameter N_EFF bound to: 32'b00000000000000000000000000000001 
	Parameter M_DEF bound to: 32'b00000000000000000000000000000001 
	Parameter M_EFF bound to: 32'b00000000000000000000000000000001 
	Parameter MID_BIT bound to: 32'sb00000000000000000000000000001001 
	Parameter NLOG bound to: 32'sb00000000000000000000000000000001 
INFO: [Synth 8-6157] synthesizing module 'iob_reg_re__parameterized13' [/home/jaguiar/sandbox/Fatori-V/iob_soc_V1.0/hardware/src/iob_reg_re.v:4]
	Parameter DATA_W bound to: 18 - type: integer 
	Parameter RST_VAL bound to: 18'b000000000000000000 
INFO: [Synth 8-6157] synthesizing module 'iob_reg__parameterized13' [/home/jaguiar/sandbox/Fatori-V/iob_soc_V1.0/hardware/src/iob_reg.v:4]
	Parameter DATA_W bound to: 18 - type: integer 
	Parameter RST_VAL bound to: 18'b000000000000000000 
INFO: [Synth 8-6155] done synthesizing module 'iob_reg__parameterized13' (56#1) [/home/jaguiar/sandbox/Fatori-V/iob_soc_V1.0/hardware/src/iob_reg.v:4]
INFO: [Synth 8-6155] done synthesizing module 'iob_reg_re__parameterized13' (56#1) [/home/jaguiar/sandbox/Fatori-V/iob_soc_V1.0/hardware/src/iob_reg_re.v:4]
INFO: [Synth 8-6155] done synthesizing module 'fatori_reg_mon_fi__parameterized58' (56#1) [/home/jaguiar/sandbox/Fatori-V/iob_soc_V1.0/hardware/src/fatori_reg_mon_fi.sv:22]
INFO: [Synth 8-6155] done synthesizing module 'ibex_csr__parameterized2' (56#1) [/home/jaguiar/sandbox/Fatori-V/iob_soc_V1.0/hardware/src/ibex_csr.sv:11]
INFO: [Synth 8-6157] synthesizing module 'ibex_csr__parameterized3' [/home/jaguiar/sandbox/Fatori-V/iob_soc_V1.0/hardware/src/ibex_csr.sv:11]
	Parameter Width bound to: 32'b00000000000000000000000000000111 
	Parameter ShadowCopy bound to: 1'b0 
	Parameter ResetValue bound to: 7'b0000000 
	Parameter rdata_ERR_W bound to: 32'sb00000000000000000000000000000001 
	Parameter rdata_DW bound to: 32'sb00000000000000000000000000000111 
INFO: [Synth 8-6157] synthesizing module 'fatori_reg_mon_fi__parameterized59' [/home/jaguiar/sandbox/Fatori-V/iob_soc_V1.0/hardware/src/fatori_reg_mon_fi.sv:22]
	Parameter DATA_W bound to: 32'b00000000000000000000000000000111 
	Parameter RST_VAL bound to: 7'b0000000 
	Parameter N bound to: 32'b00000000000000000000000000000001 
	Parameter M bound to: 32'b00000000000000000000000000000000 
	Parameter HOLD_LAST_GOOD bound to: 1'b0 
	Parameter ID_W bound to: 32'b00000000000000000000000000001000 
	Parameter ID bound to: 8'b01001111 
	Parameter N_EFF bound to: 32'b00000000000000000000000000000001 
	Parameter M_DEF bound to: 32'b00000000000000000000000000000001 
	Parameter M_EFF bound to: 32'b00000000000000000000000000000001 
	Parameter MID_BIT bound to: 32'sb00000000000000000000000000000011 
	Parameter NLOG bound to: 32'sb00000000000000000000000000000001 
INFO: [Synth 8-6157] synthesizing module 'iob_reg_re__parameterized14' [/home/jaguiar/sandbox/Fatori-V/iob_soc_V1.0/hardware/src/iob_reg_re.v:4]
	Parameter DATA_W bound to: 7 - type: integer 
	Parameter RST_VAL bound to: 7'b0000000 
INFO: [Synth 8-6157] synthesizing module 'iob_reg__parameterized14' [/home/jaguiar/sandbox/Fatori-V/iob_soc_V1.0/hardware/src/iob_reg.v:4]
	Parameter DATA_W bound to: 7 - type: integer 
	Parameter RST_VAL bound to: 7'b0000000 
INFO: [Synth 8-6155] done synthesizing module 'iob_reg__parameterized14' (56#1) [/home/jaguiar/sandbox/Fatori-V/iob_soc_V1.0/hardware/src/iob_reg.v:4]
INFO: [Synth 8-6155] done synthesizing module 'iob_reg_re__parameterized14' (56#1) [/home/jaguiar/sandbox/Fatori-V/iob_soc_V1.0/hardware/src/iob_reg_re.v:4]
INFO: [Synth 8-6155] done synthesizing module 'fatori_reg_mon_fi__parameterized59' (56#1) [/home/jaguiar/sandbox/Fatori-V/iob_soc_V1.0/hardware/src/fatori_reg_mon_fi.sv:22]
INFO: [Synth 8-6155] done synthesizing module 'ibex_csr__parameterized3' (56#1) [/home/jaguiar/sandbox/Fatori-V/iob_soc_V1.0/hardware/src/ibex_csr.sv:11]
INFO: [Synth 8-6157] synthesizing module 'ibex_csr__parameterized4' [/home/jaguiar/sandbox/Fatori-V/iob_soc_V1.0/hardware/src/ibex_csr.sv:11]
	Parameter Width bound to: 32'b00000000000000000000000000100000 
	Parameter ShadowCopy bound to: 1'b1 
	Parameter ResetValue bound to: 1 - type: integer 
	Parameter rdata_ERR_W bound to: 32'sb00000000000000000000000000000001 
	Parameter rdata_DW bound to: 32'sb00000000000000000000000000100000 
INFO: [Synth 8-6157] synthesizing module 'fatori_reg_mon_fi__parameterized60' [/home/jaguiar/sandbox/Fatori-V/iob_soc_V1.0/hardware/src/fatori_reg_mon_fi.sv:22]
	Parameter DATA_W bound to: 32'b00000000000000000000000000100000 
	Parameter RST_VAL bound to: 32'b11111111111111111111111111111110 
	Parameter N bound to: 32'b00000000000000000000000000000001 
	Parameter M bound to: 32'b00000000000000000000000000000000 
	Parameter HOLD_LAST_GOOD bound to: 1'b0 
	Parameter ID_W bound to: 32'b00000000000000000000000000001000 
	Parameter ID bound to: 8'b01010000 
	Parameter N_EFF bound to: 32'b00000000000000000000000000000001 
	Parameter M_DEF bound to: 32'b00000000000000000000000000000001 
	Parameter M_EFF bound to: 32'b00000000000000000000000000000001 
	Parameter MID_BIT bound to: 32'sb00000000000000000000000000010000 
	Parameter NLOG bound to: 32'sb00000000000000000000000000000001 
INFO: [Synth 8-6157] synthesizing module 'iob_reg_re__parameterized15' [/home/jaguiar/sandbox/Fatori-V/iob_soc_V1.0/hardware/src/iob_reg_re.v:4]
	Parameter DATA_W bound to: 32 - type: integer 
	Parameter RST_VAL bound to: -2 - type: integer 
INFO: [Synth 8-6157] synthesizing module 'iob_reg__parameterized15' [/home/jaguiar/sandbox/Fatori-V/iob_soc_V1.0/hardware/src/iob_reg.v:4]
	Parameter DATA_W bound to: 32 - type: integer 
	Parameter RST_VAL bound to: -2 - type: integer 
INFO: [Synth 8-6155] done synthesizing module 'iob_reg__parameterized15' (56#1) [/home/jaguiar/sandbox/Fatori-V/iob_soc_V1.0/hardware/src/iob_reg.v:4]
INFO: [Synth 8-6155] done synthesizing module 'iob_reg_re__parameterized15' (56#1) [/home/jaguiar/sandbox/Fatori-V/iob_soc_V1.0/hardware/src/iob_reg_re.v:4]
INFO: [Synth 8-6155] done synthesizing module 'fatori_reg_mon_fi__parameterized60' (56#1) [/home/jaguiar/sandbox/Fatori-V/iob_soc_V1.0/hardware/src/fatori_reg_mon_fi.sv:22]
INFO: [Synth 8-6157] synthesizing module 'fatori_reg_mon_fi__parameterized61' [/home/jaguiar/sandbox/Fatori-V/iob_soc_V1.0/hardware/src/fatori_reg_mon_fi.sv:22]
	Parameter DATA_W bound to: 32'b00000000000000000000000000100000 
	Parameter RST_VAL bound to: 1 - type: integer 
	Parameter N bound to: 32'b00000000000000000000000000000001 
	Parameter M bound to: 32'b00000000000000000000000000000000 
	Parameter HOLD_LAST_GOOD bound to: 1'b0 
	Parameter ID_W bound to: 32'b00000000000000000000000000001000 
	Parameter ID bound to: 8'b01001111 
	Parameter N_EFF bound to: 32'b00000000000000000000000000000001 
	Parameter M_DEF bound to: 32'b00000000000000000000000000000001 
	Parameter M_EFF bound to: 32'b00000000000000000000000000000001 
	Parameter MID_BIT bound to: 32'sb00000000000000000000000000010000 
	Parameter NLOG bound to: 32'sb00000000000000000000000000000001 
INFO: [Synth 8-6157] synthesizing module 'iob_reg_re__parameterized16' [/home/jaguiar/sandbox/Fatori-V/iob_soc_V1.0/hardware/src/iob_reg_re.v:4]
	Parameter DATA_W bound to: 32 - type: integer 
	Parameter RST_VAL bound to: 1 - type: integer 
INFO: [Synth 8-6157] synthesizing module 'iob_reg__parameterized16' [/home/jaguiar/sandbox/Fatori-V/iob_soc_V1.0/hardware/src/iob_reg.v:4]
	Parameter DATA_W bound to: 32 - type: integer 
	Parameter RST_VAL bound to: 1 - type: integer 
INFO: [Synth 8-6155] done synthesizing module 'iob_reg__parameterized16' (56#1) [/home/jaguiar/sandbox/Fatori-V/iob_soc_V1.0/hardware/src/iob_reg.v:4]
INFO: [Synth 8-6155] done synthesizing module 'iob_reg_re__parameterized16' (56#1) [/home/jaguiar/sandbox/Fatori-V/iob_soc_V1.0/hardware/src/iob_reg_re.v:4]
INFO: [Synth 8-6155] done synthesizing module 'fatori_reg_mon_fi__parameterized61' (56#1) [/home/jaguiar/sandbox/Fatori-V/iob_soc_V1.0/hardware/src/fatori_reg_mon_fi.sv:22]
INFO: [Synth 8-6155] done synthesizing module 'ibex_csr__parameterized4' (56#1) [/home/jaguiar/sandbox/Fatori-V/iob_soc_V1.0/hardware/src/ibex_csr.sv:11]
INFO: [Synth 8-6157] synthesizing module 'ibex_csr__parameterized5' [/home/jaguiar/sandbox/Fatori-V/iob_soc_V1.0/hardware/src/ibex_csr.sv:11]
	Parameter Width bound to: 32'b00000000000000000000000000100000 
	Parameter ShadowCopy bound to: 1'b0 
	Parameter ResetValue bound to: 32'b01000000000000000000000000000011 
	Parameter rdata_ERR_W bound to: 32'sb00000000000000000000000000000001 
	Parameter rdata_DW bound to: 32'sb00000000000000000000000000100000 
INFO: [Synth 8-6157] synthesizing module 'fatori_reg_mon_fi__parameterized62' [/home/jaguiar/sandbox/Fatori-V/iob_soc_V1.0/hardware/src/fatori_reg_mon_fi.sv:22]
	Parameter DATA_W bound to: 32'b00000000000000000000000000100000 
	Parameter RST_VAL bound to: 32'b01000000000000000000000000000011 
	Parameter N bound to: 32'b00000000000000000000000000000001 
	Parameter M bound to: 32'b00000000000000000000000000000000 
	Parameter HOLD_LAST_GOOD bound to: 1'b0 
	Parameter ID_W bound to: 32'b00000000000000000000000000001000 
	Parameter ID bound to: 8'b01001111 
	Parameter N_EFF bound to: 32'b00000000000000000000000000000001 
	Parameter M_DEF bound to: 32'b00000000000000000000000000000001 
	Parameter M_EFF bound to: 32'b00000000000000000000000000000001 
	Parameter MID_BIT bound to: 32'sb00000000000000000000000000010000 
	Parameter NLOG bound to: 32'sb00000000000000000000000000000001 
INFO: [Synth 8-6157] synthesizing module 'iob_reg_re__parameterized17' [/home/jaguiar/sandbox/Fatori-V/iob_soc_V1.0/hardware/src/iob_reg_re.v:4]
	Parameter DATA_W bound to: 32 - type: integer 
	Parameter RST_VAL bound to: 1073741827 - type: integer 
INFO: [Synth 8-6157] synthesizing module 'iob_reg__parameterized17' [/home/jaguiar/sandbox/Fatori-V/iob_soc_V1.0/hardware/src/iob_reg.v:4]
	Parameter DATA_W bound to: 32 - type: integer 
	Parameter RST_VAL bound to: 1073741827 - type: integer 
INFO: [Synth 8-6155] done synthesizing module 'iob_reg__parameterized17' (56#1) [/home/jaguiar/sandbox/Fatori-V/iob_soc_V1.0/hardware/src/iob_reg.v:4]
INFO: [Synth 8-6155] done synthesizing module 'iob_reg_re__parameterized17' (56#1) [/home/jaguiar/sandbox/Fatori-V/iob_soc_V1.0/hardware/src/iob_reg_re.v:4]
INFO: [Synth 8-6155] done synthesizing module 'fatori_reg_mon_fi__parameterized62' (56#1) [/home/jaguiar/sandbox/Fatori-V/iob_soc_V1.0/hardware/src/fatori_reg_mon_fi.sv:22]
INFO: [Synth 8-6155] done synthesizing module 'ibex_csr__parameterized5' (56#1) [/home/jaguiar/sandbox/Fatori-V/iob_soc_V1.0/hardware/src/ibex_csr.sv:11]
INFO: [Synth 8-6157] synthesizing module 'ibex_csr__parameterized6' [/home/jaguiar/sandbox/Fatori-V/iob_soc_V1.0/hardware/src/ibex_csr.sv:11]
	Parameter Width bound to: 32'b00000000000000000000000000000011 
	Parameter ShadowCopy bound to: 1'b0 
	Parameter ResetValue bound to: 3'b100 
	Parameter rdata_ERR_W bound to: 32'sb00000000000000000000000000000001 
	Parameter rdata_DW bound to: 32'sb00000000000000000000000000000011 
INFO: [Synth 8-6157] synthesizing module 'fatori_reg_mon_fi__parameterized63' [/home/jaguiar/sandbox/Fatori-V/iob_soc_V1.0/hardware/src/fatori_reg_mon_fi.sv:22]
	Parameter DATA_W bound to: 32'b00000000000000000000000000000011 
	Parameter RST_VAL bound to: 3'b100 
	Parameter N bound to: 32'b00000000000000000000000000000001 
	Parameter M bound to: 32'b00000000000000000000000000000000 
	Parameter HOLD_LAST_GOOD bound to: 1'b0 
	Parameter ID_W bound to: 32'b00000000000000000000000000001000 
	Parameter ID bound to: 8'b01001111 
	Parameter N_EFF bound to: 32'b00000000000000000000000000000001 
	Parameter M_DEF bound to: 32'b00000000000000000000000000000001 
	Parameter M_EFF bound to: 32'b00000000000000000000000000000001 
	Parameter MID_BIT bound to: 32'sb00000000000000000000000000000001 
	Parameter NLOG bound to: 32'sb00000000000000000000000000000001 
INFO: [Synth 8-6157] synthesizing module 'iob_reg_re__parameterized18' [/home/jaguiar/sandbox/Fatori-V/iob_soc_V1.0/hardware/src/iob_reg_re.v:4]
	Parameter DATA_W bound to: 3 - type: integer 
	Parameter RST_VAL bound to: 3'b100 
INFO: [Synth 8-6157] synthesizing module 'iob_reg__parameterized18' [/home/jaguiar/sandbox/Fatori-V/iob_soc_V1.0/hardware/src/iob_reg.v:4]
	Parameter DATA_W bound to: 3 - type: integer 
	Parameter RST_VAL bound to: 3'b100 
INFO: [Synth 8-6155] done synthesizing module 'iob_reg__parameterized18' (56#1) [/home/jaguiar/sandbox/Fatori-V/iob_soc_V1.0/hardware/src/iob_reg.v:4]
INFO: [Synth 8-6155] done synthesizing module 'iob_reg_re__parameterized18' (56#1) [/home/jaguiar/sandbox/Fatori-V/iob_soc_V1.0/hardware/src/iob_reg_re.v:4]
INFO: [Synth 8-6155] done synthesizing module 'fatori_reg_mon_fi__parameterized63' (56#1) [/home/jaguiar/sandbox/Fatori-V/iob_soc_V1.0/hardware/src/fatori_reg_mon_fi.sv:22]
INFO: [Synth 8-6155] done synthesizing module 'ibex_csr__parameterized6' (56#1) [/home/jaguiar/sandbox/Fatori-V/iob_soc_V1.0/hardware/src/ibex_csr.sv:11]
INFO: [Synth 8-6157] synthesizing module 'ibex_counter__parameterized1' [/home/jaguiar/sandbox/Fatori-V/iob_soc_V1.0/hardware/src/ibex_counter.sv:5]
	Parameter CounterWidth bound to: 32'sb00000000000000000000000001000000 
	Parameter ProvideValUpd bound to: 1'b0 
INFO: [Synth 8-6155] done synthesizing module 'ibex_counter__parameterized1' (56#1) [/home/jaguiar/sandbox/Fatori-V/iob_soc_V1.0/hardware/src/ibex_counter.sv:5]
INFO: [Synth 8-6157] synthesizing module 'ibex_counter__parameterized2' [/home/jaguiar/sandbox/Fatori-V/iob_soc_V1.0/hardware/src/ibex_counter.sv:5]
	Parameter CounterWidth bound to: 32'sb00000000000000000000000001000000 
	Parameter ProvideValUpd bound to: 1'b1 
INFO: [Synth 8-6155] done synthesizing module 'ibex_counter__parameterized2' (56#1) [/home/jaguiar/sandbox/Fatori-V/iob_soc_V1.0/hardware/src/ibex_counter.sv:5]
INFO: [Synth 8-6157] synthesizing module 'fatori_reg_mon_fi__parameterized64' [/home/jaguiar/sandbox/Fatori-V/iob_soc_V1.0/hardware/src/fatori_reg_mon_fi.sv:22]
	Parameter DATA_W bound to: 32'b00000000000000000000000000001101 
	Parameter RST_VAL bound to: 13'b0000000000000 
	Parameter N bound to: 32'b00000000000000000000000000000001 
	Parameter M bound to: 32'b00000000000000000000000000000000 
	Parameter HOLD_LAST_GOOD bound to: 1'b0 
	Parameter ID_W bound to: 32'b00000000000000000000000000001000 
	Parameter ID bound to: 8'b01001101 
	Parameter N_EFF bound to: 32'b00000000000000000000000000000001 
	Parameter M_DEF bound to: 32'b00000000000000000000000000000001 
	Parameter M_EFF bound to: 32'b00000000000000000000000000000001 
	Parameter MID_BIT bound to: 32'sb00000000000000000000000000000110 
	Parameter NLOG bound to: 32'sb00000000000000000000000000000001 
INFO: [Synth 8-6157] synthesizing module 'iob_reg_re__parameterized19' [/home/jaguiar/sandbox/Fatori-V/iob_soc_V1.0/hardware/src/iob_reg_re.v:4]
	Parameter DATA_W bound to: 13 - type: integer 
	Parameter RST_VAL bound to: 13'b0000000000000 
INFO: [Synth 8-6157] synthesizing module 'iob_reg__parameterized19' [/home/jaguiar/sandbox/Fatori-V/iob_soc_V1.0/hardware/src/iob_reg.v:4]
	Parameter DATA_W bound to: 13 - type: integer 
	Parameter RST_VAL bound to: 13'b0000000000000 
INFO: [Synth 8-6155] done synthesizing module 'iob_reg__parameterized19' (56#1) [/home/jaguiar/sandbox/Fatori-V/iob_soc_V1.0/hardware/src/iob_reg.v:4]
INFO: [Synth 8-6155] done synthesizing module 'iob_reg_re__parameterized19' (56#1) [/home/jaguiar/sandbox/Fatori-V/iob_soc_V1.0/hardware/src/iob_reg_re.v:4]
INFO: [Synth 8-6155] done synthesizing module 'fatori_reg_mon_fi__parameterized64' (56#1) [/home/jaguiar/sandbox/Fatori-V/iob_soc_V1.0/hardware/src/fatori_reg_mon_fi.sv:22]
INFO: [Synth 8-6157] synthesizing module 'ibex_csr__parameterized7' [/home/jaguiar/sandbox/Fatori-V/iob_soc_V1.0/hardware/src/ibex_csr.sv:11]
	Parameter Width bound to: 32'b00000000000000000000000000001000 
	Parameter ShadowCopy bound to: 1'b1 
	Parameter ResetValue bound to: 8'b00000000 
	Parameter rdata_ERR_W bound to: 32'sb00000000000000000000000000000001 
	Parameter rdata_DW bound to: 32'sb00000000000000000000000000001000 
INFO: [Synth 8-6157] synthesizing module 'fatori_reg_mon_fi__parameterized65' [/home/jaguiar/sandbox/Fatori-V/iob_soc_V1.0/hardware/src/fatori_reg_mon_fi.sv:22]
	Parameter DATA_W bound to: 32'b00000000000000000000000000001000 
	Parameter RST_VAL bound to: 8'b11111111 
	Parameter N bound to: 32'b00000000000000000000000000000001 
	Parameter M bound to: 32'b00000000000000000000000000000000 
	Parameter HOLD_LAST_GOOD bound to: 1'b0 
	Parameter ID_W bound to: 32'b00000000000000000000000000001000 
	Parameter ID bound to: 8'b01010000 
	Parameter N_EFF bound to: 32'b00000000000000000000000000000001 
	Parameter M_DEF bound to: 32'b00000000000000000000000000000001 
	Parameter M_EFF bound to: 32'b00000000000000000000000000000001 
	Parameter MID_BIT bound to: 32'sb00000000000000000000000000000100 
	Parameter NLOG bound to: 32'sb00000000000000000000000000000001 
INFO: [Synth 8-6157] synthesizing module 'iob_reg_re__parameterized20' [/home/jaguiar/sandbox/Fatori-V/iob_soc_V1.0/hardware/src/iob_reg_re.v:4]
	Parameter DATA_W bound to: 8 - type: integer 
	Parameter RST_VAL bound to: 8'b11111111 
INFO: [Synth 8-6157] synthesizing module 'iob_reg__parameterized20' [/home/jaguiar/sandbox/Fatori-V/iob_soc_V1.0/hardware/src/iob_reg.v:4]
	Parameter DATA_W bound to: 8 - type: integer 
	Parameter RST_VAL bound to: 8'b11111111 
INFO: [Synth 8-6155] done synthesizing module 'iob_reg__parameterized20' (56#1) [/home/jaguiar/sandbox/Fatori-V/iob_soc_V1.0/hardware/src/iob_reg.v:4]
INFO: [Synth 8-6155] done synthesizing module 'iob_reg_re__parameterized20' (56#1) [/home/jaguiar/sandbox/Fatori-V/iob_soc_V1.0/hardware/src/iob_reg_re.v:4]
INFO: [Synth 8-6155] done synthesizing module 'fatori_reg_mon_fi__parameterized65' (56#1) [/home/jaguiar/sandbox/Fatori-V/iob_soc_V1.0/hardware/src/fatori_reg_mon_fi.sv:22]
INFO: [Synth 8-6157] synthesizing module 'fatori_reg_mon_fi__parameterized66' [/home/jaguiar/sandbox/Fatori-V/iob_soc_V1.0/hardware/src/fatori_reg_mon_fi.sv:22]
	Parameter DATA_W bound to: 32'b00000000000000000000000000001000 
	Parameter RST_VAL bound to: 8'b00000000 
	Parameter N bound to: 32'b00000000000000000000000000000001 
	Parameter M bound to: 32'b00000000000000000000000000000000 
	Parameter HOLD_LAST_GOOD bound to: 1'b0 
	Parameter ID_W bound to: 32'b00000000000000000000000000001000 
	Parameter ID bound to: 8'b01001111 
	Parameter N_EFF bound to: 32'b00000000000000000000000000000001 
	Parameter M_DEF bound to: 32'b00000000000000000000000000000001 
	Parameter M_EFF bound to: 32'b00000000000000000000000000000001 
	Parameter MID_BIT bound to: 32'sb00000000000000000000000000000100 
	Parameter NLOG bound to: 32'sb00000000000000000000000000000001 
INFO: [Synth 8-6157] synthesizing module 'iob_reg_re__parameterized21' [/home/jaguiar/sandbox/Fatori-V/iob_soc_V1.0/hardware/src/iob_reg_re.v:4]
	Parameter DATA_W bound to: 8 - type: integer 
	Parameter RST_VAL bound to: 8'b00000000 
INFO: [Synth 8-6157] synthesizing module 'iob_reg__parameterized21' [/home/jaguiar/sandbox/Fatori-V/iob_soc_V1.0/hardware/src/iob_reg.v:4]
	Parameter DATA_W bound to: 8 - type: integer 
	Parameter RST_VAL bound to: 8'b00000000 
INFO: [Synth 8-6155] done synthesizing module 'iob_reg__parameterized21' (56#1) [/home/jaguiar/sandbox/Fatori-V/iob_soc_V1.0/hardware/src/iob_reg.v:4]
INFO: [Synth 8-6155] done synthesizing module 'iob_reg_re__parameterized21' (56#1) [/home/jaguiar/sandbox/Fatori-V/iob_soc_V1.0/hardware/src/iob_reg_re.v:4]
INFO: [Synth 8-6155] done synthesizing module 'fatori_reg_mon_fi__parameterized66' (56#1) [/home/jaguiar/sandbox/Fatori-V/iob_soc_V1.0/hardware/src/fatori_reg_mon_fi.sv:22]
INFO: [Synth 8-6155] done synthesizing module 'ibex_csr__parameterized7' (56#1) [/home/jaguiar/sandbox/Fatori-V/iob_soc_V1.0/hardware/src/ibex_csr.sv:11]
INFO: [Synth 8-6155] done synthesizing module 'ibex_cs_registers' (57#1) [/home/jaguiar/sandbox/Fatori-V/iob_soc_V1.0/hardware/src/ibex_cs_registers.sv:12]
INFO: [Synth 8-6155] done synthesizing module 'ibex_core' (58#1) [/home/jaguiar/sandbox/Fatori-V/iob_soc_V1.0/hardware/src/ibex_core.sv:16]
INFO: [Synth 8-6155] done synthesizing module 'ibex_top' (59#1) [/home/jaguiar/sandbox/Fatori-V/iob_soc_V1.0/hardware/src/ibex_top.sv:15]
INFO: [Synth 8-6155] done synthesizing module 'iob_ibex' (60#1) [/home/jaguiar/sandbox/Fatori-V/iob_soc_V1.0/hardware/src/iob_ibex.sv:5]
WARNING: [Synth 8-7071] port 'fatori_minor_cnt_o' of module 'iob_ibex' is unconnected for instance 'cpu' [/home/jaguiar/sandbox/Fatori-V/iob_soc_V1.0/hardware/src/iob_soc.v:287]
WARNING: [Synth 8-7071] port 'fatori_major_cnt_o' of module 'iob_ibex' is unconnected for instance 'cpu' [/home/jaguiar/sandbox/Fatori-V/iob_soc_V1.0/hardware/src/iob_soc.v:287]
WARNING: [Synth 8-7071] port 'fatori_corrected_cnt_o' of module 'iob_ibex' is unconnected for instance 'cpu' [/home/jaguiar/sandbox/Fatori-V/iob_soc_V1.0/hardware/src/iob_soc.v:287]
WARNING: [Synth 8-7071] port 'fatori_cycles_to_first_min_o' of module 'iob_ibex' is unconnected for instance 'cpu' [/home/jaguiar/sandbox/Fatori-V/iob_soc_V1.0/hardware/src/iob_soc.v:287]
WARNING: [Synth 8-7071] port 'fatori_cycles_to_first_maj_o' of module 'iob_ibex' is unconnected for instance 'cpu' [/home/jaguiar/sandbox/Fatori-V/iob_soc_V1.0/hardware/src/iob_soc.v:287]
WARNING: [Synth 8-7071] port 'fatori_last_detection_latency_o' of module 'iob_ibex' is unconnected for instance 'cpu' [/home/jaguiar/sandbox/Fatori-V/iob_soc_V1.0/hardware/src/iob_soc.v:287]
WARNING: [Synth 8-7023] instance 'cpu' of module 'iob_ibex' has 100 connections declared, but only 94 given [/home/jaguiar/sandbox/Fatori-V/iob_soc_V1.0/hardware/src/iob_soc.v:287]
INFO: [Synth 8-6157] synthesizing module 'iob_soc_axi_full_xbar' [/home/jaguiar/sandbox/Fatori-V/iob_soc_V1.0/hardware/src/iob_soc_axi_full_xbar.v:4]
	Parameter ID_W bound to: 4 - type: integer 
	Parameter LEN_W bound to: 8 - type: integer 
INFO: [Synth 8-6157] synthesizing module 'iob_soc_axi_full_xbar_split' [/home/jaguiar/sandbox/Fatori-V/iob_soc_V1.0/hardware/src/iob_soc_axi_full_xbar_split.v:4]
	Parameter ID_W bound to: 4 - type: integer 
	Parameter LEN_W bound to: 8 - type: integer 
INFO: [Synth 8-6157] synthesizing module 'iob_reg_re__parameterized22' [/home/jaguiar/sandbox/Fatori-V/iob_soc_V1.0/hardware/src/iob_reg_re.v:4]
	Parameter DATA_W bound to: 1 - type: integer 
	Parameter RST_VAL bound to: 1'b0 
INFO: [Synth 8-6157] synthesizing module 'iob_reg__parameterized22' [/home/jaguiar/sandbox/Fatori-V/iob_soc_V1.0/hardware/src/iob_reg.v:4]
	Parameter DATA_W bound to: 1 - type: integer 
	Parameter RST_VAL bound to: 1'b0 
INFO: [Synth 8-6155] done synthesizing module 'iob_reg__parameterized22' (60#1) [/home/jaguiar/sandbox/Fatori-V/iob_soc_V1.0/hardware/src/iob_reg.v:4]
INFO: [Synth 8-6155] done synthesizing module 'iob_reg_re__parameterized22' (60#1) [/home/jaguiar/sandbox/Fatori-V/iob_soc_V1.0/hardware/src/iob_reg_re.v:4]
INFO: [Synth 8-6157] synthesizing module 'iob_reg_r' [/home/jaguiar/sandbox/Fatori-V/iob_soc_V1.0/hardware/src/iob_reg_r.v:4]
	Parameter DATA_W bound to: 2 - type: integer 
	Parameter RST_VAL bound to: 2'b00 
INFO: [Synth 8-6157] synthesizing module 'iob_reg__parameterized23' [/home/jaguiar/sandbox/Fatori-V/iob_soc_V1.0/hardware/src/iob_reg.v:4]
	Parameter DATA_W bound to: 2 - type: integer 
	Parameter RST_VAL bound to: 2'b00 
INFO: [Synth 8-6155] done synthesizing module 'iob_reg__parameterized23' (60#1) [/home/jaguiar/sandbox/Fatori-V/iob_soc_V1.0/hardware/src/iob_reg.v:4]
INFO: [Synth 8-6155] done synthesizing module 'iob_reg_r' (61#1) [/home/jaguiar/sandbox/Fatori-V/iob_soc_V1.0/hardware/src/iob_reg_r.v:4]
INFO: [Synth 8-6157] synthesizing module 'iob_demux' [/home/jaguiar/sandbox/Fatori-V/iob_soc_V1.0/hardware/src/iob_demux.v:4]
	Parameter DATA_W bound to: 30 - type: integer 
	Parameter N bound to: 3 - type: integer 
	Parameter SEL_W bound to: 2 - type: integer 
INFO: [Synth 8-6155] done synthesizing module 'iob_demux' (62#1) [/home/jaguiar/sandbox/Fatori-V/iob_soc_V1.0/hardware/src/iob_demux.v:4]
INFO: [Synth 8-6157] synthesizing module 'iob_demux__parameterized0' [/home/jaguiar/sandbox/Fatori-V/iob_soc_V1.0/hardware/src/iob_demux.v:4]
	Parameter DATA_W bound to: 3 - type: integer 
	Parameter N bound to: 3 - type: integer 
	Parameter SEL_W bound to: 2 - type: integer 
INFO: [Synth 8-6155] done synthesizing module 'iob_demux__parameterized0' (62#1) [/home/jaguiar/sandbox/Fatori-V/iob_soc_V1.0/hardware/src/iob_demux.v:4]
INFO: [Synth 8-6157] synthesizing module 'iob_demux__parameterized1' [/home/jaguiar/sandbox/Fatori-V/iob_soc_V1.0/hardware/src/iob_demux.v:4]
	Parameter DATA_W bound to: 1 - type: integer 
	Parameter N bound to: 3 - type: integer 
	Parameter SEL_W bound to: 2 - type: integer 
INFO: [Synth 8-6155] done synthesizing module 'iob_demux__parameterized1' (62#1) [/home/jaguiar/sandbox/Fatori-V/iob_soc_V1.0/hardware/src/iob_demux.v:4]
INFO: [Synth 8-6157] synthesizing module 'iob_mux' [/home/jaguiar/sandbox/Fatori-V/iob_soc_V1.0/hardware/src/iob_mux.v:4]
	Parameter DATA_W bound to: 1 - type: integer 
	Parameter N bound to: 3 - type: integer 
	Parameter SEL_W bound to: 2 - type: integer 
INFO: [Synth 8-6155] done synthesizing module 'iob_mux' (63#1) [/home/jaguiar/sandbox/Fatori-V/iob_soc_V1.0/hardware/src/iob_mux.v:4]
INFO: [Synth 8-6157] synthesizing module 'iob_demux__parameterized2' [/home/jaguiar/sandbox/Fatori-V/iob_soc_V1.0/hardware/src/iob_demux.v:4]
	Parameter DATA_W bound to: 32 - type: integer 
	Parameter N bound to: 3 - type: integer 
	Parameter SEL_W bound to: 2 - type: integer 
INFO: [Synth 8-6155] done synthesizing module 'iob_demux__parameterized2' (63#1) [/home/jaguiar/sandbox/Fatori-V/iob_soc_V1.0/hardware/src/iob_demux.v:4]
INFO: [Synth 8-6157] synthesizing module 'iob_demux__parameterized3' [/home/jaguiar/sandbox/Fatori-V/iob_soc_V1.0/hardware/src/iob_demux.v:4]
	Parameter DATA_W bound to: 4 - type: integer 
	Parameter N bound to: 3 - type: integer 
	Parameter SEL_W bound to: 2 - type: integer 
INFO: [Synth 8-6155] done synthesizing module 'iob_demux__parameterized3' (63#1) [/home/jaguiar/sandbox/Fatori-V/iob_soc_V1.0/hardware/src/iob_demux.v:4]
INFO: [Synth 8-6157] synthesizing module 'iob_mux__parameterized0' [/home/jaguiar/sandbox/Fatori-V/iob_soc_V1.0/hardware/src/iob_mux.v:4]
	Parameter DATA_W bound to: 2 - type: integer 
	Parameter N bound to: 3 - type: integer 
	Parameter SEL_W bound to: 2 - type: integer 
INFO: [Synth 8-6155] done synthesizing module 'iob_mux__parameterized0' (63#1) [/home/jaguiar/sandbox/Fatori-V/iob_soc_V1.0/hardware/src/iob_mux.v:4]
INFO: [Synth 8-6157] synthesizing module 'iob_demux__parameterized4' [/home/jaguiar/sandbox/Fatori-V/iob_soc_V1.0/hardware/src/iob_demux.v:4]
	Parameter DATA_W bound to: 8 - type: integer 
	Parameter N bound to: 3 - type: integer 
	Parameter SEL_W bound to: 2 - type: integer 
INFO: [Synth 8-6155] done synthesizing module 'iob_demux__parameterized4' (63#1) [/home/jaguiar/sandbox/Fatori-V/iob_soc_V1.0/hardware/src/iob_demux.v:4]
INFO: [Synth 8-6157] synthesizing module 'iob_demux__parameterized5' [/home/jaguiar/sandbox/Fatori-V/iob_soc_V1.0/hardware/src/iob_demux.v:4]
	Parameter DATA_W bound to: 2 - type: integer 
	Parameter N bound to: 3 - type: integer 
	Parameter SEL_W bound to: 2 - type: integer 
INFO: [Synth 8-6155] done synthesizing module 'iob_demux__parameterized5' (63#1) [/home/jaguiar/sandbox/Fatori-V/iob_soc_V1.0/hardware/src/iob_demux.v:4]
INFO: [Synth 8-6157] synthesizing module 'iob_mux__parameterized1' [/home/jaguiar/sandbox/Fatori-V/iob_soc_V1.0/hardware/src/iob_mux.v:4]
	Parameter DATA_W bound to: 4 - type: integer 
	Parameter N bound to: 3 - type: integer 
	Parameter SEL_W bound to: 2 - type: integer 
INFO: [Synth 8-6155] done synthesizing module 'iob_mux__parameterized1' (63#1) [/home/jaguiar/sandbox/Fatori-V/iob_soc_V1.0/hardware/src/iob_mux.v:4]
INFO: [Synth 8-6157] synthesizing module 'iob_mux__parameterized2' [/home/jaguiar/sandbox/Fatori-V/iob_soc_V1.0/hardware/src/iob_mux.v:4]
	Parameter DATA_W bound to: 32 - type: integer 
	Parameter N bound to: 3 - type: integer 
	Parameter SEL_W bound to: 2 - type: integer 
INFO: [Synth 8-6155] done synthesizing module 'iob_mux__parameterized2' (63#1) [/home/jaguiar/sandbox/Fatori-V/iob_soc_V1.0/hardware/src/iob_mux.v:4]
INFO: [Synth 8-6155] done synthesizing module 'iob_soc_axi_full_xbar_split' (64#1) [/home/jaguiar/sandbox/Fatori-V/iob_soc_V1.0/hardware/src/iob_soc_axi_full_xbar_split.v:4]
INFO: [Synth 8-6157] synthesizing module 'iob_soc_axi_full_xbar_merge' [/home/jaguiar/sandbox/Fatori-V/iob_soc_V1.0/hardware/src/iob_soc_axi_full_xbar_merge.v:4]
	Parameter ID_W bound to: 4 - type: integer 
	Parameter LEN_W bound to: 8 - type: integer 
INFO: [Synth 8-6157] synthesizing module 'iob_reg_r__parameterized0' [/home/jaguiar/sandbox/Fatori-V/iob_soc_V1.0/hardware/src/iob_reg_r.v:4]
	Parameter DATA_W bound to: 1 - type: integer 
	Parameter RST_VAL bound to: 1'b0 
INFO: [Synth 8-6155] done synthesizing module 'iob_reg_r__parameterized0' (64#1) [/home/jaguiar/sandbox/Fatori-V/iob_soc_V1.0/hardware/src/iob_reg_r.v:4]
INFO: [Synth 8-6157] synthesizing module 'iob_prio_enc' [/home/jaguiar/sandbox/Fatori-V/iob_soc_V1.0/hardware/src/iob_prio_enc.v:4]
	Parameter W bound to: 2 - type: integer 
	Parameter MODE bound to: HIGH - type: string 
INFO: [Synth 8-6155] done synthesizing module 'iob_prio_enc' (65#1) [/home/jaguiar/sandbox/Fatori-V/iob_soc_V1.0/hardware/src/iob_prio_enc.v:4]
INFO: [Synth 8-6157] synthesizing module 'iob_mux__parameterized3' [/home/jaguiar/sandbox/Fatori-V/iob_soc_V1.0/hardware/src/iob_mux.v:4]
	Parameter DATA_W bound to: 29 - type: integer 
	Parameter N bound to: 2 - type: integer 
	Parameter SEL_W bound to: 1 - type: integer 
INFO: [Synth 8-6155] done synthesizing module 'iob_mux__parameterized3' (65#1) [/home/jaguiar/sandbox/Fatori-V/iob_soc_V1.0/hardware/src/iob_mux.v:4]
INFO: [Synth 8-6157] synthesizing module 'iob_mux__parameterized4' [/home/jaguiar/sandbox/Fatori-V/iob_soc_V1.0/hardware/src/iob_mux.v:4]
	Parameter DATA_W bound to: 3 - type: integer 
	Parameter N bound to: 2 - type: integer 
	Parameter SEL_W bound to: 1 - type: integer 
INFO: [Synth 8-6155] done synthesizing module 'iob_mux__parameterized4' (65#1) [/home/jaguiar/sandbox/Fatori-V/iob_soc_V1.0/hardware/src/iob_mux.v:4]
INFO: [Synth 8-6157] synthesizing module 'iob_mux__parameterized5' [/home/jaguiar/sandbox/Fatori-V/iob_soc_V1.0/hardware/src/iob_mux.v:4]
	Parameter DATA_W bound to: 1 - type: integer 
	Parameter N bound to: 2 - type: integer 
	Parameter SEL_W bound to: 1 - type: integer 
INFO: [Synth 8-6155] done synthesizing module 'iob_mux__parameterized5' (65#1) [/home/jaguiar/sandbox/Fatori-V/iob_soc_V1.0/hardware/src/iob_mux.v:4]
INFO: [Synth 8-6157] synthesizing module 'iob_demux__parameterized6' [/home/jaguiar/sandbox/Fatori-V/iob_soc_V1.0/hardware/src/iob_demux.v:4]
	Parameter DATA_W bound to: 1 - type: integer 
	Parameter N bound to: 2 - type: integer 
	Parameter SEL_W bound to: 1 - type: integer 
INFO: [Synth 8-6155] done synthesizing module 'iob_demux__parameterized6' (65#1) [/home/jaguiar/sandbox/Fatori-V/iob_soc_V1.0/hardware/src/iob_demux.v:4]
INFO: [Synth 8-6157] synthesizing module 'iob_mux__parameterized6' [/home/jaguiar/sandbox/Fatori-V/iob_soc_V1.0/hardware/src/iob_mux.v:4]
	Parameter DATA_W bound to: 32 - type: integer 
	Parameter N bound to: 2 - type: integer 
	Parameter SEL_W bound to: 1 - type: integer 
INFO: [Synth 8-6155] done synthesizing module 'iob_mux__parameterized6' (65#1) [/home/jaguiar/sandbox/Fatori-V/iob_soc_V1.0/hardware/src/iob_mux.v:4]
INFO: [Synth 8-6157] synthesizing module 'iob_mux__parameterized7' [/home/jaguiar/sandbox/Fatori-V/iob_soc_V1.0/hardware/src/iob_mux.v:4]
	Parameter DATA_W bound to: 4 - type: integer 
	Parameter N bound to: 2 - type: integer 
	Parameter SEL_W bound to: 1 - type: integer 
INFO: [Synth 8-6155] done synthesizing module 'iob_mux__parameterized7' (65#1) [/home/jaguiar/sandbox/Fatori-V/iob_soc_V1.0/hardware/src/iob_mux.v:4]
INFO: [Synth 8-6157] synthesizing module 'iob_demux__parameterized7' [/home/jaguiar/sandbox/Fatori-V/iob_soc_V1.0/hardware/src/iob_demux.v:4]
	Parameter DATA_W bound to: 2 - type: integer 
	Parameter N bound to: 2 - type: integer 
	Parameter SEL_W bound to: 1 - type: integer 
INFO: [Synth 8-6155] done synthesizing module 'iob_demux__parameterized7' (65#1) [/home/jaguiar/sandbox/Fatori-V/iob_soc_V1.0/hardware/src/iob_demux.v:4]
INFO: [Synth 8-6157] synthesizing module 'iob_mux__parameterized8' [/home/jaguiar/sandbox/Fatori-V/iob_soc_V1.0/hardware/src/iob_mux.v:4]
	Parameter DATA_W bound to: 8 - type: integer 
	Parameter N bound to: 2 - type: integer 
	Parameter SEL_W bound to: 1 - type: integer 
INFO: [Synth 8-6155] done synthesizing module 'iob_mux__parameterized8' (65#1) [/home/jaguiar/sandbox/Fatori-V/iob_soc_V1.0/hardware/src/iob_mux.v:4]
INFO: [Synth 8-6157] synthesizing module 'iob_mux__parameterized9' [/home/jaguiar/sandbox/Fatori-V/iob_soc_V1.0/hardware/src/iob_mux.v:4]
	Parameter DATA_W bound to: 2 - type: integer 
	Parameter N bound to: 2 - type: integer 
	Parameter SEL_W bound to: 1 - type: integer 
INFO: [Synth 8-6155] done synthesizing module 'iob_mux__parameterized9' (65#1) [/home/jaguiar/sandbox/Fatori-V/iob_soc_V1.0/hardware/src/iob_mux.v:4]
INFO: [Synth 8-6157] synthesizing module 'iob_demux__parameterized8' [/home/jaguiar/sandbox/Fatori-V/iob_soc_V1.0/hardware/src/iob_demux.v:4]
	Parameter DATA_W bound to: 4 - type: integer 
	Parameter N bound to: 2 - type: integer 
	Parameter SEL_W bound to: 1 - type: integer 
INFO: [Synth 8-6155] done synthesizing module 'iob_demux__parameterized8' (65#1) [/home/jaguiar/sandbox/Fatori-V/iob_soc_V1.0/hardware/src/iob_demux.v:4]
INFO: [Synth 8-6157] synthesizing module 'iob_demux__parameterized9' [/home/jaguiar/sandbox/Fatori-V/iob_soc_V1.0/hardware/src/iob_demux.v:4]
	Parameter DATA_W bound to: 32 - type: integer 
	Parameter N bound to: 2 - type: integer 
	Parameter SEL_W bound to: 1 - type: integer 
INFO: [Synth 8-6155] done synthesizing module 'iob_demux__parameterized9' (65#1) [/home/jaguiar/sandbox/Fatori-V/iob_soc_V1.0/hardware/src/iob_demux.v:4]
INFO: [Synth 8-6155] done synthesizing module 'iob_soc_axi_full_xbar_merge' (66#1) [/home/jaguiar/sandbox/Fatori-V/iob_soc_V1.0/hardware/src/iob_soc_axi_full_xbar_merge.v:4]
INFO: [Synth 8-6155] done synthesizing module 'iob_soc_axi_full_xbar' (67#1) [/home/jaguiar/sandbox/Fatori-V/iob_soc_V1.0/hardware/src/iob_soc_axi_full_xbar.v:4]
INFO: [Synth 8-6157] synthesizing module 'iob_axi_ram' [/home/jaguiar/sandbox/Fatori-V/iob_soc_V1.0/hardware/src/iob_axi_ram.v:22]
	Parameter DATA_WIDTH bound to: 32 - type: integer 
	Parameter ADDR_WIDTH bound to: 18 - type: integer 
	Parameter STRB_WIDTH bound to: 4 - type: integer 
	Parameter ID_WIDTH bound to: 4 - type: integer 
	Parameter LEN_WIDTH bound to: 8 - type: integer 
	Parameter PIPELINE_OUTPUT bound to: 0 - type: integer 
	Parameter FILE bound to: none - type: string 
	Parameter VALID_ADDR_WIDTH bound to: 16 - type: integer 
	Parameter WORD_WIDTH bound to: 4 - type: integer 
	Parameter WORD_SIZE bound to: 8 - type: integer 
	Parameter CLOG2_STRB_WIDTH bound to: 2 - type: integer 
	Parameter READ_STATE_IDLE bound to: 1'b0 
	Parameter READ_STATE_BURST bound to: 1'b1 
	Parameter WRITE_STATE_IDLE bound to: 2'b00 
	Parameter WRITE_STATE_BURST bound to: 2'b01 
	Parameter WRITE_STATE_RESP bound to: 2'b10 
INFO: [Synth 8-226] default block is never used [/home/jaguiar/sandbox/Fatori-V/iob_soc_V1.0/hardware/src/iob_axi_ram.v:292]
INFO: [Synth 8-6155] done synthesizing module 'iob_axi_ram' (68#1) [/home/jaguiar/sandbox/Fatori-V/iob_soc_V1.0/hardware/src/iob_axi_ram.v:22]
INFO: [Synth 8-6157] synthesizing module 'iob_bootrom' [/home/jaguiar/sandbox/Fatori-V/iob_soc_V1.0/hardware/src/iob_bootrom.v:4]
	Parameter DATA_W bound to: 32 - type: integer 
	Parameter ADDR_W bound to: 10 - type: integer 
	Parameter AXI_ID_W bound to: 4 - type: integer 
	Parameter AXI_LEN_W bound to: 8 - type: integer 
INFO: [Synth 8-6157] synthesizing module 'iob_bootrom_csrs' [/home/jaguiar/sandbox/Fatori-V/iob_soc_V1.0/hardware/src/iob_bootrom_csrs.v:4]
	Parameter ADDR_W bound to: 13 - type: integer 
	Parameter DATA_W bound to: 32 - type: integer 
	Parameter AXI_ID_W bound to: 4 - type: integer 
	Parameter AXI_LEN_W bound to: 8 - type: integer 
	Parameter WSTRB_W bound to: 4 - type: integer 
	Parameter WAIT_REQ bound to: 1'b0 
	Parameter WAIT_RVALID bound to: 1'b1 
INFO: [Synth 8-6157] synthesizing module 'iob_reg_e' [/home/jaguiar/sandbox/Fatori-V/iob_soc_V1.0/hardware/src/iob_reg_e.v:4]
	Parameter DATA_W bound to: 13 - type: integer 
	Parameter RST_VAL bound to: 13'b0000000000000 
INFO: [Synth 8-6157] synthesizing module 'iob_reg__parameterized24' [/home/jaguiar/sandbox/Fatori-V/iob_soc_V1.0/hardware/src/iob_reg.v:4]
	Parameter DATA_W bound to: 13 - type: integer 
	Parameter RST_VAL bound to: 13'b0000000000000 
INFO: [Synth 8-6155] done synthesizing module 'iob_reg__parameterized24' (68#1) [/home/jaguiar/sandbox/Fatori-V/iob_soc_V1.0/hardware/src/iob_reg.v:4]
INFO: [Synth 8-6155] done synthesizing module 'iob_reg_e' (69#1) [/home/jaguiar/sandbox/Fatori-V/iob_soc_V1.0/hardware/src/iob_reg_e.v:4]
INFO: [Synth 8-6157] synthesizing module 'iob_axi2iob' [/home/jaguiar/sandbox/Fatori-V/iob_soc_V1.0/hardware/src/iob_axi2iob.v:11]
	Parameter ADDR_WIDTH bound to: 13 - type: integer 
	Parameter DATA_WIDTH bound to: 32 - type: integer 
	Parameter STRB_WIDTH bound to: 4 - type: integer 
	Parameter AXI_ID_WIDTH bound to: 4 - type: integer 
	Parameter AXI_LEN_WIDTH bound to: 8 - type: integer 
	Parameter STATE_IDLE bound to: 2'b00 
	Parameter STATE_DATA bound to: 2'b01 
	Parameter STATE_RESP bound to: 2'b10 
INFO: [Synth 8-6157] synthesizing module 'iob_reg_re__parameterized23' [/home/jaguiar/sandbox/Fatori-V/iob_soc_V1.0/hardware/src/iob_reg_re.v:4]
	Parameter DATA_W bound to: 13 - type: integer 
	Parameter RST_VAL bound to: 13'b0000000000000 
INFO: [Synth 8-6155] done synthesizing module 'iob_reg_re__parameterized23' (69#1) [/home/jaguiar/sandbox/Fatori-V/iob_soc_V1.0/hardware/src/iob_reg_re.v:4]
INFO: [Synth 8-6157] synthesizing module 'iob_reg_re__parameterized24' [/home/jaguiar/sandbox/Fatori-V/iob_soc_V1.0/hardware/src/iob_reg_re.v:4]
	Parameter DATA_W bound to: 32 - type: integer 
	Parameter RST_VAL bound to: 0 - type: integer 
INFO: [Synth 8-6157] synthesizing module 'iob_reg__parameterized25' [/home/jaguiar/sandbox/Fatori-V/iob_soc_V1.0/hardware/src/iob_reg.v:4]
	Parameter DATA_W bound to: 32 - type: integer 
	Parameter RST_VAL bound to: 0 - type: integer 
INFO: [Synth 8-6155] done synthesizing module 'iob_reg__parameterized25' (69#1) [/home/jaguiar/sandbox/Fatori-V/iob_soc_V1.0/hardware/src/iob_reg.v:4]
INFO: [Synth 8-6155] done synthesizing module 'iob_reg_re__parameterized24' (69#1) [/home/jaguiar/sandbox/Fatori-V/iob_soc_V1.0/hardware/src/iob_reg_re.v:4]
INFO: [Synth 8-6155] done synthesizing module 'iob_axi2iob' (70#1) [/home/jaguiar/sandbox/Fatori-V/iob_soc_V1.0/hardware/src/iob_axi2iob.v:11]
INFO: [Synth 8-6157] synthesizing module 'iob_ctls' [/home/jaguiar/sandbox/Fatori-V/iob_soc_V1.0/hardware/src/iob_ctls.v:7]
	Parameter W bound to: 4 - type: integer 
	Parameter MODE bound to: 0 - type: integer 
	Parameter SYMBOL bound to: 0 - type: integer 
INFO: [Synth 8-6157] synthesizing module 'iob_prio_enc__parameterized0' [/home/jaguiar/sandbox/Fatori-V/iob_soc_V1.0/hardware/src/iob_prio_enc.v:4]
	Parameter W bound to: 5 - type: integer 
	Parameter MODE bound to: LOW - type: string 
INFO: [Synth 8-6155] done synthesizing module 'iob_prio_enc__parameterized0' (70#1) [/home/jaguiar/sandbox/Fatori-V/iob_soc_V1.0/hardware/src/iob_prio_enc.v:4]
INFO: [Synth 8-6155] done synthesizing module 'iob_ctls' (71#1) [/home/jaguiar/sandbox/Fatori-V/iob_soc_V1.0/hardware/src/iob_ctls.v:7]
INFO: [Synth 8-6155] done synthesizing module 'iob_bootrom_csrs' (72#1) [/home/jaguiar/sandbox/Fatori-V/iob_soc_V1.0/hardware/src/iob_bootrom_csrs.v:4]
INFO: [Synth 8-6155] done synthesizing module 'iob_bootrom' (73#1) [/home/jaguiar/sandbox/Fatori-V/iob_soc_V1.0/hardware/src/iob_bootrom.v:4]
INFO: [Synth 8-6157] synthesizing module 'iob_axi2iob__parameterized0' [/home/jaguiar/sandbox/Fatori-V/iob_soc_V1.0/hardware/src/iob_axi2iob.v:11]
	Parameter ADDR_WIDTH bound to: 28 - type: integer 
	Parameter DATA_WIDTH bound to: 32 - type: integer 
	Parameter STRB_WIDTH bound to: 4 - type: integer 
	Parameter AXI_ID_WIDTH bound to: 4 - type: integer 
	Parameter AXI_LEN_WIDTH bound to: 8 - type: integer 
	Parameter STATE_IDLE bound to: 2'b00 
	Parameter STATE_DATA bound to: 2'b01 
	Parameter STATE_RESP bound to: 2'b10 
INFO: [Synth 8-6157] synthesizing module 'iob_reg_re__parameterized25' [/home/jaguiar/sandbox/Fatori-V/iob_soc_V1.0/hardware/src/iob_reg_re.v:4]
	Parameter DATA_W bound to: 28 - type: integer 
	Parameter RST_VAL bound to: 28'b0000000000000000000000000000 
INFO: [Synth 8-6157] synthesizing module 'iob_reg__parameterized26' [/home/jaguiar/sandbox/Fatori-V/iob_soc_V1.0/hardware/src/iob_reg.v:4]
	Parameter DATA_W bound to: 28 - type: integer 
	Parameter RST_VAL bound to: 28'b0000000000000000000000000000 
INFO: [Synth 8-6155] done synthesizing module 'iob_reg__parameterized26' (73#1) [/home/jaguiar/sandbox/Fatori-V/iob_soc_V1.0/hardware/src/iob_reg.v:4]
INFO: [Synth 8-6155] done synthesizing module 'iob_reg_re__parameterized25' (73#1) [/home/jaguiar/sandbox/Fatori-V/iob_soc_V1.0/hardware/src/iob_reg_re.v:4]
INFO: [Synth 8-6155] done synthesizing module 'iob_axi2iob__parameterized0' (73#1) [/home/jaguiar/sandbox/Fatori-V/iob_soc_V1.0/hardware/src/iob_axi2iob.v:11]
INFO: [Synth 8-6157] synthesizing module 'iob_soc_pbus_split' [/home/jaguiar/sandbox/Fatori-V/iob_soc_V1.0/hardware/src/iob_soc_pbus_split.v:4]
INFO: [Synth 8-6157] synthesizing module 'iob_reg_re__parameterized26' [/home/jaguiar/sandbox/Fatori-V/iob_soc_V1.0/hardware/src/iob_reg_re.v:4]
	Parameter DATA_W bound to: 2 - type: integer 
	Parameter RST_VAL bound to: 2'b00 
INFO: [Synth 8-6155] done synthesizing module 'iob_reg_re__parameterized26' (73#1) [/home/jaguiar/sandbox/Fatori-V/iob_soc_V1.0/hardware/src/iob_reg_re.v:4]
INFO: [Synth 8-6157] synthesizing module 'iob_demux__parameterized10' [/home/jaguiar/sandbox/Fatori-V/iob_soc_V1.0/hardware/src/iob_demux.v:4]
	Parameter DATA_W bound to: 1 - type: integer 
	Parameter N bound to: 4 - type: integer 
	Parameter SEL_W bound to: 2 - type: integer 
INFO: [Synth 8-6155] done synthesizing module 'iob_demux__parameterized10' (73#1) [/home/jaguiar/sandbox/Fatori-V/iob_soc_V1.0/hardware/src/iob_demux.v:4]
INFO: [Synth 8-6157] synthesizing module 'iob_demux__parameterized11' [/home/jaguiar/sandbox/Fatori-V/iob_soc_V1.0/hardware/src/iob_demux.v:4]
	Parameter DATA_W bound to: 28 - type: integer 
	Parameter N bound to: 4 - type: integer 
	Parameter SEL_W bound to: 2 - type: integer 
INFO: [Synth 8-6155] done synthesizing module 'iob_demux__parameterized11' (73#1) [/home/jaguiar/sandbox/Fatori-V/iob_soc_V1.0/hardware/src/iob_demux.v:4]
INFO: [Synth 8-6157] synthesizing module 'iob_demux__parameterized12' [/home/jaguiar/sandbox/Fatori-V/iob_soc_V1.0/hardware/src/iob_demux.v:4]
	Parameter DATA_W bound to: 32 - type: integer 
	Parameter N bound to: 4 - type: integer 
	Parameter SEL_W bound to: 2 - type: integer 
INFO: [Synth 8-6155] done synthesizing module 'iob_demux__parameterized12' (73#1) [/home/jaguiar/sandbox/Fatori-V/iob_soc_V1.0/hardware/src/iob_demux.v:4]
INFO: [Synth 8-6157] synthesizing module 'iob_demux__parameterized13' [/home/jaguiar/sandbox/Fatori-V/iob_soc_V1.0/hardware/src/iob_demux.v:4]
	Parameter DATA_W bound to: 4 - type: integer 
	Parameter N bound to: 4 - type: integer 
	Parameter SEL_W bound to: 2 - type: integer 
INFO: [Synth 8-6155] done synthesizing module 'iob_demux__parameterized13' (73#1) [/home/jaguiar/sandbox/Fatori-V/iob_soc_V1.0/hardware/src/iob_demux.v:4]
INFO: [Synth 8-6157] synthesizing module 'iob_mux__parameterized10' [/home/jaguiar/sandbox/Fatori-V/iob_soc_V1.0/hardware/src/iob_mux.v:4]
	Parameter DATA_W bound to: 32 - type: integer 
	Parameter N bound to: 4 - type: integer 
	Parameter SEL_W bound to: 2 - type: integer 
INFO: [Synth 8-6155] done synthesizing module 'iob_mux__parameterized10' (73#1) [/home/jaguiar/sandbox/Fatori-V/iob_soc_V1.0/hardware/src/iob_mux.v:4]
INFO: [Synth 8-6157] synthesizing module 'iob_mux__parameterized11' [/home/jaguiar/sandbox/Fatori-V/iob_soc_V1.0/hardware/src/iob_mux.v:4]
	Parameter DATA_W bound to: 1 - type: integer 
	Parameter N bound to: 4 - type: integer 
	Parameter SEL_W bound to: 2 - type: integer 
INFO: [Synth 8-6155] done synthesizing module 'iob_mux__parameterized11' (73#1) [/home/jaguiar/sandbox/Fatori-V/iob_soc_V1.0/hardware/src/iob_mux.v:4]
INFO: [Synth 8-6155] done synthesizing module 'iob_soc_pbus_split' (74#1) [/home/jaguiar/sandbox/Fatori-V/iob_soc_V1.0/hardware/src/iob_soc_pbus_split.v:4]
INFO: [Synth 8-6157] synthesizing module 'iob_uart' [/home/jaguiar/sandbox/Fatori-V/iob_soc_V1.0/hardware/src/iob_uart.v:4]
	Parameter DATA_W bound to: 32 - type: integer 
INFO: [Synth 8-6157] synthesizing module 'iob_uart_csrs' [/home/jaguiar/sandbox/Fatori-V/iob_soc_V1.0/hardware/src/iob_uart_csrs.v:4]
	Parameter ADDR_W bound to: 3 - type: integer 
	Parameter DATA_W bound to: 32 - type: integer 
	Parameter WSTRB_W bound to: 4 - type: integer 
	Parameter WAIT_REQ bound to: 1'b0 
	Parameter WAIT_RVALID bound to: 1'b1 
INFO: [Synth 8-6157] synthesizing module 'iob_reg_e__parameterized0' [/home/jaguiar/sandbox/Fatori-V/iob_soc_V1.0/hardware/src/iob_reg_e.v:4]
	Parameter DATA_W bound to: 3 - type: integer 
	Parameter RST_VAL bound to: 3'b000 
INFO: [Synth 8-6157] synthesizing module 'iob_reg__parameterized27' [/home/jaguiar/sandbox/Fatori-V/iob_soc_V1.0/hardware/src/iob_reg.v:4]
	Parameter DATA_W bound to: 3 - type: integer 
	Parameter RST_VAL bound to: 3'b000 
INFO: [Synth 8-6155] done synthesizing module 'iob_reg__parameterized27' (74#1) [/home/jaguiar/sandbox/Fatori-V/iob_soc_V1.0/hardware/src/iob_reg.v:4]
INFO: [Synth 8-6155] done synthesizing module 'iob_reg_e__parameterized0' (74#1) [/home/jaguiar/sandbox/Fatori-V/iob_soc_V1.0/hardware/src/iob_reg_e.v:4]
INFO: [Synth 8-6157] synthesizing module 'iob_reg_e__parameterized1' [/home/jaguiar/sandbox/Fatori-V/iob_soc_V1.0/hardware/src/iob_reg_e.v:4]
	Parameter DATA_W bound to: 1 - type: integer 
	Parameter RST_VAL bound to: 1'b0 
INFO: [Synth 8-6155] done synthesizing module 'iob_reg_e__parameterized1' (74#1) [/home/jaguiar/sandbox/Fatori-V/iob_soc_V1.0/hardware/src/iob_reg_e.v:4]
INFO: [Synth 8-6157] synthesizing module 'iob_reg_e__parameterized2' [/home/jaguiar/sandbox/Fatori-V/iob_soc_V1.0/hardware/src/iob_reg_e.v:4]
	Parameter DATA_W bound to: 16 - type: integer 
	Parameter RST_VAL bound to: 16'b0000000000000000 
INFO: [Synth 8-6157] synthesizing module 'iob_reg__parameterized28' [/home/jaguiar/sandbox/Fatori-V/iob_soc_V1.0/hardware/src/iob_reg.v:4]
	Parameter DATA_W bound to: 16 - type: integer 
	Parameter RST_VAL bound to: 16'b0000000000000000 
INFO: [Synth 8-6155] done synthesizing module 'iob_reg__parameterized28' (74#1) [/home/jaguiar/sandbox/Fatori-V/iob_soc_V1.0/hardware/src/iob_reg.v:4]
INFO: [Synth 8-6155] done synthesizing module 'iob_reg_e__parameterized2' (74#1) [/home/jaguiar/sandbox/Fatori-V/iob_soc_V1.0/hardware/src/iob_reg_e.v:4]
INFO: [Synth 8-6155] done synthesizing module 'iob_uart_csrs' (75#1) [/home/jaguiar/sandbox/Fatori-V/iob_soc_V1.0/hardware/src/iob_uart_csrs.v:4]
INFO: [Synth 8-6157] synthesizing module 'iob_uart_core' [/home/jaguiar/sandbox/Fatori-V/iob_soc_V1.0/hardware/src/iob_uart_core.v:9]
	Parameter RST_POL bound to: 1 - type: integer 
INFO: [Synth 8-6157] synthesizing module 'iob_reg_e__parameterized3' [/home/jaguiar/sandbox/Fatori-V/iob_soc_V1.0/hardware/src/iob_reg_e.v:4]
	Parameter DATA_W bound to: 8 - type: integer 
	Parameter RST_VAL bound to: 8'b00000000 
INFO: [Synth 8-6157] synthesizing module 'iob_reg__parameterized29' [/home/jaguiar/sandbox/Fatori-V/iob_soc_V1.0/hardware/src/iob_reg.v:4]
	Parameter DATA_W bound to: 8 - type: integer 
	Parameter RST_VAL bound to: 8'b00000000 
INFO: [Synth 8-6155] done synthesizing module 'iob_reg__parameterized29' (75#1) [/home/jaguiar/sandbox/Fatori-V/iob_soc_V1.0/hardware/src/iob_reg.v:4]
INFO: [Synth 8-6155] done synthesizing module 'iob_reg_e__parameterized3' (75#1) [/home/jaguiar/sandbox/Fatori-V/iob_soc_V1.0/hardware/src/iob_reg_e.v:4]
INFO: [Synth 8-6155] done synthesizing module 'iob_uart_core' (76#1) [/home/jaguiar/sandbox/Fatori-V/iob_soc_V1.0/hardware/src/iob_uart_core.v:9]
INFO: [Synth 8-6155] done synthesizing module 'iob_uart' (77#1) [/home/jaguiar/sandbox/Fatori-V/iob_soc_V1.0/hardware/src/iob_uart.v:4]
INFO: [Synth 8-6157] synthesizing module 'iob_timer' [/home/jaguiar/sandbox/Fatori-V/iob_soc_V1.0/hardware/src/iob_timer.v:4]
	Parameter DATA_W bound to: 32 - type: integer 
	Parameter WDATA_W bound to: 1 - type: integer 
INFO: [Synth 8-6157] synthesizing module 'iob_timer_csrs' [/home/jaguiar/sandbox/Fatori-V/iob_soc_V1.0/hardware/src/iob_timer_csrs.v:4]
	Parameter ADDR_W bound to: 4 - type: integer 
	Parameter DATA_W bound to: 32 - type: integer 
	Parameter WDATA_W bound to: 1 - type: integer 
	Parameter WSTRB_W bound to: 4 - type: integer 
	Parameter WAIT_REQ bound to: 1'b0 
	Parameter WAIT_RVALID bound to: 1'b1 
INFO: [Synth 8-6157] synthesizing module 'iob_reg_e__parameterized4' [/home/jaguiar/sandbox/Fatori-V/iob_soc_V1.0/hardware/src/iob_reg_e.v:4]
	Parameter DATA_W bound to: 4 - type: integer 
	Parameter RST_VAL bound to: 4'b0000 
INFO: [Synth 8-6157] synthesizing module 'iob_reg__parameterized30' [/home/jaguiar/sandbox/Fatori-V/iob_soc_V1.0/hardware/src/iob_reg.v:4]
	Parameter DATA_W bound to: 4 - type: integer 
	Parameter RST_VAL bound to: 4'b0000 
INFO: [Synth 8-6155] done synthesizing module 'iob_reg__parameterized30' (77#1) [/home/jaguiar/sandbox/Fatori-V/iob_soc_V1.0/hardware/src/iob_reg.v:4]
INFO: [Synth 8-6155] done synthesizing module 'iob_reg_e__parameterized4' (77#1) [/home/jaguiar/sandbox/Fatori-V/iob_soc_V1.0/hardware/src/iob_reg_e.v:4]
INFO: [Synth 8-6155] done synthesizing module 'iob_timer_csrs' (78#1) [/home/jaguiar/sandbox/Fatori-V/iob_soc_V1.0/hardware/src/iob_timer_csrs.v:4]
INFO: [Synth 8-6157] synthesizing module 'iob_timer_core' [/home/jaguiar/sandbox/Fatori-V/iob_soc_V1.0/hardware/src/iob_timer_core.v:8]
	Parameter DATA_W bound to: 32 - type: integer 
INFO: [Synth 8-6157] synthesizing module 'iob_counter' [/home/jaguiar/sandbox/Fatori-V/iob_soc_V1.0/hardware/src/iob_counter.v:4]
	Parameter DATA_W bound to: 64 - type: integer 
	Parameter RST_VAL bound to: 0 - type: integer 
INFO: [Synth 8-6157] synthesizing module 'iob_reg_re__parameterized27' [/home/jaguiar/sandbox/Fatori-V/iob_soc_V1.0/hardware/src/iob_reg_re.v:4]
	Parameter DATA_W bound to: 64 - type: integer 
	Parameter RST_VAL bound to: 0 - type: integer 
INFO: [Synth 8-6157] synthesizing module 'iob_reg__parameterized31' [/home/jaguiar/sandbox/Fatori-V/iob_soc_V1.0/hardware/src/iob_reg.v:4]
	Parameter DATA_W bound to: 64 - type: integer 
	Parameter RST_VAL bound to: 0 - type: integer 
INFO: [Synth 8-6155] done synthesizing module 'iob_reg__parameterized31' (78#1) [/home/jaguiar/sandbox/Fatori-V/iob_soc_V1.0/hardware/src/iob_reg.v:4]
INFO: [Synth 8-6155] done synthesizing module 'iob_reg_re__parameterized27' (78#1) [/home/jaguiar/sandbox/Fatori-V/iob_soc_V1.0/hardware/src/iob_reg_re.v:4]
INFO: [Synth 8-6155] done synthesizing module 'iob_counter' (79#1) [/home/jaguiar/sandbox/Fatori-V/iob_soc_V1.0/hardware/src/iob_counter.v:4]
INFO: [Synth 8-6155] done synthesizing module 'iob_timer_core' (80#1) [/home/jaguiar/sandbox/Fatori-V/iob_soc_V1.0/hardware/src/iob_timer_core.v:8]
INFO: [Synth 8-6155] done synthesizing module 'iob_timer' (81#1) [/home/jaguiar/sandbox/Fatori-V/iob_soc_V1.0/hardware/src/iob_timer.v:4]
INFO: [Synth 8-6155] done synthesizing module 'iob_soc' (82#1) [/home/jaguiar/sandbox/Fatori-V/iob_soc_V1.0/hardware/src/iob_soc.v:4]
INFO: [Synth 8-6157] synthesizing module 'iob_rom_sp' [/home/jaguiar/sandbox/Fatori-V/iob_soc_V1.0/hardware/src/iob_rom_sp.v:4]
	Parameter HEXFILE bound to: iob_soc_bootrom - type: string 
	Parameter ADDR_W bound to: 10 - type: integer 
	Parameter DATA_W bound to: 32 - type: integer 
	Parameter MEM_INIT_FILE_INT bound to: 152'b01101001011011110110001001011111011100110110111101100011010111110110001001101111011011110111010001110010011011110110110100101110011010000110010101111000 
	Parameter INIT_RAM bound to: 1 - type: integer 
INFO: [Synth 8-3876] $readmem data file 'iob_soc_bootrom.hex' is read successfully [/home/jaguiar/sandbox/Fatori-V/iob_soc_V1.0/hardware/src/iob_rom_sp.v:25]
INFO: [Synth 8-6155] done synthesizing module 'iob_rom_sp' (83#1) [/home/jaguiar/sandbox/Fatori-V/iob_soc_V1.0/hardware/src/iob_rom_sp.v:4]
INFO: [Synth 8-6157] synthesizing module 'iob_ram_t2p_be' [/home/jaguiar/sandbox/Fatori-V/iob_soc_V1.0/hardware/src/iob_ram_t2p_be.v:4]
	Parameter HEXFILE bound to: iob_soc_firmware - type: string 
	Parameter ADDR_W bound to: 16 - type: integer 
	Parameter DATA_W bound to: 32 - type: integer 
	Parameter COL_W bound to: 8 - type: integer 
	Parameter NUM_COL bound to: 4 - type: integer 
	Parameter MEM_NO_READ_ON_WRITE bound to: 0 - type: integer 
INFO: [Synth 8-3876] $readmem data file 'iob_soc_firmware.hex' is read successfully [/home/jaguiar/sandbox/Fatori-V/iob_soc_V1.0/hardware/src/iob_ram_t2p_be.v:60]
INFO: [Synth 8-6155] done synthesizing module 'iob_ram_t2p_be' (84#1) [/home/jaguiar/sandbox/Fatori-V/iob_soc_V1.0/hardware/src/iob_ram_t2p_be.v:4]
INFO: [Synth 8-6155] done synthesizing module 'iob_soc_mwrap' (85#1) [/home/jaguiar/sandbox/Fatori-V/iob_soc_V1.0/hardware/src/iob_soc_mwrap.v:4]
INFO: [Synth 8-6157] synthesizing module 'iob_xilinx_clock_wizard' [/home/jaguiar/sandbox/Fatori-V/iob_soc_V1.0/hardware/fpga/vivado/iob_aes_ku040_db_g/iob_xilinx_clock_wizard.v:4]
	Parameter OUTPUT_PER bound to: 16.667000 - type: double 
	Parameter INPUT_PER bound to: 4.000000 - type: double 
INFO: [Synth 8-6157] synthesizing module 'iob_reset_sync' [/home/jaguiar/sandbox/Fatori-V/iob_soc_V1.0/hardware/fpga/vivado/iob_aes_ku040_db_g/iob_reset_sync.v:4]
INFO: [Synth 8-6157] synthesizing module 'iob_r' [/home/jaguiar/sandbox/Fatori-V/iob_soc_V1.0/hardware/fpga/vivado/iob_aes_ku040_db_g/iob_r.v:4]
	Parameter DATA_W bound to: 2 - type: integer 
	Parameter RST_VAL bound to: 2'b11 
INFO: [Synth 8-6155] done synthesizing module 'iob_r' (86#1) [/home/jaguiar/sandbox/Fatori-V/iob_soc_V1.0/hardware/fpga/vivado/iob_aes_ku040_db_g/iob_r.v:4]
INFO: [Synth 8-6155] done synthesizing module 'iob_reset_sync' (87#1) [/home/jaguiar/sandbox/Fatori-V/iob_soc_V1.0/hardware/fpga/vivado/iob_aes_ku040_db_g/iob_reset_sync.v:4]
INFO: [Synth 8-6157] synthesizing module 'iob_clock_wizard' [/home/jaguiar/sandbox/Fatori-V/iob_soc_V1.0/hardware/fpga/vivado/iob_aes_ku040_db_g/iob_clock_wizard.v:7]
	Parameter OUTPUT_PER bound to: 16.667000 - type: double 
	Parameter INPUT_PER bound to: 4.000000 - type: double 
INFO: [Synth 8-6157] synthesizing module 'IBUFDS' [/opt/Xilinx/Vivado/2020.2/scripts/rt/data/unisim_comp.v:32998]
	Parameter CAPACITANCE bound to: DONT_CARE - type: string 
	Parameter DIFF_TERM bound to: FALSE - type: string 
	Parameter DQS_BIAS bound to: FALSE - type: string 
	Parameter IBUF_DELAY_VALUE bound to: 0 - type: string 
	Parameter IBUF_LOW_PWR bound to: TRUE - type: string 
	Parameter IFD_DELAY_VALUE bound to: AUTO - type: string 
	Parameter IOSTANDARD bound to: DEFAULT - type: string 
INFO: [Synth 8-6155] done synthesizing module 'IBUFDS' (88#1) [/opt/Xilinx/Vivado/2020.2/scripts/rt/data/unisim_comp.v:32998]
INFO: [Synth 8-6157] synthesizing module 'PLLE3_ADV' [/opt/Xilinx/Vivado/2020.2/scripts/rt/data/unisim_comp.v:61660]
	Parameter CLKFBOUT_MULT bound to: 4 - type: integer 
	Parameter CLKFBOUT_PHASE bound to: 0.000000 - type: double 
	Parameter CLKIN_PERIOD bound to: 4.000000 - type: double 
	Parameter CLKOUT0_DIVIDE bound to: 17 - type: integer 
	Parameter CLKOUT0_DUTY_CYCLE bound to: 0.500000 - type: double 
	Parameter CLKOUT0_PHASE bound to: 0.000000 - type: double 
	Parameter CLKOUT1_DIVIDE bound to: 1 - type: integer 
	Parameter CLKOUT1_DUTY_CYCLE bound to: 0.500000 - type: double 
	Parameter CLKOUT1_PHASE bound to: 0.000000 - type: double 
	Parameter CLKOUTPHY_MODE bound to: VCO_2X - type: string 
	Parameter COMPENSATION bound to: AUTO - type: string 
	Parameter DIVCLK_DIVIDE bound to: 1 - type: integer 
	Parameter IS_CLKFBIN_INVERTED bound to: 1'b0 
	Parameter IS_CLKIN_INVERTED bound to: 1'b0 
	Parameter IS_PWRDWN_INVERTED bound to: 1'b0 
	Parameter IS_RST_INVERTED bound to: 1'b0 
	Parameter REF_JITTER bound to: 0.010000 - type: double 
	Parameter STARTUP_WAIT bound to: FALSE - type: string 
INFO: [Synth 8-6155] done synthesizing module 'PLLE3_ADV' (89#1) [/opt/Xilinx/Vivado/2020.2/scripts/rt/data/unisim_comp.v:61660]
INFO: [Synth 8-6157] synthesizing module 'BUFG' [/opt/Xilinx/Vivado/2020.2/scripts/rt/data/unisim_comp.v:1083]
INFO: [Synth 8-6155] done synthesizing module 'BUFG' (90#1) [/opt/Xilinx/Vivado/2020.2/scripts/rt/data/unisim_comp.v:1083]
INFO: [Synth 8-6155] done synthesizing module 'iob_clock_wizard' (91#1) [/home/jaguiar/sandbox/Fatori-V/iob_soc_V1.0/hardware/fpga/vivado/iob_aes_ku040_db_g/iob_clock_wizard.v:7]
INFO: [Synth 8-6155] done synthesizing module 'iob_xilinx_clock_wizard' (92#1) [/home/jaguiar/sandbox/Fatori-V/iob_soc_V1.0/hardware/fpga/vivado/iob_aes_ku040_db_g/iob_xilinx_clock_wizard.v:4]
INFO: [Synth 8-6155] done synthesizing module 'iob_soc_iob_aes_ku040_db_g' (93#1) [/home/jaguiar/sandbox/Fatori-V/iob_soc_V1.0/hardware/fpga/vivado/iob_aes_ku040_db_g/iob_soc_iob_aes_ku040_db_g.v:4]
---------------------------------------------------------------------------------
Finished RTL Elaboration : Time (s): cpu = 00:00:07 ; elapsed = 00:00:09 . Memory (MB): peak = 2884.992 ; gain = 409.531 ; free physical = 1331 ; free virtual = 4096
---------------------------------------------------------------------------------
---------------------------------------------------------------------------------
Start Handling Custom Attributes
---------------------------------------------------------------------------------
---------------------------------------------------------------------------------
Finished Handling Custom Attributes : Time (s): cpu = 00:00:09 ; elapsed = 00:00:11 . Memory (MB): peak = 2890.930 ; gain = 415.469 ; free physical = 1353 ; free virtual = 4118
---------------------------------------------------------------------------------
---------------------------------------------------------------------------------
Finished RTL Optimization Phase 1 : Time (s): cpu = 00:00:09 ; elapsed = 00:00:11 . Memory (MB): peak = 2890.930 ; gain = 415.469 ; free physical = 1353 ; free virtual = 4118
---------------------------------------------------------------------------------
Netlist sorting complete. Time (s): cpu = 00:00:00.43 ; elapsed = 00:00:00.44 . Memory (MB): peak = 2890.930 ; gain = 0.000 ; free physical = 1302 ; free virtual = 4066
INFO: [Netlist 29-17] Analyzing 11 Unisim elements for replacement
INFO: [Netlist 29-28] Unisim Transformation completed in 0 CPU seconds
INFO: [Project 1-570] Preparing netlist for logic optimization

Processing XDC Constraints
Initializing timing engine
Parsing XDC File [/home/jaguiar/sandbox/Fatori-V/iob_soc_V1.0/hardware/fpga/ip/sem_ultra_0/sem_ultra_0/sem_ultra_0_in_context.xdc] for cell 'iob_soc_memwrapper/iob_core_inst/cpu/u_sem_example/example_support_wrapper/example_support/sem_controller'
Finished Parsing XDC File [/home/jaguiar/sandbox/Fatori-V/iob_soc_V1.0/hardware/fpga/ip/sem_ultra_0/sem_ultra_0/sem_ultra_0_in_context.xdc] for cell 'iob_soc_memwrapper/iob_core_inst/cpu/u_sem_example/example_support_wrapper/example_support/sem_controller'
Parsing XDC File [/home/jaguiar/sandbox/Fatori-V/iob_soc_V1.0/hardware/fpga/ip/sem_ultra_0_vio_si14/sem_ultra_0_vio_si14/sem_ultra_0_vio_si14_in_context.xdc] for cell 'iob_soc_memwrapper/iob_core_inst/cpu/u_sem_example/example_vio_si14'
Finished Parsing XDC File [/home/jaguiar/sandbox/Fatori-V/iob_soc_V1.0/hardware/fpga/ip/sem_ultra_0_vio_si14/sem_ultra_0_vio_si14/sem_ultra_0_vio_si14_in_context.xdc] for cell 'iob_soc_memwrapper/iob_core_inst/cpu/u_sem_example/example_vio_si14'
Parsing XDC File [/home/jaguiar/sandbox/Fatori-V/iob_soc_V1.0/hardware/fpga/ip/sem_ultra_0_vio_si1_so41/sem_ultra_0_vio_si1_so41/sem_ultra_0_vio_si1_so41_in_context.xdc] for cell 'iob_soc_memwrapper/iob_core_inst/cpu/u_sem_example/example_vio_si1_so41'
Finished Parsing XDC File [/home/jaguiar/sandbox/Fatori-V/iob_soc_V1.0/hardware/fpga/ip/sem_ultra_0_vio_si1_so41/sem_ultra_0_vio_si1_so41/sem_ultra_0_vio_si1_so41_in_context.xdc] for cell 'iob_soc_memwrapper/iob_core_inst/cpu/u_sem_example/example_vio_si1_so41'
Parsing XDC File [/home/jaguiar/sandbox/Fatori-V/iob_soc_V1.0/hardware/fpga/ip/sem_ultra_0_vio_si1_so5/sem_ultra_0_vio_si1_so5/sem_ultra_0_vio_si1_so5_in_context.xdc] for cell 'iob_soc_memwrapper/iob_core_inst/cpu/u_sem_example/example_vio_si1_so5'
Finished Parsing XDC File [/home/jaguiar/sandbox/Fatori-V/iob_soc_V1.0/hardware/fpga/ip/sem_ultra_0_vio_si1_so5/sem_ultra_0_vio_si1_so5/sem_ultra_0_vio_si1_so5_in_context.xdc] for cell 'iob_soc_memwrapper/iob_core_inst/cpu/u_sem_example/example_vio_si1_so5'
Parsing XDC File [/home/jaguiar/sandbox/Fatori-V/iob_soc_V1.0/hardware/fpga/vivado/iob_aes_ku040_db_g/auto_board.sdc]
Finished Parsing XDC File [/home/jaguiar/sandbox/Fatori-V/iob_soc_V1.0/hardware/fpga/vivado/iob_aes_ku040_db_g/auto_board.sdc]
Parsing XDC File [/home/jaguiar/sandbox/Fatori-V/iob_soc_V1.0/hardware/fpga/vivado/iob_aes_ku040_db_g/iob_soc_dev.sdc]
Finished Parsing XDC File [/home/jaguiar/sandbox/Fatori-V/iob_soc_V1.0/hardware/fpga/vivado/iob_aes_ku040_db_g/iob_soc_dev.sdc]
INFO: [Project 1-236] Implementation specific constraints were found while reading constraint file [/home/jaguiar/sandbox/Fatori-V/iob_soc_V1.0/hardware/fpga/vivado/iob_aes_ku040_db_g/iob_soc_dev.sdc]. These constraints will be ignored for synthesis but will be used in implementation. Impacted constraints are listed in the file [.Xil/iob_soc_iob_aes_ku040_db_g_propImpl.xdc].
Resolution: To avoid this warning, move constraints listed in [.Xil/iob_soc_iob_aes_ku040_db_g_propImpl.xdc] to another XDC file and exclude this new file from synthesis with the used_in_synthesis property (File Properties dialog in GUI) and re-run elaboration/synthesis.
INFO: [Timing 38-2] Deriving generated clocks
Completed Processing XDC Constraints

Netlist sorting complete. Time (s): cpu = 00:00:00.01 ; elapsed = 00:00:00.01 . Memory (MB): peak = 3035.602 ; gain = 0.000 ; free physical = 1173 ; free virtual = 3940
INFO: [Project 1-111] Unisim Transformation Summary:
  A total of 10 instances were transformed.
  BUFG => BUFGCE: 1 instance 
  FD => FDRE: 7 instances
  IBUF => IBUF (IBUFCTRL, INBUF): 1 instance 
  IBUFDS => IBUFDS (DIFFINBUF, IBUFCTRL): 1 instance 

Constraint Validation Runtime : Time (s): cpu = 00:00:00.05 ; elapsed = 00:00:00.05 . Memory (MB): peak = 3035.602 ; gain = 0.000 ; free physical = 1173 ; free virtual = 3940
---------------------------------------------------------------------------------
Finished Constraint Validation : Time (s): cpu = 00:00:19 ; elapsed = 00:00:21 . Memory (MB): peak = 3035.602 ; gain = 560.141 ; free physical = 1327 ; free virtual = 4094
---------------------------------------------------------------------------------
---------------------------------------------------------------------------------
Start Loading Part and Timing Information
---------------------------------------------------------------------------------
Loading part: xcku040-fbva676-1-c
INFO: [Synth 8-6742] Reading net delay rules and data
---------------------------------------------------------------------------------
Finished Loading Part and Timing Information : Time (s): cpu = 00:00:20 ; elapsed = 00:00:21 . Memory (MB): peak = 3035.602 ; gain = 560.141 ; free physical = 1327 ; free virtual = 4094
---------------------------------------------------------------------------------
---------------------------------------------------------------------------------
Start Applying 'set_property' XDC Constraints
---------------------------------------------------------------------------------
Applied set_property KEEP_HIERARCHY = SOFT for iob_soc_memwrapper/iob_core_inst/cpu/u_sem_example/example_support_wrapper/example_support/sem_controller. (constraint file  auto generated constraint).
Applied set_property KEEP_HIERARCHY = SOFT for iob_soc_memwrapper/iob_core_inst/cpu/u_sem_example/example_vio_si14. (constraint file  auto generated constraint).
Applied set_property KEEP_HIERARCHY = SOFT for iob_soc_memwrapper/iob_core_inst/cpu/u_sem_example/example_vio_si1_so41. (constraint file  auto generated constraint).
Applied set_property KEEP_HIERARCHY = SOFT for iob_soc_memwrapper/iob_core_inst/cpu/u_sem_example/example_vio_si1_so5. (constraint file  auto generated constraint).
---------------------------------------------------------------------------------
Finished applying 'set_property' XDC Constraints : Time (s): cpu = 00:00:20 ; elapsed = 00:00:21 . Memory (MB): peak = 3035.602 ; gain = 560.141 ; free physical = 1326 ; free virtual = 4093
---------------------------------------------------------------------------------
INFO: [Synth 8-802] inferred FSM for state register 'inj_state_reg' in module 'fi_coms'
INFO: [Synth 8-802] inferred FSM for state register 'inval_state_q_reg' in module 'ibex_icache'
INFO: [Synth 8-802] inferred FSM for state register 'write_state_reg_reg' in module 'iob_axi_ram'
INFO: [Synth 8-802] inferred FSM for state register 'w_state_reg_reg' in module 'iob_axi2iob'
INFO: [Synth 8-802] inferred FSM for state register 'r_state_reg_reg' in module 'iob_axi2iob'
INFO: [Synth 8-802] inferred FSM for state register 'w_state_reg_reg' in module 'iob_axi2iob__parameterized0'
INFO: [Synth 8-802] inferred FSM for state register 'r_state_reg_reg' in module 'iob_axi2iob__parameterized0'
INFO: [Synth 8-6159] Found Keep on FSM register 'inj_state_reg' in module 'fi_coms', re-encoding will not be performed
---------------------------------------------------------------------------------------------------
                   State |                     New Encoding |                Previous Encoding 
---------------------------------------------------------------------------------------------------
*
                INJ_IDLE |                              000 |                              000
               INJ_PULSE |                              001 |                              001
               INJ_CLEAR |                              010 |                              010
                 INJ_ACK |                              011 |                              011
                INJ_WAIT |                              100 |                              100
---------------------------------------------------------------------------------------------------
INFO: [Synth 8-6904] The RAM "fi_coms:/reg_fifo_reg" of size (depth=32 x width=8) is automatically implemented using LUTRAM. BRAM implementation would be inefficient 
---------------------------------------------------------------------------------------------------
                   State |                     New Encoding |                Previous Encoding 
---------------------------------------------------------------------------------------------------
            OUT_OF_RESET |                               00 |                               00
      AWAIT_SCRAMBLE_KEY |                               01 |                               01
             INVAL_CACHE |                               10 |                               10
                    IDLE |                               11 |                               11
---------------------------------------------------------------------------------------------------
INFO: [Synth 8-3354] encoded FSM with state register 'inval_state_q_reg' using encoding 'sequential' in module 'ibex_icache'
---------------------------------------------------------------------------------------------------
                   State |                     New Encoding |                Previous Encoding 
---------------------------------------------------------------------------------------------------
        WRITE_STATE_IDLE |                               00 |                               00
       WRITE_STATE_BURST |                               01 |                               01
        WRITE_STATE_RESP |                               10 |                               10
---------------------------------------------------------------------------------------------------
INFO: [Synth 8-3354] encoded FSM with state register 'write_state_reg_reg' using encoding 'sequential' in module 'iob_axi_ram'
---------------------------------------------------------------------------------------------------
                   State |                     New Encoding |                Previous Encoding 
---------------------------------------------------------------------------------------------------
                  iSTATE |                               00 |                               00
*
              STATE_DATA |                               01 |                               01
              STATE_RESP |                               10 |                               10
---------------------------------------------------------------------------------------------------
INFO: [Synth 8-3354] encoded FSM with state register 'w_state_reg_reg' using encoding 'sequential' in module 'iob_axi2iob'
---------------------------------------------------------------------------------------------------
                   State |                     New Encoding |                Previous Encoding 
---------------------------------------------------------------------------------------------------
                  iSTATE |                                0 |                               00
*
              STATE_DATA |                                1 |                               01
---------------------------------------------------------------------------------------------------
INFO: [Synth 8-3354] encoded FSM with state register 'r_state_reg_reg' using encoding 'sequential' in module 'iob_axi2iob'
---------------------------------------------------------------------------------------------------
                   State |                     New Encoding |                Previous Encoding 
---------------------------------------------------------------------------------------------------
                  iSTATE |                               00 |                               00
*
              STATE_DATA |                               01 |                               01
              STATE_RESP |                               10 |                               10
---------------------------------------------------------------------------------------------------
INFO: [Synth 8-3354] encoded FSM with state register 'w_state_reg_reg' using encoding 'sequential' in module 'iob_axi2iob__parameterized0'
---------------------------------------------------------------------------------------------------
                   State |                     New Encoding |                Previous Encoding 
---------------------------------------------------------------------------------------------------
                  iSTATE |                                0 |                               00
*
              STATE_DATA |                                1 |                               01
---------------------------------------------------------------------------------------------------
INFO: [Synth 8-3354] encoded FSM with state register 'r_state_reg_reg' using encoding 'sequential' in module 'iob_axi2iob__parameterized0'
WARNING: [Synth 8-6841] Block RAM (not_MEM_NO_READ_ON_WRITE.mem_reg) originally specified as a Byte Wide Write Enable RAM cannot take advantage of ByteWide feature and is implemented with single write enable per RAM due to following reason.
(address width (16) is more than optimal threshold of 12. Implementing using BWWE will require more logic and timing would be suboptimal. Please use attribute ram_decomp = power if BWWE is desired.)
INFO: [Synth 8-5779] Default cascade height of 8 will be used for BRAM '"iob_ram_t2p_be:/not_MEM_NO_READ_ON_WRITE.mem_reg"'.
INFO: [Synth 8-5555] Implemented Block Ram Cascade chain of height 8 and width 8 for RAM "iob_ram_t2p_be:/not_MEM_NO_READ_ON_WRITE.mem_reg"
INFO: [Synth 8-5555] Implemented Block Ram Cascade chain of height 8 and width 8 for RAM "iob_ram_t2p_be:/not_MEM_NO_READ_ON_WRITE.mem_reg"
INFO: [Synth 8-5779] Default cascade height of 8 will be used for BRAM '"iob_ram_t2p_be:/not_MEM_NO_READ_ON_WRITE.mem_reg"'.
INFO: [Synth 8-5555] Implemented Block Ram Cascade chain of height 8 and width 8 for RAM "iob_ram_t2p_be:/not_MEM_NO_READ_ON_WRITE.mem_reg"
INFO: [Synth 8-5555] Implemented Block Ram Cascade chain of height 8 and width 8 for RAM "iob_ram_t2p_be:/not_MEM_NO_READ_ON_WRITE.mem_reg"
INFO: [Synth 8-5779] Default cascade height of 8 will be used for BRAM '"iob_ram_t2p_be:/not_MEM_NO_READ_ON_WRITE.mem_reg"'.
INFO: [Synth 8-5555] Implemented Block Ram Cascade chain of height 8 and width 8 for RAM "iob_ram_t2p_be:/not_MEM_NO_READ_ON_WRITE.mem_reg"
INFO: [Synth 8-5555] Implemented Block Ram Cascade chain of height 8 and width 8 for RAM "iob_ram_t2p_be:/not_MEM_NO_READ_ON_WRITE.mem_reg"
INFO: [Synth 8-5779] Default cascade height of 8 will be used for BRAM '"iob_ram_t2p_be:/not_MEM_NO_READ_ON_WRITE.mem_reg"'.
INFO: [Synth 8-5555] Implemented Block Ram Cascade chain of height 8 and width 8 for RAM "iob_ram_t2p_be:/not_MEM_NO_READ_ON_WRITE.mem_reg"
INFO: [Synth 8-5555] Implemented Block Ram Cascade chain of height 8 and width 8 for RAM "iob_ram_t2p_be:/not_MEM_NO_READ_ON_WRITE.mem_reg"
---------------------------------------------------------------------------------
Finished RTL Optimization Phase 2 : Time (s): cpu = 00:00:28 ; elapsed = 00:00:31 . Memory (MB): peak = 3035.602 ; gain = 560.141 ; free physical = 1293 ; free virtual = 4066
---------------------------------------------------------------------------------
INFO: [Synth 8-223] decloning instance 'iob_soc_memwrapper/iob_core_inst/cpu/u_top/u_ibex_core/g_lsu_mon.load_store_unit_mon/gen_lsu_reps[0].u_lsu' (ibex_load_store_unit) to 'iob_soc_memwrapper/iob_core_inst/cpu/u_top/u_ibex_core/g_lsu_mon.load_store_unit_mon/gen_lsu_reps[1].u_lsu'
INFO: [Synth 8-223] decloning instance 'iob_soc_memwrapper/iob_core_inst/cpu/u_top/u_ibex_core/g_lsu_mon.load_store_unit_mon/gen_lsu_reps[0].u_lsu' (ibex_load_store_unit) to 'iob_soc_memwrapper/iob_core_inst/cpu/u_top/u_ibex_core/g_lsu_mon.load_store_unit_mon/gen_lsu_reps[2].u_lsu'
INFO: [Synth 8-223] decloning instance 'iob_soc_memwrapper/iob_core_inst/cpu/u_top/u_ibex_core/g_lsu_mon.load_store_unit_mon/gen_lsu_reps[0].u_lsu' (ibex_load_store_unit) to 'iob_soc_memwrapper/iob_core_inst/cpu/u_top/u_ibex_core/g_lsu_mon.load_store_unit_mon/gen_lsu_reps[3].u_lsu'
INFO: [Synth 8-223] decloning instance 'iob_soc_memwrapper/iob_core_inst/cpu/u_top/u_ibex_core/g_lsu_mon.load_store_unit_mon/gen_lsu_reps[0].u_lsu' (ibex_load_store_unit) to 'iob_soc_memwrapper/iob_core_inst/cpu/u_top/u_ibex_core/g_lsu_mon.load_store_unit_mon/gen_lsu_reps[4].u_lsu'
INFO: [Synth 8-223] decloning instance 'iob_soc_memwrapper/iob_core_inst/cpu/u_top/u_ibex_core/id_stage_i/g_dec_mon.decoder_mon/gen_dec_reps[0].u_dec' (ibex_decoder) to 'iob_soc_memwrapper/iob_core_inst/cpu/u_top/u_ibex_core/id_stage_i/g_dec_mon.decoder_mon/gen_dec_reps[1].u_dec'
INFO: [Synth 8-223] decloning instance 'iob_soc_memwrapper/iob_core_inst/cpu/u_top/u_ibex_core/id_stage_i/g_dec_mon.decoder_mon/gen_dec_reps[0].u_dec' (ibex_decoder) to 'iob_soc_memwrapper/iob_core_inst/cpu/u_top/u_ibex_core/id_stage_i/g_dec_mon.decoder_mon/gen_dec_reps[2].u_dec'
INFO: [Synth 8-223] decloning instance 'iob_soc_memwrapper/iob_core_inst/cpu/u_top/u_ibex_core/id_stage_i/g_dec_mon.decoder_mon/gen_dec_reps[0].u_dec' (ibex_decoder) to 'iob_soc_memwrapper/iob_core_inst/cpu/u_top/u_ibex_core/id_stage_i/g_dec_mon.decoder_mon/gen_dec_reps[3].u_dec'
INFO: [Synth 8-223] decloning instance 'iob_soc_memwrapper/iob_core_inst/cpu/u_top/u_ibex_core/id_stage_i/g_dec_mon.decoder_mon/gen_dec_reps[0].u_dec' (ibex_decoder) to 'iob_soc_memwrapper/iob_core_inst/cpu/u_top/u_ibex_core/id_stage_i/g_dec_mon.decoder_mon/gen_dec_reps[4].u_dec'
INFO: [Synth 8-223] decloning instance 'iob_soc_memwrapper/iob_core_inst/cpu/u_top/u_ibex_core/id_stage_i/g_ctrl_mon.controller_mon/gen_ctrl_reps[0].u_ctrl' (ibex_controller) to 'iob_soc_memwrapper/iob_core_inst/cpu/u_top/u_ibex_core/id_stage_i/g_ctrl_mon.controller_mon/gen_ctrl_reps[1].u_ctrl'
INFO: [Synth 8-223] decloning instance 'iob_soc_memwrapper/iob_core_inst/cpu/u_top/u_ibex_core/id_stage_i/g_ctrl_mon.controller_mon/gen_ctrl_reps[0].u_ctrl' (ibex_controller) to 'iob_soc_memwrapper/iob_core_inst/cpu/u_top/u_ibex_core/id_stage_i/g_ctrl_mon.controller_mon/gen_ctrl_reps[2].u_ctrl'
INFO: [Synth 8-223] decloning instance 'iob_soc_memwrapper/iob_core_inst/cpu/u_top/u_ibex_core/id_stage_i/g_ctrl_mon.controller_mon/gen_ctrl_reps[0].u_ctrl' (ibex_controller) to 'iob_soc_memwrapper/iob_core_inst/cpu/u_top/u_ibex_core/id_stage_i/g_ctrl_mon.controller_mon/gen_ctrl_reps[3].u_ctrl'
INFO: [Synth 8-223] decloning instance 'iob_soc_memwrapper/iob_core_inst/cpu/u_top/u_ibex_core/id_stage_i/g_ctrl_mon.controller_mon/gen_ctrl_reps[0].u_ctrl' (ibex_controller) to 'iob_soc_memwrapper/iob_core_inst/cpu/u_top/u_ibex_core/id_stage_i/g_ctrl_mon.controller_mon/gen_ctrl_reps[4].u_ctrl'
INFO: [Synth 8-223] decloning instance 'iob_soc_memwrapper/iob_core_inst/cpu/u_top/u_ibex_core/ex_block_i/g_alu_mon.alu_mon/gen_alu_reps[0].u_alu' (ibex_alu) to 'iob_soc_memwrapper/iob_core_inst/cpu/u_top/u_ibex_core/ex_block_i/g_alu_mon.alu_mon/gen_alu_reps[1].u_alu'
INFO: [Synth 8-223] decloning instance 'iob_soc_memwrapper/iob_core_inst/cpu/u_top/u_ibex_core/ex_block_i/g_alu_mon.alu_mon/gen_alu_reps[0].u_alu' (ibex_alu) to 'iob_soc_memwrapper/iob_core_inst/cpu/u_top/u_ibex_core/ex_block_i/g_alu_mon.alu_mon/gen_alu_reps[2].u_alu'
INFO: [Synth 8-223] decloning instance 'iob_soc_memwrapper/iob_core_inst/cpu/u_top/u_ibex_core/ex_block_i/g_alu_mon.alu_mon/gen_alu_reps[0].u_alu' (ibex_alu) to 'iob_soc_memwrapper/iob_core_inst/cpu/u_top/u_ibex_core/ex_block_i/g_alu_mon.alu_mon/gen_alu_reps[3].u_alu'
INFO: [Synth 8-223] decloning instance 'iob_soc_memwrapper/iob_core_inst/cpu/u_top/u_ibex_core/ex_block_i/g_alu_mon.alu_mon/gen_alu_reps[0].u_alu' (ibex_alu) to 'iob_soc_memwrapper/iob_core_inst/cpu/u_top/u_ibex_core/ex_block_i/g_alu_mon.alu_mon/gen_alu_reps[4].u_alu'
---------------------------------------------------------------------------------
Start RTL Component Statistics 
---------------------------------------------------------------------------------
Detailed RTL Component Info : 
+---Adders : 
	   2 Input   64 Bit       Adders := 3     
	   2 Input   34 Bit       Adders := 1     
	   2 Input   32 Bit       Adders := 15    
	   2 Input   28 Bit       Adders := 2     
	   2 Input   26 Bit       Adders := 1     
	   2 Input   18 Bit       Adders := 1     
	   2 Input   16 Bit       Adders := 7     
	   3 Input   16 Bit       Adders := 1     
	   2 Input   13 Bit       Adders := 2     
	   2 Input   12 Bit       Adders := 1     
	   2 Input    8 Bit       Adders := 7     
	   2 Input    6 Bit       Adders := 3     
	   6 Input    6 Bit       Adders := 1     
	   5 Input    5 Bit       Adders := 1     
	   2 Input    5 Bit       Adders := 5     
	   2 Input    4 Bit       Adders := 9     
	   4 Input    4 Bit       Adders := 2     
	   5 Input    4 Bit       Adders := 1     
	   2 Input    3 Bit       Adders := 5     
	   3 Input    3 Bit       Adders := 4     
	   4 Input    3 Bit       Adders := 3     
	   5 Input    3 Bit       Adders := 20    
	   2 Input    2 Bit       Adders := 29    
	   3 Input    2 Bit       Adders := 7     
	   4 Input    2 Bit       Adders := 1     
	   2 Input    1 Bit       Adders := 16    
+---XORs : 
	   2 Input     39 Bit         XORs := 7     
	   2 Input     34 Bit         XORs := 2     
	   2 Input     33 Bit         XORs := 1     
	  32 Input     32 Bit         XORs := 1     
	   2 Input     32 Bit         XORs := 22    
	   2 Input     28 Bit         XORs := 3     
	   2 Input     24 Bit         XORs := 1     
	   2 Input     18 Bit         XORs := 1     
	   2 Input     16 Bit         XORs := 5     
	   2 Input     13 Bit         XORs := 1     
	   2 Input      8 Bit         XORs := 2     
	   2 Input      7 Bit         XORs := 2     
	   2 Input      6 Bit         XORs := 2     
	   2 Input      4 Bit         XORs := 3     
	   2 Input      3 Bit         XORs := 3     
	   2 Input      2 Bit         XORs := 4     
	   2 Input      1 Bit         XORs := 211   
+---XORs : 
	               39 Bit    Wide XORs := 49    
	               28 Bit    Wide XORs := 18    
	                7 Bit    Wide XORs := 4     
	                6 Bit    Wide XORs := 2     
+---Registers : 
	              152 Bit    Registers := 1     
	              151 Bit    Registers := 1     
	               78 Bit    Registers := 2     
	               64 Bit    Registers := 4     
	               39 Bit    Registers := 32    
	               34 Bit    Registers := 2     
	               32 Bit    Registers := 54    
	               31 Bit    Registers := 1     
	               28 Bit    Registers := 7     
	               26 Bit    Registers := 1     
	               24 Bit    Registers := 1     
	               21 Bit    Registers := 1     
	               18 Bit    Registers := 2     
	               16 Bit    Registers := 12    
	               13 Bit    Registers := 7     
	               12 Bit    Registers := 1     
	               10 Bit    Registers := 1     
	                8 Bit    Registers := 18    
	                7 Bit    Registers := 2     
	                6 Bit    Registers := 5     
	                5 Bit    Registers := 3     
	                4 Bit    Registers := 25    
	                3 Bit    Registers := 16    
	                2 Bit    Registers := 39    
	                1 Bit    Registers := 257   
+---RAMs : 
	            2048K Bit	(65536 X 32 bit)          RAMs := 1     
	              19K Bit	(256 X 78 bit)          RAMs := 2     
	               7K Bit	(256 X 28 bit)          RAMs := 2     
	              256 Bit	(32 X 8 bit)          RAMs := 1     
+---ROMs : 
	                    ROMs := 1     
+---Muxes : 
	   2 Input  260 Bit        Muxes := 1     
	   2 Input  166 Bit        Muxes := 1     
	   2 Input  148 Bit        Muxes := 1     
	   2 Input   78 Bit        Muxes := 1     
	   2 Input   72 Bit        Muxes := 1     
	   2 Input   64 Bit        Muxes := 21    
	   3 Input   64 Bit        Muxes := 2     
	   2 Input   39 Bit        Muxes := 2     
	   4 Input   34 Bit        Muxes := 2     
	   2 Input   34 Bit        Muxes := 15    
	   3 Input   33 Bit        Muxes := 1     
	   8 Input   33 Bit        Muxes := 1     
	   4 Input   33 Bit        Muxes := 1     
	   2 Input   33 Bit        Muxes := 1     
	   2 Input   32 Bit        Muxes := 209   
	   3 Input   32 Bit        Muxes := 14    
	   5 Input   32 Bit        Muxes := 2     
	   6 Input   32 Bit        Muxes := 1     
	   7 Input   32 Bit        Muxes := 1     
	   4 Input   32 Bit        Muxes := 15    
	  17 Input   32 Bit        Muxes := 1     
	   8 Input   32 Bit        Muxes := 2     
	  11 Input   32 Bit        Muxes := 1     
	  27 Input   32 Bit        Muxes := 1     
	   2 Input   30 Bit        Muxes := 16    
	   2 Input   29 Bit        Muxes := 1     
	   3 Input   29 Bit        Muxes := 6     
	   2 Input   28 Bit        Muxes := 9     
	   3 Input   28 Bit        Muxes := 2     
	   2 Input   26 Bit        Muxes := 1     
	   2 Input   24 Bit        Muxes := 3     
	   2 Input   18 Bit        Muxes := 3     
	   3 Input   18 Bit        Muxes := 1     
	   4 Input   16 Bit        Muxes := 5     
	   2 Input   16 Bit        Muxes := 34    
	   6 Input   16 Bit        Muxes := 1     
	   2 Input   13 Bit        Muxes := 11    
	  16 Input   13 Bit        Muxes := 2     
	   3 Input   13 Bit        Muxes := 2     
	   2 Input   12 Bit        Muxes := 2     
	  16 Input   12 Bit        Muxes := 1     
	  32 Input   10 Bit        Muxes := 1     
	   2 Input   10 Bit        Muxes := 2     
	   4 Input   10 Bit        Muxes := 1     
	   4 Input    8 Bit        Muxes := 3     
	   2 Input    8 Bit        Muxes := 28    
	   6 Input    8 Bit        Muxes := 1     
	   3 Input    8 Bit        Muxes := 9     
	  12 Input    7 Bit        Muxes := 1     
	   8 Input    7 Bit        Muxes := 2     
	   2 Input    7 Bit        Muxes := 8     
	   6 Input    7 Bit        Muxes := 1     
	   3 Input    6 Bit        Muxes := 2     
	   7 Input    6 Bit        Muxes := 1     
	  11 Input    6 Bit        Muxes := 1     
	   2 Input    6 Bit        Muxes := 10    
	  53 Input    6 Bit        Muxes := 1     
	   6 Input    6 Bit        Muxes := 1     
	  17 Input    5 Bit        Muxes := 1     
	   2 Input    5 Bit        Muxes := 10    
	   8 Input    5 Bit        Muxes := 1     
	  11 Input    5 Bit        Muxes := 1     
	   5 Input    5 Bit        Muxes := 1     
	  64 Input    5 Bit        Muxes := 1     
	   4 Input    5 Bit        Muxes := 1     
	   2 Input    4 Bit        Muxes := 105   
	  16 Input    4 Bit        Muxes := 2     
	   6 Input    4 Bit        Muxes := 2     
	   7 Input    4 Bit        Muxes := 1     
	   4 Input    4 Bit        Muxes := 6     
	  10 Input    4 Bit        Muxes := 1     
	   3 Input    4 Bit        Muxes := 21    
	   6 Input    3 Bit        Muxes := 5     
	   2 Input    3 Bit        Muxes := 73    
	   4 Input    3 Bit        Muxes := 12    
	   7 Input    3 Bit        Muxes := 1     
	   9 Input    3 Bit        Muxes := 1     
	  12 Input    3 Bit        Muxes := 3     
	  14 Input    3 Bit        Muxes := 1     
	   5 Input    3 Bit        Muxes := 1     
	  16 Input    3 Bit        Muxes := 1     
	   3 Input    3 Bit        Muxes := 13    
	   6 Input    2 Bit        Muxes := 4     
	   5 Input    2 Bit        Muxes := 3     
	   8 Input    2 Bit        Muxes := 1     
	   2 Input    2 Bit        Muxes := 108   
	  12 Input    2 Bit        Muxes := 6     
	  14 Input    2 Bit        Muxes := 2     
	   4 Input    2 Bit        Muxes := 11    
	  11 Input    2 Bit        Muxes := 1     
	   3 Input    2 Bit        Muxes := 11    
	   2 Input    1 Bit        Muxes := 627   
	   3 Input    1 Bit        Muxes := 68    
	   8 Input    1 Bit        Muxes := 9     
	   5 Input    1 Bit        Muxes := 14    
	   4 Input    1 Bit        Muxes := 55    
	   9 Input    1 Bit        Muxes := 1     
	   6 Input    1 Bit        Muxes := 27    
	   7 Input    1 Bit        Muxes := 9     
	  14 Input    1 Bit        Muxes := 1     
	  12 Input    1 Bit        Muxes := 23    
	  19 Input    1 Bit        Muxes := 1     
	  17 Input    1 Bit        Muxes := 1     
	  53 Input    1 Bit        Muxes := 3     
	  11 Input    1 Bit        Muxes := 19    
	  65 Input    1 Bit        Muxes := 1     
	  16 Input    1 Bit        Muxes := 9     
---------------------------------------------------------------------------------
Finished RTL Component Statistics 
---------------------------------------------------------------------------------
---------------------------------------------------------------------------------
Start Part Resource Summary
---------------------------------------------------------------------------------
Part Resources:
DSPs: 1920 (col length:120)
BRAMs: 1200 (col length: RAMB18 120 RAMB36 60)
---------------------------------------------------------------------------------
Finished Part Resource Summary
---------------------------------------------------------------------------------
---------------------------------------------------------------------------------
Start Cross Boundary and Area Optimization
---------------------------------------------------------------------------------
DSP Report: Generating DSP mac_res_signed, operation Mode is: C+A*B.
DSP Report: operator mac_res_signed is absorbed into DSP mac_res_signed.
DSP Report: operator mac_res_signed0 is absorbed into DSP mac_res_signed.
INFO: [Synth 8-6904] The RAM "iob_soc_iob_aes_ku040_db_g/u_fi_coms/reg_fifo_reg" of size (depth=32 x width=8) is automatically implemented using LUTRAM. BRAM implementation would be inefficient 
INFO: [Synth 8-6904] The RAM "iob_soc_iob_aes_ku040_db_g/u_fi_coms/reg_fifo_reg" of size (depth=32 x width=8) is automatically implemented using LUTRAM. BRAM implementation would be inefficient 
WARNING: [Synth 8-6841] Block RAM (ext_mem_mem/not_MEM_NO_READ_ON_WRITE.mem_reg) originally specified as a Byte Wide Write Enable RAM cannot take advantage of ByteWide feature and is implemented with single write enable per RAM due to following reason.
(address width (16) is more than optimal threshold of 12. Implementing using BWWE will require more logic and timing would be suboptimal. Please use attribute ram_decomp = power if BWWE is desired.)
INFO: [Synth 8-5779] Default cascade height of 8 will be used for BRAM '"iob_soc_iob_aes_ku040_db_g/ext_mem_mem/not_MEM_NO_READ_ON_WRITE.mem_reg"'.
INFO: [Synth 8-5555] Implemented Block Ram Cascade chain of height 8 and width 8 for RAM "iob_soc_iob_aes_ku040_db_g/ext_mem_mem/not_MEM_NO_READ_ON_WRITE.mem_reg"
INFO: [Synth 8-5555] Implemented Block Ram Cascade chain of height 8 and width 8 for RAM "iob_soc_iob_aes_ku040_db_g/ext_mem_mem/not_MEM_NO_READ_ON_WRITE.mem_reg"
INFO: [Synth 8-5779] Default cascade height of 8 will be used for BRAM '"iob_soc_iob_aes_ku040_db_g/ext_mem_mem/not_MEM_NO_READ_ON_WRITE.mem_reg"'.
INFO: [Synth 8-5555] Implemented Block Ram Cascade chain of height 8 and width 8 for RAM "iob_soc_iob_aes_ku040_db_g/ext_mem_mem/not_MEM_NO_READ_ON_WRITE.mem_reg"
INFO: [Synth 8-5555] Implemented Block Ram Cascade chain of height 8 and width 8 for RAM "iob_soc_iob_aes_ku040_db_g/ext_mem_mem/not_MEM_NO_READ_ON_WRITE.mem_reg"
INFO: [Synth 8-5779] Default cascade height of 8 will be used for BRAM '"iob_soc_iob_aes_ku040_db_g/ext_mem_mem/not_MEM_NO_READ_ON_WRITE.mem_reg"'.
INFO: [Synth 8-5555] Implemented Block Ram Cascade chain of height 8 and width 8 for RAM "iob_soc_iob_aes_ku040_db_g/ext_mem_mem/not_MEM_NO_READ_ON_WRITE.mem_reg"
INFO: [Synth 8-5555] Implemented Block Ram Cascade chain of height 8 and width 8 for RAM "iob_soc_iob_aes_ku040_db_g/ext_mem_mem/not_MEM_NO_READ_ON_WRITE.mem_reg"
INFO: [Synth 8-5779] Default cascade height of 8 will be used for BRAM '"iob_soc_iob_aes_ku040_db_g/ext_mem_mem/not_MEM_NO_READ_ON_WRITE.mem_reg"'.
INFO: [Synth 8-5555] Implemented Block Ram Cascade chain of height 8 and width 8 for RAM "iob_soc_iob_aes_ku040_db_g/ext_mem_mem/not_MEM_NO_READ_ON_WRITE.mem_reg"
INFO: [Synth 8-5555] Implemented Block Ram Cascade chain of height 8 and width 8 for RAM "iob_soc_iob_aes_ku040_db_g/ext_mem_mem/not_MEM_NO_READ_ON_WRITE.mem_reg"
---------------------------------------------------------------------------------
Finished Cross Boundary and Area Optimization : Time (s): cpu = 00:02:12 ; elapsed = 00:02:18 . Memory (MB): peak = 3175.922 ; gain = 700.461 ; free physical = 1150 ; free virtual = 3956
---------------------------------------------------------------------------------
---------------------------------------------------------------------------------
Start ROM, RAM, DSP, Shift Register and Retiming Reporting
---------------------------------------------------------------------------------

ROM: Preliminary Mapping	Report
+---------------------------+--------------------------------------+---------------+----------------+
|Module Name                | RTL Object                           | Depth x Width | Implemented As | 
+---------------------------+--------------------------------------+---------------+----------------+
|fatori_mon_wrap_decoder    | gen_dec_reps[0].u_dec/alu_operator_o | 512x6         | LUT            | 
|iob_soc_iob_aes_ku040_db_g | bootrom_mem_mem/r_data_o_reg         | 1024x32       | Block RAM      | 
|iob_soc_iob_aes_ku040_db_g | bootrom_mem_mem/r_data_o_reg         | 1024x32       | Block RAM      | 
+---------------------------+--------------------------------------+---------------+----------------+


Block RAM: Preliminary Mapping	Report (see note below)
+---------------------------+---------------------------------------------------------------------------------------------+------------------------+---+---+------------------------+---+---+------------------+--------+--------+-----------------+
|Module Name                | RTL Object                                                                                  | PORT A (Depth x Width) | W | R | PORT B (Depth x Width) | W | R | Ports driving FF | RAMB18 | RAMB36 | Cascade Heights | 
+---------------------------+---------------------------------------------------------------------------------------------+------------------------+---+---+------------------------+---+---+------------------+--------+--------+-----------------+
|iob_soc_iob_aes_ku040_db_g | gen_rams.gen_rams_inner[0].gen_noscramble_rams.tag_bank/gen_generic.u_impl_generic/mem_reg  | 256 x 28(READ_FIRST)   | W |   | 256 x 28(WRITE_FIRST)  |   | R | Port A and B     | 1      | 0      |                 | 
|iob_soc_iob_aes_ku040_db_g | gen_rams.gen_rams_inner[0].gen_noscramble_rams.data_bank/gen_generic.u_impl_generic/mem_reg | 256 x 78(READ_FIRST)   | W |   | 256 x 78(WRITE_FIRST)  |   | R | Port A and B     | 1      | 1      |                 | 
|iob_soc_iob_aes_ku040_db_g | gen_rams.gen_rams_inner[1].gen_noscramble_rams.tag_bank/gen_generic.u_impl_generic/mem_reg  | 256 x 28(READ_FIRST)   | W |   | 256 x 28(WRITE_FIRST)  |   | R | Port A and B     | 1      | 0      |                 | 
|iob_soc_iob_aes_ku040_db_g | gen_rams.gen_rams_inner[1].gen_noscramble_rams.data_bank/gen_generic.u_impl_generic/mem_reg | 256 x 78(READ_FIRST)   | W |   | 256 x 78(WRITE_FIRST)  |   | R | Port A and B     | 1      | 1      |                 | 
|iob_soc_iob_aes_ku040_db_g | ext_mem_mem/not_MEM_NO_READ_ON_WRITE.mem_reg                                                | 64 K x 32(READ_FIRST)  | W |   | 64 K x 32(WRITE_FIRST) |   | R | Port A and B     | 0      | 64     | 8,8,8,8,8,8,8,8 | 
+---------------------------+---------------------------------------------------------------------------------------------+------------------------+---+---+------------------------+---+---+------------------+--------+--------+-----------------+

Note: The table above is a preliminary report that shows the Block RAMs at the current stage of the synthesis flow. Some Block RAMs may be reimplemented as non Block RAM primitives later in the synthesis flow. Multiple instantiated Block RAMs are reported only once. 

Distributed RAM: Preliminary Mapping	Report (see note below)
+---------------------------+------------------------+-----------+----------------------+---------------+
|Module Name                | RTL Object             | Inference | Size (Depth x Width) | Primitives    | 
+---------------------------+------------------------+-----------+----------------------+---------------+
|iob_soc_iob_aes_ku040_db_g | u_fi_coms/reg_fifo_reg | Implied   | 32 x 8               | RAM32M16 x 1	 | 
+---------------------------+------------------------+-----------+----------------------+---------------+

Note: The table above is a preliminary report that shows the Distributed RAMs at the current stage of the synthesis flow. Some Distributed RAMs may be reimplemented as non Distributed RAM primitives later in the synthesis flow. Multiple instantiated RAMs are reported only once.

DSP: Preliminary Mapping	Report (see note below)
+------------------+-------------+--------+--------+--------+--------+--------+------+------+------+------+-------+------+------+
|Module Name       | DSP Mapping | A Size | B Size | C Size | D Size | P Size | AREG | BREG | CREG | DREG | ADREG | MREG | PREG | 
+------------------+-------------+--------+--------+--------+--------+--------+------+------+------+------+-------+------+------+
|ibex_multdiv_fast | C+A*B       | 17     | 17     | 34     | -      | 34     | 0    | 0    | 0    | -    | -     | 0    | 0    | 
+------------------+-------------+--------+--------+--------+--------+--------+------+------+------+------+-------+------+------+

Note: The table above is a preliminary report that shows the DSPs inferred at the current stage of the synthesis flow. Some DSP may be reimplemented as non DSP primitives later in the synthesis flow. Multiple instantiated DSPs are reported only once.
---------------------------------------------------------------------------------
Finished ROM, RAM, DSP, Shift Register and Retiming Reporting
---------------------------------------------------------------------------------
---------------------------------------------------------------------------------
Start Applying XDC Timing Constraints
---------------------------------------------------------------------------------
---------------------------------------------------------------------------------
Finished Applying XDC Timing Constraints : Time (s): cpu = 00:02:21 ; elapsed = 00:02:36 . Memory (MB): peak = 3199.672 ; gain = 724.211 ; free physical = 961 ; free virtual = 3778
---------------------------------------------------------------------------------
---------------------------------------------------------------------------------
Start Timing Optimization
---------------------------------------------------------------------------------
INFO: [Synth 8-5556] The block RAM "iob_soc_iob_aes_ku040_db_g/ext_mem_mem/not_MEM_NO_READ_ON_WRITE.mem_reg" may be mapped as a cascade chain, because it is not timing critical.
WARNING: [Synth 8-6841] Block RAM (ext_mem_mem/not_MEM_NO_READ_ON_WRITE.mem_reg) originally specified as a Byte Wide Write Enable RAM cannot take advantage of ByteWide feature and is implemented with single write enable per RAM due to following reason.
(address width (16) is more than optimal threshold of 12. Implementing using BWWE will require more logic and timing would be suboptimal. Please use attribute ram_decomp = power if BWWE is desired.)
INFO: [Synth 8-5555] Implemented Block Ram Cascade chain of height 8 and width 8 for RAM "iob_soc_iob_aes_ku040_db_g/ext_mem_mem/not_MEM_NO_READ_ON_WRITE.mem_reg"
INFO: [Synth 8-5555] Implemented Block Ram Cascade chain of height 8 and width 8 for RAM "iob_soc_iob_aes_ku040_db_g/ext_mem_mem/not_MEM_NO_READ_ON_WRITE.mem_reg"
INFO: [Synth 8-5555] Implemented Block Ram Cascade chain of height 8 and width 8 for RAM "iob_soc_iob_aes_ku040_db_g/ext_mem_mem/not_MEM_NO_READ_ON_WRITE.mem_reg"
INFO: [Synth 8-5555] Implemented Block Ram Cascade chain of height 8 and width 8 for RAM "iob_soc_iob_aes_ku040_db_g/ext_mem_mem/not_MEM_NO_READ_ON_WRITE.mem_reg"
INFO: [Synth 8-5555] Implemented Block Ram Cascade chain of height 8 and width 8 for RAM "iob_soc_iob_aes_ku040_db_g/ext_mem_mem/not_MEM_NO_READ_ON_WRITE.mem_reg"
INFO: [Synth 8-5555] Implemented Block Ram Cascade chain of height 8 and width 8 for RAM "iob_soc_iob_aes_ku040_db_g/ext_mem_mem/not_MEM_NO_READ_ON_WRITE.mem_reg"
INFO: [Synth 8-5555] Implemented Block Ram Cascade chain of height 8 and width 8 for RAM "iob_soc_iob_aes_ku040_db_g/ext_mem_mem/not_MEM_NO_READ_ON_WRITE.mem_reg"
INFO: [Synth 8-5555] Implemented Block Ram Cascade chain of height 8 and width 8 for RAM "iob_soc_iob_aes_ku040_db_g/ext_mem_mem/not_MEM_NO_READ_ON_WRITE.mem_reg"
---------------------------------------------------------------------------------
Finished Timing Optimization : Time (s): cpu = 00:04:02 ; elapsed = 00:04:19 . Memory (MB): peak = 3493.633 ; gain = 1018.172 ; free physical = 642 ; free virtual = 3465
---------------------------------------------------------------------------------
---------------------------------------------------------------------------------
Start ROM, RAM, DSP, Shift Register and Retiming Reporting
---------------------------------------------------------------------------------

Block RAM: Final Mapping	Report
+---------------------------+---------------------------------------------------------------------------------------------+------------------------+---+---+------------------------+---+---+------------------+--------+--------+-----------------+
|Module Name                | RTL Object                                                                                  | PORT A (Depth x Width) | W | R | PORT B (Depth x Width) | W | R | Ports driving FF | RAMB18 | RAMB36 | Cascade Heights | 
+---------------------------+---------------------------------------------------------------------------------------------+------------------------+---+---+------------------------+---+---+------------------+--------+--------+-----------------+
|iob_soc_iob_aes_ku040_db_g | gen_rams.gen_rams_inner[0].gen_noscramble_rams.tag_bank/gen_generic.u_impl_generic/mem_reg  | 256 x 28(READ_FIRST)   | W |   | 256 x 28(WRITE_FIRST)  |   | R | Port A and B     | 1      | 0      |                 | 
|iob_soc_iob_aes_ku040_db_g | gen_rams.gen_rams_inner[0].gen_noscramble_rams.data_bank/gen_generic.u_impl_generic/mem_reg | 256 x 78(READ_FIRST)   | W |   | 256 x 78(WRITE_FIRST)  |   | R | Port A and B     | 1      | 1      |                 | 
|iob_soc_iob_aes_ku040_db_g | gen_rams.gen_rams_inner[1].gen_noscramble_rams.tag_bank/gen_generic.u_impl_generic/mem_reg  | 256 x 28(READ_FIRST)   | W |   | 256 x 28(WRITE_FIRST)  |   | R | Port A and B     | 1      | 0      |                 | 
|iob_soc_iob_aes_ku040_db_g | gen_rams.gen_rams_inner[1].gen_noscramble_rams.data_bank/gen_generic.u_impl_generic/mem_reg | 256 x 78(READ_FIRST)   | W |   | 256 x 78(WRITE_FIRST)  |   | R | Port A and B     | 1      | 1      |                 | 
|iob_soc_iob_aes_ku040_db_g | ext_mem_mem/not_MEM_NO_READ_ON_WRITE.mem_reg                                                | 64 K x 32(READ_FIRST)  | W |   | 64 K x 32(WRITE_FIRST) |   | R | Port A and B     | 0      | 64     | 8,8,8,8,8,8,8,8 | 
+---------------------------+---------------------------------------------------------------------------------------------+------------------------+---+---+------------------------+---+---+------------------+--------+--------+-----------------+


Distributed RAM: Final Mapping	Report
+---------------------------+------------------------+-----------+----------------------+---------------+
|Module Name                | RTL Object             | Inference | Size (Depth x Width) | Primitives    | 
+---------------------------+------------------------+-----------+----------------------+---------------+
|iob_soc_iob_aes_ku040_db_g | u_fi_coms/reg_fifo_reg | Implied   | 32 x 8               | RAM32M16 x 1	 | 
+---------------------------+------------------------+-----------+----------------------+---------------+

---------------------------------------------------------------------------------
Finished ROM, RAM, DSP, Shift Register and Retiming Reporting
---------------------------------------------------------------------------------
---------------------------------------------------------------------------------
Start Technology Mapping
---------------------------------------------------------------------------------
INFO: [Synth 8-7052] The timing for the instance iob_soc_memwrapper/iob_core_inst/cpu/u_top/gen_rams.gen_rams_inner[0].gen_noscramble_rams.tag_bank/gen_generic.u_impl_generic/mem_reg (implemented as a Block RAM) might be sub-optimal as no optional output register could be merged into the ram block. Providing additional output register may help in improving timing.
INFO: [Synth 8-7052] The timing for the instance iob_soc_memwrapper/iob_core_inst/cpu/u_top/gen_rams.gen_rams_inner[0].gen_noscramble_rams.data_bank/gen_generic.u_impl_generic/mem_reg_0 (implemented as a Block RAM) might be sub-optimal as no optional output register could be merged into the ram block. Providing additional output register may help in improving timing.
INFO: [Synth 8-7052] The timing for the instance iob_soc_memwrapper/iob_core_inst/cpu/u_top/gen_rams.gen_rams_inner[0].gen_noscramble_rams.data_bank/gen_generic.u_impl_generic/mem_reg_1 (implemented as a Block RAM) might be sub-optimal as no optional output register could be merged into the ram block. Providing additional output register may help in improving timing.
INFO: [Synth 8-7052] The timing for the instance iob_soc_memwrapper/iob_core_inst/cpu/u_top/gen_rams.gen_rams_inner[1].gen_noscramble_rams.tag_bank/gen_generic.u_impl_generic/mem_reg (implemented as a Block RAM) might be sub-optimal as no optional output register could be merged into the ram block. Providing additional output register may help in improving timing.
INFO: [Synth 8-7052] The timing for the instance iob_soc_memwrapper/iob_core_inst/cpu/u_top/gen_rams.gen_rams_inner[1].gen_noscramble_rams.data_bank/gen_generic.u_impl_generic/mem_reg_0 (implemented as a Block RAM) might be sub-optimal as no optional output register could be merged into the ram block. Providing additional output register may help in improving timing.
INFO: [Synth 8-7052] The timing for the instance iob_soc_memwrapper/iob_core_inst/cpu/u_top/gen_rams.gen_rams_inner[1].gen_noscramble_rams.data_bank/gen_generic.u_impl_generic/mem_reg_1 (implemented as a Block RAM) might be sub-optimal as no optional output register could be merged into the ram block. Providing additional output register may help in improving timing.
INFO: [Synth 8-7052] The timing for the instance iob_soc_memwrapper/ext_mem_mem/not_MEM_NO_READ_ON_WRITE.mem_reg_0_bram_8 (implemented as a Block RAM) might be sub-optimal as no optional output register could be merged into the ram block. Providing additional output register may help in improving timing.
INFO: [Synth 8-7052] The timing for the instance iob_soc_memwrapper/ext_mem_mem/not_MEM_NO_READ_ON_WRITE.mem_reg_0_bram_16 (implemented as a Block RAM) might be sub-optimal as no optional output register could be merged into the ram block. Providing additional output register may help in improving timing.
INFO: [Synth 8-7052] The timing for the instance iob_soc_memwrapper/ext_mem_mem/not_MEM_NO_READ_ON_WRITE.mem_reg_1_bram_8 (implemented as a Block RAM) might be sub-optimal as no optional output register could be merged into the ram block. Providing additional output register may help in improving timing.
INFO: [Synth 8-7052] The timing for the instance iob_soc_memwrapper/ext_mem_mem/not_MEM_NO_READ_ON_WRITE.mem_reg_1_bram_16 (implemented as a Block RAM) might be sub-optimal as no optional output register could be merged into the ram block. Providing additional output register may help in improving timing.
INFO: [Synth 8-7052] The timing for the instance iob_soc_memwrapper/ext_mem_mem/not_MEM_NO_READ_ON_WRITE.mem_reg_2_bram_8 (implemented as a Block RAM) might be sub-optimal as no optional output register could be merged into the ram block. Providing additional output register may help in improving timing.
INFO: [Synth 8-7052] The timing for the instance iob_soc_memwrapper/ext_mem_mem/not_MEM_NO_READ_ON_WRITE.mem_reg_2_bram_16 (implemented as a Block RAM) might be sub-optimal as no optional output register could be merged into the ram block. Providing additional output register may help in improving timing.
INFO: [Synth 8-7052] The timing for the instance iob_soc_memwrapper/ext_mem_mem/not_MEM_NO_READ_ON_WRITE.mem_reg_3_bram_8 (implemented as a Block RAM) might be sub-optimal as no optional output register could be merged into the ram block. Providing additional output register may help in improving timing.
INFO: [Synth 8-7052] The timing for the instance iob_soc_memwrapper/ext_mem_mem/not_MEM_NO_READ_ON_WRITE.mem_reg_3_bram_16 (implemented as a Block RAM) might be sub-optimal as no optional output register could be merged into the ram block. Providing additional output register may help in improving timing.
INFO: [Synth 8-7052] The timing for the instance iob_soc_memwrapper/bootrom_mem_mem/r_data_o_reg (implemented as a Block RAM) might be sub-optimal as no optional output register could be merged into the ram block. Providing additional output register may help in improving timing.
---------------------------------------------------------------------------------
Finished Technology Mapping : Time (s): cpu = 00:04:12 ; elapsed = 00:04:29 . Memory (MB): peak = 3493.633 ; gain = 1018.172 ; free physical = 827 ; free virtual = 3648
---------------------------------------------------------------------------------
---------------------------------------------------------------------------------
Start IO Insertion
---------------------------------------------------------------------------------
---------------------------------------------------------------------------------
Start Flattening Before IO Insertion
---------------------------------------------------------------------------------
---------------------------------------------------------------------------------
Finished Flattening Before IO Insertion
---------------------------------------------------------------------------------
---------------------------------------------------------------------------------
Start Final Netlist Cleanup
---------------------------------------------------------------------------------
---------------------------------------------------------------------------------
Finished Final Netlist Cleanup
---------------------------------------------------------------------------------
CRITICAL WARNING: [Synth 8-4442] BlackBox module \iob_soc_memwrapper/iob_core_inst/cpu/u_sem_example/example_vio_si14  has unconnected pin probe_in1[0]
CRITICAL WARNING: [Synth 8-4442] BlackBox module \iob_soc_memwrapper/iob_core_inst/cpu/u_sem_example/example_vio_si14  has unconnected pin probe_in2[0]
CRITICAL WARNING: [Synth 8-4442] BlackBox module \iob_soc_memwrapper/iob_core_inst/cpu/u_sem_example/example_vio_si14  has unconnected pin probe_in3[0]
CRITICAL WARNING: [Synth 8-4442] BlackBox module \iob_soc_memwrapper/iob_core_inst/cpu/u_sem_example/example_vio_si14  has unconnected pin probe_in4[0]
CRITICAL WARNING: [Synth 8-4442] BlackBox module \iob_soc_memwrapper/iob_core_inst/cpu/u_sem_example/example_vio_si14  has unconnected pin probe_in5[0]
CRITICAL WARNING: [Synth 8-4442] BlackBox module \iob_soc_memwrapper/iob_core_inst/cpu/u_sem_example/example_vio_si14  has unconnected pin probe_in6[0]
CRITICAL WARNING: [Synth 8-4442] BlackBox module \iob_soc_memwrapper/iob_core_inst/cpu/u_sem_example/example_vio_si14  has unconnected pin probe_in7[0]
CRITICAL WARNING: [Synth 8-4442] BlackBox module \iob_soc_memwrapper/iob_core_inst/cpu/u_sem_example/example_vio_si14  has unconnected pin probe_in8[0]
CRITICAL WARNING: [Synth 8-4442] BlackBox module \iob_soc_memwrapper/iob_core_inst/cpu/u_sem_example/example_vio_si14  has unconnected pin probe_in9[0]
CRITICAL WARNING: [Synth 8-4442] BlackBox module \iob_soc_memwrapper/iob_core_inst/cpu/u_sem_example/example_vio_si14  has unconnected pin probe_in10[0]
CRITICAL WARNING: [Synth 8-4442] BlackBox module \iob_soc_memwrapper/iob_core_inst/cpu/u_sem_example/example_vio_si14  has unconnected pin probe_in11[0]
CRITICAL WARNING: [Synth 8-4442] BlackBox module \iob_soc_memwrapper/iob_core_inst/cpu/u_sem_example/example_vio_si14  has unconnected pin probe_in12[0]
CRITICAL WARNING: [Synth 8-4442] BlackBox module \iob_soc_memwrapper/iob_core_inst/cpu/u_sem_example/example_vio_si14  has unconnected pin probe_in13[0]
---------------------------------------------------------------------------------
Finished IO Insertion : Time (s): cpu = 00:04:14 ; elapsed = 00:04:32 . Memory (MB): peak = 3493.633 ; gain = 1018.172 ; free physical = 822 ; free virtual = 3644
---------------------------------------------------------------------------------
---------------------------------------------------------------------------------
Start Renaming Generated Instances
---------------------------------------------------------------------------------
---------------------------------------------------------------------------------
Finished Renaming Generated Instances : Time (s): cpu = 00:04:14 ; elapsed = 00:04:32 . Memory (MB): peak = 3493.633 ; gain = 1018.172 ; free physical = 822 ; free virtual = 3644
---------------------------------------------------------------------------------
---------------------------------------------------------------------------------
Start Rebuilding User Hierarchy
---------------------------------------------------------------------------------
---------------------------------------------------------------------------------
Finished Rebuilding User Hierarchy : Time (s): cpu = 00:04:16 ; elapsed = 00:04:34 . Memory (MB): peak = 3493.633 ; gain = 1018.172 ; free physical = 825 ; free virtual = 3646
---------------------------------------------------------------------------------
---------------------------------------------------------------------------------
Start Renaming Generated Ports
---------------------------------------------------------------------------------
---------------------------------------------------------------------------------
Finished Renaming Generated Ports : Time (s): cpu = 00:04:16 ; elapsed = 00:04:34 . Memory (MB): peak = 3493.633 ; gain = 1018.172 ; free physical = 825 ; free virtual = 3647
---------------------------------------------------------------------------------
---------------------------------------------------------------------------------
Start Handling Custom Attributes
---------------------------------------------------------------------------------
---------------------------------------------------------------------------------
Finished Handling Custom Attributes : Time (s): cpu = 00:04:17 ; elapsed = 00:04:35 . Memory (MB): peak = 3493.633 ; gain = 1018.172 ; free physical = 825 ; free virtual = 3647
---------------------------------------------------------------------------------
---------------------------------------------------------------------------------
Start Renaming Generated Nets
---------------------------------------------------------------------------------
---------------------------------------------------------------------------------
Finished Renaming Generated Nets : Time (s): cpu = 00:04:17 ; elapsed = 00:04:35 . Memory (MB): peak = 3493.633 ; gain = 1018.172 ; free physical = 825 ; free virtual = 3647
---------------------------------------------------------------------------------
---------------------------------------------------------------------------------
Start ROM, RAM, DSP, Shift Register and Retiming Reporting
---------------------------------------------------------------------------------

Static Shift Register Report:
+----------------------------+-------------------------------------------------------------+--------+-------+--------------+--------------------+-------------------+--------+---------+
|Module Name                 | RTL Name                                                    | Length | Width | Reset Signal | Pull out first Reg | Pull out last Reg | SRL16E | SRLC32E | 
+----------------------------+-------------------------------------------------------------+--------+-------+--------------+--------------------+-------------------+--------+---------+
|sem_ultra_0_support_wrapper | example_support/example_uart/uart_piso/hot_delay_reg[15]    | 16     | 1     | NO           | NO                 | YES               | 1      | 0       | 
|sem_ultra_0_support_wrapper | example_support/example_uart/uart_sipo/delay_line_reg[149]  | 22     | 1     | NO           | NO                 | YES               | 0      | 1       | 
|sem_ultra_0_support_wrapper | example_support/example_uart/uart_sipo/delay_line_reg[127]  | 16     | 8     | NO           | NO                 | YES               | 8      | 0       | 
|sem_ultra_0_support_wrapper | example_support/example_uart/uart_sipo/valid_delay_reg[151] | 152    | 1     | NO           | NO                 | YES               | 0      | 5       | 
+----------------------------+-------------------------------------------------------------+--------+-------+--------------+--------------------+-------------------+--------+---------+

---------------------------------------------------------------------------------
Finished ROM, RAM, DSP, Shift Register and Retiming Reporting
---------------------------------------------------------------------------------
---------------------------------------------------------------------------------
Start Writing Synthesis Report
---------------------------------------------------------------------------------

Report BlackBoxes: 
+------+-------------------------+----------+
|      |BlackBox name            |Instances |
+------+-------------------------+----------+
|1     |sem_ultra_0              |         1|
|2     |sem_ultra_0_vio_si14     |         1|
|3     |sem_ultra_0_vio_si1_so5  |         1|
|4     |sem_ultra_0_vio_si1_so41 |         1|
+------+-------------------------+----------+

Report Cell Usage: 
+------+-------------------------+------+
|      |Cell                     |Count |
+------+-------------------------+------+
|1     |sem_ultra                |     1|
|2     |sem_ultra_0_vio_si14     |     1|
|3     |sem_ultra_0_vio_si1_so41 |     1|
|4     |sem_ultra_0_vio_si1_so5  |     1|
|5     |BUFG                     |     1|
|6     |BUFGCE                   |     1|
|7     |CARRY8                   |   136|
|8     |DSP_ALU                  |     1|
|9     |DSP_A_B_DATA             |     1|
|10    |DSP_C_DATA               |     1|
|11    |DSP_MULTIPLIER           |     1|
|12    |DSP_M_DATA               |     1|
|13    |DSP_OUTPUT               |     1|
|14    |DSP_PREADD               |     1|
|15    |DSP_PREADD_DATA          |     1|
|16    |FRAME_ECCE3              |     1|
|17    |ICAPE3                   |     1|
|18    |LUT1                     |    72|
|19    |LUT2                     |   530|
|20    |LUT3                     |  1300|
|21    |LUT4                     |  2562|
|22    |LUT5                     |  1882|
|23    |LUT6                     |  4676|
|24    |MUXF7                    |    46|
|25    |PLLE3_ADV                |     1|
|26    |RAM32M16                 |     1|
|27    |RAMB18E2                 |     4|
|28    |RAMB36E2                 |    67|
|41    |SRL16E                   |     9|
|42    |SRLC32E                  |    22|
|43    |FD                       |     7|
|44    |FDCE                     |  1223|
|45    |FDPE                     |    14|
|46    |FDRE                     |  2961|
|47    |FDSE                     |    44|
|48    |IBUF                     |     4|
|49    |IBUFDS                   |     1|
|50    |OBUF                     |     2|
+------+-------------------------+------+
---------------------------------------------------------------------------------
Finished Writing Synthesis Report : Time (s): cpu = 00:04:17 ; elapsed = 00:04:35 . Memory (MB): peak = 3493.633 ; gain = 1018.172 ; free physical = 825 ; free virtual = 3647
---------------------------------------------------------------------------------
Synthesis finished with 0 errors, 13 critical warnings and 3 warnings.
Synthesis Optimization Runtime : Time (s): cpu = 00:04:10 ; elapsed = 00:04:29 . Memory (MB): peak = 3493.633 ; gain = 873.500 ; free physical = 852 ; free virtual = 3675
Synthesis Optimization Complete : Time (s): cpu = 00:04:17 ; elapsed = 00:04:35 . Memory (MB): peak = 3493.641 ; gain = 1018.172 ; free physical = 852 ; free virtual = 3675
INFO: [Project 1-571] Translating synthesized netlist
INFO: [Project 1-454] Reading design checkpoint '/home/jaguiar/sandbox/Fatori-V/iob_soc_V1.0/hardware/fpga/ip/sem_ultra_0_vio_si14/sem_ultra_0_vio_si14.dcp' for cell 'iob_soc_memwrapper/iob_core_inst/cpu/u_sem_example/example_vio_si14'
INFO: [Project 1-454] Reading design checkpoint '/home/jaguiar/sandbox/Fatori-V/iob_soc_V1.0/hardware/fpga/ip/sem_ultra_0_vio_si1_so5/sem_ultra_0_vio_si1_so5.dcp' for cell 'iob_soc_memwrapper/iob_core_inst/cpu/u_sem_example/example_vio_si1_so5'
INFO: [Project 1-454] Reading design checkpoint '/home/jaguiar/sandbox/Fatori-V/iob_soc_V1.0/hardware/fpga/ip/sem_ultra_0_vio_si1_so41/sem_ultra_0_vio_si1_so41.dcp' for cell 'iob_soc_memwrapper/iob_core_inst/cpu/u_sem_example/example_vio_si1_so41'
INFO: [Project 1-454] Reading design checkpoint '/home/jaguiar/sandbox/Fatori-V/iob_soc_V1.0/hardware/fpga/ip/sem_ultra_0/sem_ultra_0.dcp' for cell 'iob_soc_memwrapper/iob_core_inst/cpu/u_sem_example/example_support_wrapper/example_support/sem_controller'
Netlist sorting complete. Time (s): cpu = 00:00:00.22 ; elapsed = 00:00:00.22 . Memory (MB): peak = 3493.641 ; gain = 0.000 ; free physical = 935 ; free virtual = 3757
INFO: [Netlist 29-17] Analyzing 269 Unisim elements for replacement
INFO: [Netlist 29-28] Unisim Transformation completed in 0 CPU seconds
INFO: [Project 1-479] Netlist was created with Vivado 2020.2
INFO: [Project 1-570] Preparing netlist for logic optimization
WARNING: [Opt 31-32] Removing redundant IBUF since it is not being driven by a top-level port. iob_soc_memwrapper/iob_core_inst/cpu/u_sem_example/example_ibuf 
Resolution: The tool has removed redundant IBUF. To resolve this warning, check for redundant IBUF in the input design.
INFO: [Chipscope 16-324] Core: iob_soc_memwrapper/iob_core_inst/cpu/u_sem_example/example_vio_si14 UUID: 813581df-b79e-52a3-b950-8daee9984c6f 
INFO: [Chipscope 16-324] Core: iob_soc_memwrapper/iob_core_inst/cpu/u_sem_example/example_vio_si1_so41 UUID: 5fffd47c-7e02-5ee2-b686-3a642933825d 
INFO: [Chipscope 16-324] Core: iob_soc_memwrapper/iob_core_inst/cpu/u_sem_example/example_vio_si1_so5 UUID: 9c8f0aa9-7d5b-515d-801f-b16c24c93052 
Parsing XDC File [/home/jaguiar/sandbox/Fatori-V/iob_soc_V1.0/hardware/fpga/ip/sem_ultra_0_vio_si14/sem_ultra_0_vio_si14.xdc] for cell 'iob_soc_memwrapper/iob_core_inst/cpu/u_sem_example/example_vio_si14'
Finished Parsing XDC File [/home/jaguiar/sandbox/Fatori-V/iob_soc_V1.0/hardware/fpga/ip/sem_ultra_0_vio_si14/sem_ultra_0_vio_si14.xdc] for cell 'iob_soc_memwrapper/iob_core_inst/cpu/u_sem_example/example_vio_si14'
Parsing XDC File [/home/jaguiar/sandbox/Fatori-V/iob_soc_V1.0/hardware/fpga/ip/sem_ultra_0_vio_si1_so41/sem_ultra_0_vio_si1_so41.xdc] for cell 'iob_soc_memwrapper/iob_core_inst/cpu/u_sem_example/example_vio_si1_so41'
Finished Parsing XDC File [/home/jaguiar/sandbox/Fatori-V/iob_soc_V1.0/hardware/fpga/ip/sem_ultra_0_vio_si1_so41/sem_ultra_0_vio_si1_so41.xdc] for cell 'iob_soc_memwrapper/iob_core_inst/cpu/u_sem_example/example_vio_si1_so41'
Parsing XDC File [/home/jaguiar/sandbox/Fatori-V/iob_soc_V1.0/hardware/fpga/ip/sem_ultra_0_vio_si1_so5/sem_ultra_0_vio_si1_so5.xdc] for cell 'iob_soc_memwrapper/iob_core_inst/cpu/u_sem_example/example_vio_si1_so5'
Finished Parsing XDC File [/home/jaguiar/sandbox/Fatori-V/iob_soc_V1.0/hardware/fpga/ip/sem_ultra_0_vio_si1_so5/sem_ultra_0_vio_si1_so5.xdc] for cell 'iob_soc_memwrapper/iob_core_inst/cpu/u_sem_example/example_vio_si1_so5'
Parsing XDC File [/home/jaguiar/sandbox/Fatori-V/iob_soc_V1.0/hardware/fpga/vivado/iob_aes_ku040_db_g/auto_board.sdc]
Finished Parsing XDC File [/home/jaguiar/sandbox/Fatori-V/iob_soc_V1.0/hardware/fpga/vivado/iob_aes_ku040_db_g/auto_board.sdc]
Parsing XDC File [/home/jaguiar/sandbox/Fatori-V/iob_soc_V1.0/hardware/fpga/vivado/iob_aes_ku040_db_g/iob_soc_dev.sdc]
Finished Parsing XDC File [/home/jaguiar/sandbox/Fatori-V/iob_soc_V1.0/hardware/fpga/vivado/iob_aes_ku040_db_g/iob_soc_dev.sdc]
INFO: [Opt 31-138] Pushed 0 inverter(s) to 0 load pin(s).
INFO: [Opt 31-326] The CLKFBOUT to CLKFBIN net for instance clk_250_to_100_MHz/clock_wizard_inst/plle3_adv_inst with COMPENSATION=INTERNAL is optimized away to aid design routability
Netlist sorting complete. Time (s): cpu = 00:00:00.01 ; elapsed = 00:00:00.01 . Memory (MB): peak = 3525.648 ; gain = 0.000 ; free physical = 893 ; free virtual = 3716
INFO: [Project 1-111] Unisim Transformation Summary:
  A total of 70 instances were transformed.
  BUFG => BUFGCE: 1 instance 
  DSP48E2 => DSP48E2 (DSP_ALU, DSP_A_B_DATA, DSP_C_DATA, DSP_MULTIPLIER, DSP_M_DATA, DSP_OUTPUT, DSP_PREADD, DSP_PREADD_DATA): 2 instances
  FD => FDRE: 7 instances
  IBUF => IBUF (IBUFCTRL, INBUF): 3 instances
  IBUFDS => IBUFDS (DIFFINBUF, IBUFCTRL): 1 instance 
  LUT6_2 => LUT6_2 (LUT5, LUT6): 49 instances
  RAM32M => RAM32M (RAMD32(x6), RAMS32(x2)): 4 instances
  RAM32M16 => RAM32M16 (RAMD32(x14), RAMS32(x2)): 1 instance 
  RAM64M => RAM64M (RAMD64E(x4)): 2 instances

INFO: [Common 17-83] Releasing license: Synthesis
768 Infos, 112 Warnings, 13 Critical Warnings and 0 Errors encountered.
synth_design completed successfully
synth_design: Time (s): cpu = 00:04:32 ; elapsed = 00:04:49 . Memory (MB): peak = 3525.648 ; gain = 1082.094 ; free physical = 1086 ; free virtual = 3909
# if {[file exists "vivado/postmap.tcl"]} {
#     source "vivado/postmap.tcl"
# }
# opt_design
Command: opt_design
Attempting to get a license for feature 'Implementation' and/or device 'xcku040'
INFO: [Common 17-349] Got license for feature 'Implementation' and/or device 'xcku040'
INFO: [Common 17-1540] The version limit for your license is '2021.01' and has expired for new software. A version limit expiration means that, although you may be able to continue to use the current version of tools or IP with this license, you will not be eligible for any updates or new releases.
Running DRC as a precondition to command opt_design

Starting DRC Task
INFO: [DRC 23-27] Running DRC with 8 threads
INFO: [Project 1-461] DRC finished with 0 Errors
INFO: [Project 1-462] Please refer to the DRC report (report_drc) for more information.

Time (s): cpu = 00:00:02 ; elapsed = 00:00:02 . Memory (MB): peak = 3589.680 ; gain = 64.031 ; free physical = 1084 ; free virtual = 3909

Starting Cache Timing Information Task
INFO: [Timing 38-35] Done setting XDC timing constraints.
INFO: [Timing 38-2] Deriving generated clocks
Ending Cache Timing Information Task | Checksum: 15250a1b2

Time (s): cpu = 00:00:03 ; elapsed = 00:00:01 . Memory (MB): peak = 3592.531 ; gain = 2.852 ; free physical = 1072 ; free virtual = 3897

Starting Logic Optimization Task

Phase 1 Generate And Synthesize Debug Cores
INFO: [Chipscope 16-329] Generating Script for core instance : dbg_hub 
INFO: [IP_Flow 19-3806] Processing IP xilinx.com:ip:xsdbm:3.0 for cell dbg_hub_CV.
Netlist sorting complete. Time (s): cpu = 00:00:00.02 ; elapsed = 00:00:00.02 . Memory (MB): peak = 3629.188 ; gain = 0.000 ; free physical = 4020 ; free virtual = 5897
Phase 1 Generate And Synthesize Debug Cores | Checksum: 1d2d36bba

Time (s): cpu = 00:01:12 ; elapsed = 00:05:07 . Memory (MB): peak = 3629.188 ; gain = 18.844 ; free physical = 4020 ; free virtual = 5897

Phase 2 Retarget
INFO: [Opt 31-138] Pushed 6 inverter(s) to 180 load pin(s).
INFO: [Opt 31-49] Retargeted 0 cell(s).
Phase 2 Retarget | Checksum: 134f08bf4

Time (s): cpu = 00:01:13 ; elapsed = 00:05:08 . Memory (MB): peak = 3629.188 ; gain = 18.844 ; free physical = 4028 ; free virtual = 5906
INFO: [Opt 31-389] Phase Retarget created 450 cells and removed 509 cells
INFO: [Opt 31-1021] In phase Retarget, 109 netlist objects are constrained preventing optimization. Please run opt_design with -debug_log to get more detail. 

Phase 3 Constant propagation
INFO: [Opt 31-138] Pushed 0 inverter(s) to 0 load pin(s).
Phase 3 Constant propagation | Checksum: 141ce1b6d

Time (s): cpu = 00:01:13 ; elapsed = 00:05:08 . Memory (MB): peak = 3629.188 ; gain = 18.844 ; free physical = 4028 ; free virtual = 5906
INFO: [Opt 31-389] Phase Constant propagation created 104 cells and removed 161 cells
INFO: [Opt 31-1021] In phase Constant propagation, 108 netlist objects are constrained preventing optimization. Please run opt_design with -debug_log to get more detail. 

Phase 4 Sweep
Phase 4 Sweep | Checksum: 1d116ebd3

Time (s): cpu = 00:01:14 ; elapsed = 00:05:09 . Memory (MB): peak = 3629.188 ; gain = 18.844 ; free physical = 4024 ; free virtual = 5902
INFO: [Opt 31-389] Phase Sweep created 0 cells and removed 63 cells
INFO: [Opt 31-1021] In phase Sweep, 1817 netlist objects are constrained preventing optimization. Please run opt_design with -debug_log to get more detail. 

Phase 5 BUFG optimization
INFO: [Opt 31-1077] Phase BUFG optimization inserted 0 global clock buffer(s) for CLOCK_LOW_FANOUT.
INFO: [Opt 31-274] Optimized connectivity to 1 cascaded buffer cells
Phase 5 BUFG optimization | Checksum: 1a1549a19

Time (s): cpu = 00:01:14 ; elapsed = 00:05:09 . Memory (MB): peak = 3629.188 ; gain = 18.844 ; free physical = 4024 ; free virtual = 5901
INFO: [Opt 31-662] Phase BUFG optimization created 0 cells of which 0 are BUFGs and removed 1 cells.

Phase 6 Shift Register Optimization
INFO: [Opt 31-1064] SRL Remap converted 0 SRLs to 0 registers and converted 0 registers of register chains to 0 SRLs
Phase 6 Shift Register Optimization | Checksum: 1a1549a19

Time (s): cpu = 00:01:14 ; elapsed = 00:05:09 . Memory (MB): peak = 3629.188 ; gain = 18.844 ; free physical = 4024 ; free virtual = 5901
INFO: [Opt 31-389] Phase Shift Register Optimization created 0 cells and removed 0 cells

Phase 7 Post Processing Netlist
Phase 7 Post Processing Netlist | Checksum: 20b737ea5

Time (s): cpu = 00:01:14 ; elapsed = 00:05:09 . Memory (MB): peak = 3629.188 ; gain = 18.844 ; free physical = 4024 ; free virtual = 5902
INFO: [Opt 31-389] Phase Post Processing Netlist created 0 cells and removed 0 cells
INFO: [Opt 31-1021] In phase Post Processing Netlist, 120 netlist objects are constrained preventing optimization. Please run opt_design with -debug_log to get more detail. 
Opt_design Change Summary
=========================


-------------------------------------------------------------------------------------------------------------------------
|  Phase                        |  #Cells created  |  #Cells Removed  |  #Constrained objects preventing optimizations  |
-------------------------------------------------------------------------------------------------------------------------
|  Retarget                     |             450  |             509  |                                            109  |
|  Constant propagation         |             104  |             161  |                                            108  |
|  Sweep                        |               0  |              63  |                                           1817  |
|  BUFG optimization            |               0  |               1  |                                              0  |
|  Shift Register Optimization  |               0  |               0  |                                              0  |
|  Post Processing Netlist      |               0  |               0  |                                            120  |
-------------------------------------------------------------------------------------------------------------------------



Starting Connectivity Check Task

Time (s): cpu = 00:00:00.04 ; elapsed = 00:00:00.04 . Memory (MB): peak = 3629.188 ; gain = 0.000 ; free physical = 4023 ; free virtual = 5901
Ending Logic Optimization Task | Checksum: 129102a07

Time (s): cpu = 00:01:15 ; elapsed = 00:05:09 . Memory (MB): peak = 3629.188 ; gain = 18.844 ; free physical = 4023 ; free virtual = 5901

Starting Power Optimization Task
INFO: [Pwropt 34-132] Skipping clock gating for clocks with a period < 2.00 ns.
INFO: [Power 33-23] Power model is not available for cfg_frame_ecce3
INFO: [Timing 38-35] Done setting XDC timing constraints.
Running Vector-less Activity Propagation...

Finished Running Vector-less Activity Propagation
INFO: [Pwropt 34-9] Applying IDT optimizations ...
INFO: [Pwropt 34-10] Applying ODC optimizations ...


Starting PowerOpt Patch Enables Task
INFO: [Pwropt 34-162] WRITE_MODE attribute of 0 BRAM(s) out of a total of 75 has been updated to save power. Run report_power_opt to get a complete listing of the BRAMs updated.
INFO: [Timing 38-35] Done setting XDC timing constraints.
INFO: [Pwropt 34-201] Structural ODC has moved 64 WE to EN ports
Number of BRAM Ports augmented: 0 newly gated: 64 Total Ports: 150
Ending PowerOpt Patch Enables Task | Checksum: 24821d302

Time (s): cpu = 00:00:03 ; elapsed = 00:00:01 . Memory (MB): peak = 3897.324 ; gain = 0.000 ; free physical = 4131 ; free virtual = 6022
Ending Power Optimization Task | Checksum: 24821d302

Time (s): cpu = 00:00:19 ; elapsed = 00:00:12 . Memory (MB): peak = 3897.324 ; gain = 268.137 ; free physical = 4144 ; free virtual = 6035

Starting Final Cleanup Task
Ending Final Cleanup Task | Checksum: 24821d302

Time (s): cpu = 00:00:00 ; elapsed = 00:00:00 . Memory (MB): peak = 3897.324 ; gain = 0.000 ; free physical = 4144 ; free virtual = 6035

Starting Netlist Obfuscation Task
Netlist sorting complete. Time (s): cpu = 00:00:00.01 ; elapsed = 00:00:00.01 . Memory (MB): peak = 3897.324 ; gain = 0.000 ; free physical = 4144 ; free virtual = 6035
Ending Netlist Obfuscation Task | Checksum: 19dee55ac

Time (s): cpu = 00:00:00.01 ; elapsed = 00:00:00.01 . Memory (MB): peak = 3897.324 ; gain = 0.000 ; free physical = 4144 ; free virtual = 6035
INFO: [Common 17-83] Releasing license: Implementation
37 Infos, 0 Warnings, 0 Critical Warnings and 0 Errors encountered.
opt_design completed successfully
opt_design: Time (s): cpu = 00:01:40 ; elapsed = 00:05:26 . Memory (MB): peak = 3897.324 ; gain = 371.676 ; free physical = 4145 ; free virtual = 6035
# source_probe $VIVADO_INPUT "post_opt.tcl"
==========================================
>>> Sourcing: post_opt.tcl
>>> From: /home/jaguiar/sandbox/Fatori-V/tmp/tcl
==========================================
## puts "FATORI-V: Applying pblock placement constraints"
FATORI-V: Applying pblock placement constraints
## source "[file join $::env(VIVADO_INPUT) fatori_pblocks.tcl]"
>>> post_opt.tcl complete!
==========================================

# place_design
Command: place_design
Attempting to get a license for feature 'Implementation' and/or device 'xcku040'
INFO: [Common 17-349] Got license for feature 'Implementation' and/or device 'xcku040'
INFO: [Common 17-1540] The version limit for your license is '2021.01' and has expired for new software. A version limit expiration means that, although you may be able to continue to use the current version of tools or IP with this license, you will not be eligible for any updates or new releases.
INFO: [Timing 38-35] Done setting XDC timing constraints.
INFO: [DRC 23-27] Running DRC with 8 threads
INFO: [Vivado_Tcl 4-198] DRC finished with 0 Errors
INFO: [Vivado_Tcl 4-199] Please refer to the DRC report (report_drc) for more information.
Running DRC as a precondition to command place_design
INFO: [DRC 23-27] Running DRC with 8 threads
INFO: [Vivado_Tcl 4-198] DRC finished with 0 Errors
INFO: [Vivado_Tcl 4-199] Please refer to the DRC report (report_drc) for more information.

Starting Placer Task
INFO: [Place 30-611] Multithreading enabled for place_design using a maximum of 8 CPUs

Phase 1 Placer Initialization

Phase 1.1 Placer Initialization Netlist Sorting
Netlist sorting complete. Time (s): cpu = 00:00:00 ; elapsed = 00:00:00 . Memory (MB): peak = 4111.332 ; gain = 0.000 ; free physical = 3568 ; free virtual = 5606
Phase 1.1 Placer Initialization Netlist Sorting | Checksum: 14e5ba7b8

Time (s): cpu = 00:00:00.01 ; elapsed = 00:00:00.16 . Memory (MB): peak = 4111.332 ; gain = 0.000 ; free physical = 3568 ; free virtual = 5606
Netlist sorting complete. Time (s): cpu = 00:00:00 ; elapsed = 00:00:00.01 . Memory (MB): peak = 4111.332 ; gain = 0.000 ; free physical = 3568 ; free virtual = 5606

Phase 1.2 IO Placement/ Clock Placement/ Build Placer Device
Phase 1.2 IO Placement/ Clock Placement/ Build Placer Device | Checksum: d26cad1f

Time (s): cpu = 00:00:02 ; elapsed = 00:00:01 . Memory (MB): peak = 4111.332 ; gain = 0.000 ; free physical = 3596 ; free virtual = 5637

Phase 1.3 Build Placer Netlist Model
Phase 1.3 Build Placer Netlist Model | Checksum: 1c791d44c

Time (s): cpu = 00:00:08 ; elapsed = 00:00:04 . Memory (MB): peak = 4111.332 ; gain = 0.000 ; free physical = 3585 ; free virtual = 5628

Phase 1.4 Constrain Clocks/Macros
Phase 1.4 Constrain Clocks/Macros | Checksum: 1c791d44c

Time (s): cpu = 00:00:08 ; elapsed = 00:00:05 . Memory (MB): peak = 4111.332 ; gain = 0.000 ; free physical = 3585 ; free virtual = 5628
Phase 1 Placer Initialization | Checksum: 1c791d44c

Time (s): cpu = 00:00:08 ; elapsed = 00:00:05 . Memory (MB): peak = 4111.332 ; gain = 0.000 ; free physical = 3584 ; free virtual = 5627

Phase 2 Global Placement

Phase 2.1 Floorplanning
Phase 2.1 Floorplanning | Checksum: 191dc7265

Time (s): cpu = 00:00:10 ; elapsed = 00:00:06 . Memory (MB): peak = 4111.332 ; gain = 0.000 ; free physical = 3553 ; free virtual = 5598

Phase 2.2 Update Timing before SLR Path Opt
Phase 2.2 Update Timing before SLR Path Opt | Checksum: 16f239af8

Time (s): cpu = 00:00:11 ; elapsed = 00:00:06 . Memory (MB): peak = 4111.332 ; gain = 0.000 ; free physical = 3550 ; free virtual = 5595

Phase 2.3 Global Placement Core

Phase 2.3.1 Physical Synthesis In Placer
INFO: [Physopt 32-1035] Found 0 LUTNM shape to break, 625 LUT instances to create LUTNM shape
INFO: [Physopt 32-1044] Break lutnm for timing: one critical 0, two critical 0, total 0, new lutff created 0
INFO: [Physopt 32-775] End 1 Pass. Optimized 251 nets or cells. Created 0 new cell, deleted 251 existing cells and moved 0 existing cell
INFO: [Physopt 32-65] No nets found for high-fanout optimization.
INFO: [Physopt 32-232] Optimized 0 net. Created 0 new instance.
INFO: [Physopt 32-775] End 1 Pass. Optimized 0 net or cell. Created 0 new cell, deleted 0 existing cell and moved 0 existing cell
INFO: [Physopt 32-670] No setup violation found.  DSP Register Optimization was not performed.
INFO: [Physopt 32-670] No setup violation found.  Shift Register to Pipeline Optimization was not performed.
INFO: [Physopt 32-670] No setup violation found.  Shift Register Optimization was not performed.
INFO: [Physopt 32-670] No setup violation found.  BRAM Register Optimization was not performed.
INFO: [Physopt 32-670] No setup violation found.  URAM Register Optimization was not performed.
INFO: [Physopt 32-949] No candidate nets found for dynamic/static region interface net replication
INFO: [Physopt 32-775] End 1 Pass. Optimized 0 net or cell. Created 0 new cell, deleted 0 existing cell and moved 0 existing cell
Netlist sorting complete. Time (s): cpu = 00:00:00 ; elapsed = 00:00:00.01 . Memory (MB): peak = 4118.359 ; gain = 0.000 ; free physical = 3463 ; free virtual = 5522

Summary of Physical Synthesis Optimizations
============================================


-----------------------------------------------------------------------------------------------------------------------------------------------------------
|  Optimization                                     |  Added Cells  |  Removed Cells  |  Optimized Cells/Nets  |  Dont Touch  |  Iterations  |  Elapsed   |
-----------------------------------------------------------------------------------------------------------------------------------------------------------
|  LUT Combining                                    |            0  |            251  |                   251  |           0  |           1  |  00:00:01  |
|  Very High Fanout                                 |            0  |              0  |                     0  |           0  |           1  |  00:00:00  |
|  DSP Register                                     |            0  |              0  |                     0  |           0  |           0  |  00:00:00  |
|  Shift Register to Pipeline                       |            0  |              0  |                     0  |           0  |           0  |  00:00:00  |
|  Shift Register                                   |            0  |              0  |                     0  |           0  |           0  |  00:00:00  |
|  BRAM Register                                    |            0  |              0  |                     0  |           0  |           0  |  00:00:00  |
|  URAM Register                                    |            0  |              0  |                     0  |           0  |           0  |  00:00:00  |
|  Dynamic/Static Region Interface Net Replication  |            0  |              0  |                     0  |           0  |           1  |  00:00:00  |
|  Total                                            |            0  |            251  |                   251  |           0  |           3  |  00:00:01  |
-----------------------------------------------------------------------------------------------------------------------------------------------------------


Phase 2.3.1 Physical Synthesis In Placer | Checksum: 13600a102

Time (s): cpu = 00:00:35 ; elapsed = 00:00:20 . Memory (MB): peak = 4118.359 ; gain = 7.027 ; free physical = 3460 ; free virtual = 5519
Phase 2.3 Global Placement Core | Checksum: 1bfb48ead

Time (s): cpu = 00:00:37 ; elapsed = 00:00:21 . Memory (MB): peak = 4118.359 ; gain = 7.027 ; free physical = 3454 ; free virtual = 5514
Phase 2 Global Placement | Checksum: 1bfb48ead

Time (s): cpu = 00:00:37 ; elapsed = 00:00:21 . Memory (MB): peak = 4118.359 ; gain = 7.027 ; free physical = 3462 ; free virtual = 5521

Phase 3 Detail Placement

Phase 3.1 Commit Multi Column Macros
Phase 3.1 Commit Multi Column Macros | Checksum: 1bf61bef6

Time (s): cpu = 00:00:39 ; elapsed = 00:00:21 . Memory (MB): peak = 4118.359 ; gain = 7.027 ; free physical = 3463 ; free virtual = 5522

Phase 3.2 Commit Most Macros & LUTRAMs
Phase 3.2 Commit Most Macros & LUTRAMs | Checksum: 8b001e06

Time (s): cpu = 00:00:40 ; elapsed = 00:00:22 . Memory (MB): peak = 4118.359 ; gain = 7.027 ; free physical = 3456 ; free virtual = 5516

Phase 3.3 Small Shape DP

Phase 3.3.1 Small Shape Clustering
Phase 3.3.1 Small Shape Clustering | Checksum: 10a3dcf1f

Time (s): cpu = 00:00:42 ; elapsed = 00:00:24 . Memory (MB): peak = 4118.359 ; gain = 7.027 ; free physical = 3445 ; free virtual = 5505

Phase 3.3.2 DP Optimization
Phase 3.3.2 DP Optimization | Checksum: 147dce425

Time (s): cpu = 00:00:52 ; elapsed = 00:00:27 . Memory (MB): peak = 4118.359 ; gain = 7.027 ; free physical = 3430 ; free virtual = 5490

Phase 3.3.3 Flow Legalize Slice Clusters
Phase 3.3.3 Flow Legalize Slice Clusters | Checksum: 1493202ee

Time (s): cpu = 00:00:52 ; elapsed = 00:00:27 . Memory (MB): peak = 4118.359 ; gain = 7.027 ; free physical = 3430 ; free virtual = 5490

Phase 3.3.4 Slice Area Swap
Phase 3.3.4 Slice Area Swap | Checksum: 10019c361

Time (s): cpu = 00:00:54 ; elapsed = 00:00:28 . Memory (MB): peak = 4118.359 ; gain = 7.027 ; free physical = 3416 ; free virtual = 5476
Phase 3.3 Small Shape DP | Checksum: 18bce8d0d

Time (s): cpu = 00:00:58 ; elapsed = 00:00:29 . Memory (MB): peak = 4118.359 ; gain = 7.027 ; free physical = 3437 ; free virtual = 5497

Phase 3.4 Re-assign LUT pins
Phase 3.4 Re-assign LUT pins | Checksum: 18c0a7145

Time (s): cpu = 00:00:59 ; elapsed = 00:00:30 . Memory (MB): peak = 4118.359 ; gain = 7.027 ; free physical = 3436 ; free virtual = 5496

Phase 3.5 Pipeline Register Optimization
Phase 3.5 Pipeline Register Optimization | Checksum: 17eb661da

Time (s): cpu = 00:00:59 ; elapsed = 00:00:30 . Memory (MB): peak = 4118.359 ; gain = 7.027 ; free physical = 3436 ; free virtual = 5496

Phase 3.6 Fast Optimization
Phase 3.6 Fast Optimization | Checksum: 21714912d

Time (s): cpu = 00:01:09 ; elapsed = 00:00:32 . Memory (MB): peak = 4118.359 ; gain = 7.027 ; free physical = 3436 ; free virtual = 5497
Phase 3 Detail Placement | Checksum: 21714912d

Time (s): cpu = 00:01:09 ; elapsed = 00:00:32 . Memory (MB): peak = 4118.359 ; gain = 7.027 ; free physical = 3436 ; free virtual = 5496

Phase 4 Post Placement Optimization and Clean-Up

Phase 4.1 Post Commit Optimization
INFO: [Timing 38-35] Done setting XDC timing constraints.

Phase 4.1.1 Post Placement Optimization
Post Placement Optimization Initialization | Checksum: 1a1d36984

Phase 4.1.1.1 BUFG Insertion

Starting Physical Synthesis Task

Phase 1 Physical Synthesis Initialization
INFO: [Physopt 32-721] Multithreading enabled for phys_opt_design using a maximum of 8 CPUs
INFO: [Physopt 32-619] Estimated Timing Summary | WNS=1.346 | TNS=0.000 |
Phase 1 Physical Synthesis Initialization | Checksum: 11bdb7744

Time (s): cpu = 00:00:02 ; elapsed = 00:00:00.30 . Memory (MB): peak = 4118.359 ; gain = 0.000 ; free physical = 3429 ; free virtual = 5497
INFO: [Place 46-35] Processed net clk_250_to_100_MHz/rst_sync/reg1/Q[0], inserted BUFG to drive 1879 loads.
INFO: [Place 46-45] Replicated bufg driver clk_250_to_100_MHz/rst_sync/reg1/iob_r_data_o_reg[1]_replica
INFO: [Place 46-56] BUFG insertion identified 1 candidate nets. Inserted BUFG: 1, Replicated BUFG Driver: 1, Skipped due to Placement/Routing Conflicts: 0, Skipped due to Timing Degradation: 0, Skipped due to Illegal Netlist: 0.
Ending Physical Synthesis Task | Checksum: 1b3b036cc

Time (s): cpu = 00:00:04 ; elapsed = 00:00:01 . Memory (MB): peak = 4118.359 ; gain = 0.000 ; free physical = 3424 ; free virtual = 5492
Phase 4.1.1.1 BUFG Insertion | Checksum: 1ad899808

Time (s): cpu = 00:01:22 ; elapsed = 00:00:39 . Memory (MB): peak = 4118.359 ; gain = 7.027 ; free physical = 3422 ; free virtual = 5490
INFO: [Place 30-746] Post Placement Timing Summary WNS=1.346. For the most accurate timing information please run report_timing.

Time (s): cpu = 00:01:23 ; elapsed = 00:00:39 . Memory (MB): peak = 4118.359 ; gain = 7.027 ; free physical = 3422 ; free virtual = 5490
Phase 4.1 Post Commit Optimization | Checksum: 137a04ec0

Time (s): cpu = 00:01:23 ; elapsed = 00:00:39 . Memory (MB): peak = 4118.359 ; gain = 7.027 ; free physical = 3422 ; free virtual = 5490
Netlist sorting complete. Time (s): cpu = 00:00:00.11 ; elapsed = 00:00:00.12 . Memory (MB): peak = 4118.359 ; gain = 0.000 ; free physical = 3423 ; free virtual = 5491

Phase 4.2 Post Placement Cleanup
Phase 4.2 Post Placement Cleanup | Checksum: 13a3193d5

Time (s): cpu = 00:01:23 ; elapsed = 00:00:40 . Memory (MB): peak = 4118.359 ; gain = 7.027 ; free physical = 3431 ; free virtual = 5500

Phase 4.3 Placer Reporting

Phase 4.3.1 Print Estimated Congestion
INFO: [Place 30-612] Post-Placement Estimated Congestion 
 ____________________________________________________
|           | Global Congestion | Short Congestion  |
| Direction | Region Size       | Region Size       |
|___________|___________________|___________________|
|      North|                2x2|                8x8|
|___________|___________________|___________________|
|      South|                2x2|                8x8|
|___________|___________________|___________________|
|       East|                1x1|                8x8|
|___________|___________________|___________________|
|       West|                1x1|                4x4|
|___________|___________________|___________________|

Phase 4.3.1 Print Estimated Congestion | Checksum: 13a3193d5

Time (s): cpu = 00:01:24 ; elapsed = 00:00:40 . Memory (MB): peak = 4118.359 ; gain = 7.027 ; free physical = 3434 ; free virtual = 5503
Phase 4.3 Placer Reporting | Checksum: 13a3193d5

Time (s): cpu = 00:01:24 ; elapsed = 00:00:40 . Memory (MB): peak = 4118.359 ; gain = 7.027 ; free physical = 3434 ; free virtual = 5503

Phase 4.4 Final Placement Cleanup
Netlist sorting complete. Time (s): cpu = 00:00:00 ; elapsed = 00:00:00 . Memory (MB): peak = 4118.359 ; gain = 0.000 ; free physical = 3434 ; free virtual = 5502

Time (s): cpu = 00:01:24 ; elapsed = 00:00:40 . Memory (MB): peak = 4118.359 ; gain = 7.027 ; free physical = 3434 ; free virtual = 5502
Phase 4 Post Placement Optimization and Clean-Up | Checksum: 1cce47aaf

Time (s): cpu = 00:01:24 ; elapsed = 00:00:40 . Memory (MB): peak = 4118.359 ; gain = 7.027 ; free physical = 3434 ; free virtual = 5502
Ending Placer Task | Checksum: 161b7d2e1

Time (s): cpu = 00:01:24 ; elapsed = 00:00:40 . Memory (MB): peak = 4118.359 ; gain = 7.027 ; free physical = 3434 ; free virtual = 5502
INFO: [Common 17-83] Releasing license: Implementation
32 Infos, 0 Warnings, 0 Critical Warnings and 0 Errors encountered.
place_design completed successfully
place_design: Time (s): cpu = 00:01:49 ; elapsed = 00:01:02 . Memory (MB): peak = 4118.359 ; gain = 221.035 ; free physical = 3532 ; free virtual = 5601
# route_design -timing
Command: route_design -timing
Attempting to get a license for feature 'Implementation' and/or device 'xcku040'
INFO: [Common 17-349] Got license for feature 'Implementation' and/or device 'xcku040'
INFO: [Common 17-1540] The version limit for your license is '2021.01' and has expired for new software. A version limit expiration means that, although you may be able to continue to use the current version of tools or IP with this license, you will not be eligible for any updates or new releases.
Running DRC as a precondition to command route_design
INFO: [DRC 23-27] Running DRC with 8 threads
INFO: [Vivado_Tcl 4-198] DRC finished with 0 Errors
INFO: [Vivado_Tcl 4-199] Please refer to the DRC report (report_drc) for more information.


Starting Routing Task
INFO: [Route 35-254] Multithreading enabled for route_design using a maximum of 8 CPUs
Checksum: PlaceDB: ae1ec4d9 ConstDB: 0 ShapeSum: b107c8f3 RouteDB: 2914515

Phase 1 Build RT Design
Phase 1 Build RT Design | Checksum: 13539c91f

Time (s): cpu = 00:01:06 ; elapsed = 00:00:48 . Memory (MB): peak = 4118.359 ; gain = 0.000 ; free physical = 3273 ; free virtual = 5349
Post Restoration Checksum: NetGraph: 16970016 NumContArr: 59e9e092 Constraints: 3aa74800 Timing: 0

Phase 2 Router Initialization

Phase 2.1 Fix Topology Constraints
Phase 2.1 Fix Topology Constraints | Checksum: ab2828a8

Time (s): cpu = 00:01:06 ; elapsed = 00:00:49 . Memory (MB): peak = 4118.359 ; gain = 0.000 ; free physical = 3219 ; free virtual = 5298

Phase 2.2 Pre Route Cleanup
Phase 2.2 Pre Route Cleanup | Checksum: ab2828a8

Time (s): cpu = 00:01:06 ; elapsed = 00:00:49 . Memory (MB): peak = 4118.359 ; gain = 0.000 ; free physical = 3219 ; free virtual = 5298

Phase 2.3 Global Clock Net Routing
 Number of Nodes with overlaps = 0
Phase 2.3 Global Clock Net Routing | Checksum: 16022b41c

Time (s): cpu = 00:01:08 ; elapsed = 00:00:49 . Memory (MB): peak = 4137.223 ; gain = 18.863 ; free physical = 3213 ; free virtual = 5294

Phase 2.4 Update Timing
Phase 2.4 Update Timing | Checksum: 19498b228

Time (s): cpu = 00:01:15 ; elapsed = 00:00:53 . Memory (MB): peak = 4137.223 ; gain = 18.863 ; free physical = 3201 ; free virtual = 5282
INFO: [Route 35-416] Intermediate Timing Summary | WNS=2.386  | TNS=0.000  | WHS=-0.061 | THS=-0.689 |


Phase 2.5 Update Timing for Bus Skew

Phase 2.5.1 Update Timing
Phase 2.5.1 Update Timing | Checksum: f0c6f54d

Time (s): cpu = 00:01:30 ; elapsed = 00:00:56 . Memory (MB): peak = 4137.223 ; gain = 18.863 ; free physical = 3193 ; free virtual = 5275
INFO: [Route 35-416] Intermediate Timing Summary | WNS=2.386  | TNS=0.000  | WHS=N/A    | THS=N/A    |

Phase 2.5 Update Timing for Bus Skew | Checksum: 1bedefd2a

Time (s): cpu = 00:01:31 ; elapsed = 00:00:56 . Memory (MB): peak = 4137.223 ; gain = 18.863 ; free physical = 3193 ; free virtual = 5276
Phase 2 Router Initialization | Checksum: 191254cca

Time (s): cpu = 00:01:31 ; elapsed = 00:00:56 . Memory (MB): peak = 4137.223 ; gain = 18.863 ; free physical = 3193 ; free virtual = 5276

Router Utilization Summary
  Global Vertical Routing Utilization    = 0.000791882 %
  Global Horizontal Routing Utilization  = 0.000611307 %
  Routable Net Status*
  *Does not include unroutable nets such as driverless and loadless.
  Run report_route_status for detailed report.
  Number of Failed Nets               = 17823
    (Failed Nets is the sum of unrouted and partially routed nets)
  Number of Unrouted Nets             = 11208
  Number of Partially Routed Nets     = 6615
  Number of Node Overlaps             = 0


Phase 3 Initial Routing

Phase 3.1 Global Routing
Phase 3.1 Global Routing | Checksum: 191254cca

Time (s): cpu = 00:01:32 ; elapsed = 00:00:57 . Memory (MB): peak = 4137.223 ; gain = 18.863 ; free physical = 3200 ; free virtual = 5282
Phase 3 Initial Routing | Checksum: 1e056a295

Time (s): cpu = 00:01:44 ; elapsed = 00:01:00 . Memory (MB): peak = 4137.223 ; gain = 18.863 ; free physical = 3169 ; free virtual = 5252

Phase 4 Rip-up And Reroute

Phase 4.1 Global Iteration 0
 Number of Nodes with overlaps = 5594
 Number of Nodes with overlaps = 945
 Number of Nodes with overlaps = 229
 Number of Nodes with overlaps = 73
 Number of Nodes with overlaps = 24
 Number of Nodes with overlaps = 9
 Number of Nodes with overlaps = 4
 Number of Nodes with overlaps = 1
 Number of Nodes with overlaps = 0
INFO: [Route 35-416] Intermediate Timing Summary | WNS=1.898  | TNS=0.000  | WHS=0.022  | THS=0.000  |

Phase 4.1 Global Iteration 0 | Checksum: 1942ed5e1

Time (s): cpu = 00:02:32 ; elapsed = 00:01:20 . Memory (MB): peak = 4161.082 ; gain = 42.723 ; free physical = 3176 ; free virtual = 5260

Phase 4.2 Additional Iteration for Hold
Phase 4.2 Additional Iteration for Hold | Checksum: 11830b63f

Time (s): cpu = 00:02:32 ; elapsed = 00:01:20 . Memory (MB): peak = 4161.082 ; gain = 42.723 ; free physical = 3175 ; free virtual = 5259
Phase 4 Rip-up And Reroute | Checksum: 11830b63f

Time (s): cpu = 00:02:32 ; elapsed = 00:01:20 . Memory (MB): peak = 4161.082 ; gain = 42.723 ; free physical = 3176 ; free virtual = 5260

Phase 5 Delay and Skew Optimization

Phase 5.1 Delay CleanUp
Phase 5.1 Delay CleanUp | Checksum: 11830b63f

Time (s): cpu = 00:02:32 ; elapsed = 00:01:20 . Memory (MB): peak = 4161.082 ; gain = 42.723 ; free physical = 3175 ; free virtual = 5260

Phase 5.2 Clock Skew Optimization
Phase 5.2 Clock Skew Optimization | Checksum: 11830b63f

Time (s): cpu = 00:02:32 ; elapsed = 00:01:20 . Memory (MB): peak = 4161.082 ; gain = 42.723 ; free physical = 3175 ; free virtual = 5260
Phase 5 Delay and Skew Optimization | Checksum: 11830b63f

Time (s): cpu = 00:02:32 ; elapsed = 00:01:20 . Memory (MB): peak = 4161.082 ; gain = 42.723 ; free physical = 3176 ; free virtual = 5260

Phase 6 Post Hold Fix

Phase 6.1 Hold Fix Iter

Phase 6.1.1 Update Timing
Phase 6.1.1 Update Timing | Checksum: 131037dcd

Time (s): cpu = 00:02:36 ; elapsed = 00:01:22 . Memory (MB): peak = 4161.082 ; gain = 42.723 ; free physical = 3175 ; free virtual = 5260
INFO: [Route 35-416] Intermediate Timing Summary | WNS=1.898  | TNS=0.000  | WHS=0.022  | THS=0.000  |

Phase 6.1 Hold Fix Iter | Checksum: 1b2feff58

Time (s): cpu = 00:02:36 ; elapsed = 00:01:22 . Memory (MB): peak = 4161.082 ; gain = 42.723 ; free physical = 3176 ; free virtual = 5260
Phase 6 Post Hold Fix | Checksum: 1b2feff58

Time (s): cpu = 00:02:36 ; elapsed = 00:01:22 . Memory (MB): peak = 4161.082 ; gain = 42.723 ; free physical = 3175 ; free virtual = 5260

Phase 7 Route finalize

Router Utilization Summary
  Global Vertical Routing Utilization    = 1.19124 %
  Global Horizontal Routing Utilization  = 0.927744 %
  Routable Net Status*
  *Does not include unroutable nets such as driverless and loadless.
  Run report_route_status for detailed report.
  Number of Failed Nets               = 0
    (Failed Nets is the sum of unrouted and partially routed nets)
  Number of Unrouted Nets             = 0
  Number of Partially Routed Nets     = 0
  Number of Node Overlaps             = 0

Phase 7 Route finalize | Checksum: 14520766a

Time (s): cpu = 00:02:38 ; elapsed = 00:01:23 . Memory (MB): peak = 4161.082 ; gain = 42.723 ; free physical = 3173 ; free virtual = 5257

Phase 8 Verifying routed nets

 Verification completed successfully
Phase 8 Verifying routed nets | Checksum: 14520766a

Time (s): cpu = 00:02:38 ; elapsed = 00:01:23 . Memory (MB): peak = 4161.082 ; gain = 42.723 ; free physical = 3172 ; free virtual = 5256

Phase 9 Depositing Routes
Phase 9 Depositing Routes | Checksum: 14520766a

Time (s): cpu = 00:02:40 ; elapsed = 00:01:24 . Memory (MB): peak = 4161.082 ; gain = 42.723 ; free physical = 3173 ; free virtual = 5257

Phase 10 Post Router Timing
INFO: [Route 35-20] Post Routing Timing Summary | WNS=1.909  | TNS=0.000  | WHS=0.022  | THS=0.000  |

Phase 10 Post Router Timing | Checksum: 1804ed5ea

Time (s): cpu = 00:02:52 ; elapsed = 00:01:26 . Memory (MB): peak = 4161.082 ; gain = 42.723 ; free physical = 3171 ; free virtual = 5255
INFO: [Route 35-61] The design met the timing requirement.
INFO: [Route 35-16] Router Completed Successfully

Time (s): cpu = 00:02:52 ; elapsed = 00:01:26 . Memory (MB): peak = 4161.082 ; gain = 42.723 ; free physical = 3242 ; free virtual = 5326

Routing Is Done.
INFO: [Common 17-83] Releasing license: Implementation
14 Infos, 0 Warnings, 0 Critical Warnings and 0 Errors encountered.
route_design completed successfully
route_design: Time (s): cpu = 00:03:05 ; elapsed = 00:01:30 . Memory (MB): peak = 4161.082 ; gain = 42.723 ; free physical = 3242 ; free virtual = 5326
# source_probe $VIVADO_INPUT "post_route.tcl"
==========================================
>>> Sourcing: post_route.tcl
>>> From: /home/jaguiar/sandbox/Fatori-V/tmp/tcl
==========================================
## puts "FATORI-V: Post-route hook"
FATORI-V: Post-route hook
>>> post_route.tcl complete!
==========================================

# report_clocks
Copyright 1986-2020 Xilinx, Inc. All Rights Reserved.
-----------------------------------------------------------------------------------------
| Tool Version      : Vivado v.2020.2 (lin64) Build 3064766 Wed Nov 18 09:12:47 MST 2020
| Date              : Thu Jan 15 17:35:45 2026
| Host              : sericaia running 64-bit Ubuntu 22.04.5 LTS
| Command           : report_clocks
| Design            : iob_soc_iob_aes_ku040_db_g
| Device            : xcku040-fbva676
| Speed File        : -1  PRODUCTION 1.25 12-04-2018
| Temperature Grade : C
-----------------------------------------------------------------------------------------

Clock Report


Attributes
  P: Propagated
  G: Generated
  A: Auto-derived
  R: Renamed
  V: Virtual
  I: Inverted
  S: Pin phase-shifted with Latency mode

Clock                                                                                       Period(ns)  Waveform(ns)    Attributes  Sources
clk                                                                                         4.000       {0.000 2.000}   P           {c0_sys_clk_clk_p_i}
dbg_hub/inst/BSCANID.u_xsdbm_id/SWITCH_N_EXT_BSCAN.bscan_inst/SERIES7_BSCAN.bscan_inst/TCK  33.000      {0.000 16.500}  P           {dbg_hub/inst/BSCANID.u_xsdbm_id/SWITCH_N_EXT_BSCAN.bscan_inst/SERIES7_BSCAN.bscan_inst/TCK}
clk_out1_clock_wizard                                                                       17.000      {0.000 8.500}   P,G,A       {clk_250_to_100_MHz/clock_wizard_inst/plle3_adv_inst/CLKOUT0}


====================================================
Generated Clocks
====================================================

Generated Clock     : clk_out1_clock_wizard
Master Source       : clk_250_to_100_MHz/clock_wizard_inst/plle3_adv_inst/CLKIN
Master Clock        : clk
Edges               : {1 2 3}
Edge Shifts(ns)     : {0.000 6.500 13.000}
Generated Sources   : {clk_250_to_100_MHz/clock_wizard_inst/plle3_adv_inst/CLKOUT0}



====================================================
User Uncertainty
====================================================



====================================================
User Jitter
====================================================


# report_clock_interaction
INFO: [Timing 38-91] UpdateTimingParams: Speed grade: -1, Temperature grade: C, Delay Type: max.
INFO: [Timing 38-191] Multithreading enabled for timing update using a maximum of 8 CPUs
WARNING: [Timing 38-164] This design has multiple clocks. Inter clock paths are considered valid unless explicitly excluded by timing constraints such as set_clock_groups or set_false_path.
Copyright 1986-2020 Xilinx, Inc. All Rights Reserved.
-----------------------------------------------------------------------------------------
| Tool Version      : Vivado v.2020.2 (lin64) Build 3064766 Wed Nov 18 09:12:47 MST 2020
| Date              : Thu Jan 15 17:35:45 2026
| Host              : sericaia running 64-bit Ubuntu 22.04.5 LTS
| Command           : report_clock_interaction
| Design            : iob_soc_iob_aes_ku040_db_g
| Device            : xcku040-fbva676
| Speed File        : -1  PRODUCTION 1.25 12-04-2018
| Temperature Grade : C
-----------------------------------------------------------------------------------------

Clock Interaction Report

Clock Interaction Table
-----------------------

                                                                                                                                                                                        WNS                            TNS Failing  TNS Total    WNS Path         Clock-Pair           Inter-Clock              
From Clock                                                                                  To Clock                                                                                    Clock Edges  WNS(ns)  TNS(ns)    Endpoints    Endpoints  Requirement(ns)  Classification       Constraints              
------------------------------------------------------------------------------------------  ------------------------------------------------------------------------------------------  -----------  -------  -------  -----------  -----------  ---------------  -------------------  -----------------------  
clk_out1_clock_wizard                                                                       clk_out1_clock_wizard                                                                       rise - rise     1.91     0.00            0        15797            17.00  Clean                Partial False Path       
clk_out1_clock_wizard                                                                       dbg_hub/inst/BSCANID.u_xsdbm_id/SWITCH_N_EXT_BSCAN.bscan_inst/SERIES7_BSCAN.bscan_inst/TCK  rise - rise    15.98     0.00            0          104            17.00  Ignored              Max Delay Datapath Only  
dbg_hub/inst/BSCANID.u_xsdbm_id/SWITCH_N_EXT_BSCAN.bscan_inst/SERIES7_BSCAN.bscan_inst/TCK  clk_out1_clock_wizard                                                                       rise - rise    31.87     0.00            0           88            33.00  Ignored              Max Delay Datapath Only  
dbg_hub/inst/BSCANID.u_xsdbm_id/SWITCH_N_EXT_BSCAN.bscan_inst/SERIES7_BSCAN.bscan_inst/TCK  dbg_hub/inst/BSCANID.u_xsdbm_id/SWITCH_N_EXT_BSCAN.bscan_inst/SERIES7_BSCAN.bscan_inst/TCK  rise - rise    29.43     0.00            0         1078            33.00  Clean                Timed                    


# report_cdc -details
INFO: [Timing 38-91] UpdateTimingParams: No interconnect No Cell Dly, Speed grade: -1, Temperature grade: C, Delay Type: max.
INFO: [Timing 38-191] Multithreading enabled for timing update using a maximum of 8 CPUs
INFO: [Timing 38-314] The report_cdc command only analyzes and reports clock domain crossing paths where clocks have been defined on both source and destination sides. Ports with no input delay constraint are skipped. Please run check_timing to verify there are no missing clock definitions in your design, nor any unconstrained input port.
Copyright 1986-2020 Xilinx, Inc. All Rights Reserved.
-----------------------------------------------------------------------------------------
| Tool Version      : Vivado v.2020.2 (lin64) Build 3064766 Wed Nov 18 09:12:47 MST 2020
| Date              : Thu Jan 15 17:35:45 2026
| Host              : sericaia running 64-bit Ubuntu 22.04.5 LTS
| Command           : report_cdc -details
| Design            : iob_soc_iob_aes_ku040_db_g
| Device            : xcku040-fbva676
| Speed File        : -1  PRODUCTION 1.25 12-04-2018
| Temperature Grade : C
-----------------------------------------------------------------------------------------

CDC Report

ID     Severity  Count  Description
-----  --------  -----  -------------------------------------------------------
CDC-3  Info          9  1-bit synchronized with ASYNC_REG property
CDC-9  Info          2  Asynchronous reset synchronized with ASYNC_REG property

Source Clock: dbg_hub/inst/BSCANID.u_xsdbm_id/SWITCH_N_EXT_BSCAN.bscan_inst/SERIES7_BSCAN.bscan_inst/TCK
Destination Clock: clk_out1_clock_wizard
CDC Type: No Common Primary Clock

Row  ID     Severity  Description                                              Depth  Exception   Source (From)                                                                                            Destination (To)
---  -----  --------  -------------------------------------------------------  -----  ----------  -------------------------------------------------------------------------------------------------------  -------------------------------------------------------------------------------------------------------------------------------------------------------------------------------------------------------------------
  1  CDC-3  Info      1-bit synchronized with ASYNC_REG property                   2  False Path  dbg_hub/inst/BSCANID.u_xsdbm_id/CORE_XSDB.UUT_MASTER/U_ICON_INTERFACE/U_CMD1/icn_cmd_en_temp_reg/C       dbg_hub/inst/BSCANID.u_xsdbm_id/CORE_XSDB.UUT_MASTER/U_ICON_INTERFACE/U_CMD1/ctl_reg_en_1_reg[0]/D
  2  CDC-3  Info      1-bit synchronized with ASYNC_REG property                   2  False Path  dbg_hub/inst/BSCANID.u_xsdbm_id/CORE_XSDB.UUT_MASTER/U_ICON_INTERFACE/U_CMD2/icn_cmd_en_temp_reg/C       dbg_hub/inst/BSCANID.u_xsdbm_id/CORE_XSDB.UUT_MASTER/U_ICON_INTERFACE/U_CMD2/stat_reg_ld_reg[0]/D
  3  CDC-3  Info      1-bit synchronized with ASYNC_REG property                   2  False Path  dbg_hub/inst/BSCANID.u_xsdbm_id/CORE_XSDB.UUT_MASTER/U_ICON_INTERFACE/U_CMD3/icn_cmd_en_temp_reg/C       dbg_hub/inst/BSCANID.u_xsdbm_id/CORE_XSDB.UUT_MASTER/U_ICON_INTERFACE/U_CMD3/stat_reg_ld_reg[0]/D
  4  CDC-3  Info      1-bit synchronized with ASYNC_REG property                   2  False Path  dbg_hub/inst/BSCANID.u_xsdbm_id/CORE_XSDB.UUT_MASTER/U_ICON_INTERFACE/U_CMD4/icn_cmd_en_temp_reg/C       dbg_hub/inst/BSCANID.u_xsdbm_id/CORE_XSDB.UUT_MASTER/U_ICON_INTERFACE/U_CMD4/ctl_reg_en_1_reg[0]/D
  5  CDC-3  Info      1-bit synchronized with ASYNC_REG property                   2  False Path  dbg_hub/inst/BSCANID.u_xsdbm_id/CORE_XSDB.UUT_MASTER/U_ICON_INTERFACE/U_CMD5/icn_cmd_en_temp_reg/C       dbg_hub/inst/BSCANID.u_xsdbm_id/CORE_XSDB.UUT_MASTER/U_ICON_INTERFACE/U_CMD5/ctl_reg_en_1_reg[0]/D
  6  CDC-9  Info      Asynchronous reset synchronized with ASYNC_REG property      2  False Path  dbg_hub/inst/BSCANID.u_xsdbm_id/CORE_XSDB.UUT_MASTER/U_ICON_INTERFACE/wrdata_rst_reg/C                   dbg_hub/inst/BSCANID.u_xsdbm_id/CORE_XSDB.UUT_MASTER/U_ICON_INTERFACE/U_CMD6_WR/U_WR_FIFO/SUBCORE_FIFO.xsdbm_v3_0_0_wrfifo_inst/inst_fifo_gen/gconvfifo.rf/grf.rf/rstblk/ngwrdrst.grst.g7serrst.rst_rd_reg1_reg/PRE
  7  CDC-3  Info      1-bit synchronized with ASYNC_REG property                   2  False Path  dbg_hub/inst/BSCANID.u_xsdbm_id/CORE_XSDB.UUT_MASTER/U_ICON_INTERFACE/U_CMD7_CTL/icn_cmd_en_temp_reg/C   dbg_hub/inst/BSCANID.u_xsdbm_id/CORE_XSDB.UUT_MASTER/U_ICON_INTERFACE/U_CMD7_CTL/ctl_reg_en_1_reg[0]/D
  8  CDC-3  Info      1-bit synchronized with ASYNC_REG property                   2  False Path  dbg_hub/inst/BSCANID.u_xsdbm_id/CORE_XSDB.UUT_MASTER/U_ICON_INTERFACE/U_CMD7_STAT/icn_cmd_en_temp_reg/C  dbg_hub/inst/BSCANID.u_xsdbm_id/CORE_XSDB.UUT_MASTER/U_ICON_INTERFACE/U_CMD7_STAT/stat_reg_ld_reg[0]/D
  9  CDC-3  Info      1-bit synchronized with ASYNC_REG property                   2  False Path  dbg_hub/inst/BSCANID.u_xsdbm_id/CORE_XSDB.UUT_MASTER/U_ICON_INTERFACE/icn_cmd_en_reg[5]/C                dbg_hub/inst/BSCANID.u_xsdbm_id/CORE_XSDB.UUT_MASTER/U_ICON_INTERFACE/icn_cmd_en_5_temp_reg/D

Source Clock: clk_out1_clock_wizard
Destination Clock: dbg_hub/inst/BSCANID.u_xsdbm_id/SWITCH_N_EXT_BSCAN.bscan_inst/SERIES7_BSCAN.bscan_inst/TCK
CDC Type: No Common Primary Clock

Row  ID     Severity  Description                                              Depth  Exception   Source (From)                                                                                  Destination (To)
---  -----  --------  -------------------------------------------------------  -----  ----------  ---------------------------------------------------------------------------------------------  -------------------------------------------------------------------------------------------------------------------------------------------------------------------------------------------------------------------
  1  CDC-9  Info      Asynchronous reset synchronized with ASYNC_REG property      2  False Path  dbg_hub/inst/BSCANID.u_xsdbm_id/CORE_XSDB.UUT_MASTER/U_ICON_INTERFACE/rddata_rst_reg/C         dbg_hub/inst/BSCANID.u_xsdbm_id/CORE_XSDB.UUT_MASTER/U_ICON_INTERFACE/U_CMD6_RD/U_RD_FIFO/SUBCORE_FIFO.xsdbm_v3_0_0_rdfifo_inst/inst_fifo_gen/gconvfifo.rf/grf.rf/rstblk/ngwrdrst.grst.g7serrst.rst_rd_reg1_reg/PRE
  2  CDC-3  Info      1-bit synchronized with ASYNC_REG property                   2  False Path  dbg_hub/inst/BSCANID.u_xsdbm_id/CORE_XSDB.UUT_MASTER/U_ICON_INTERFACE/U_CMD1/ctl_reg_reg[0]/C  dbg_hub/inst/BSCANID.u_xsdbm_id/CORE_XSDB.UUT_MASTER/U_ICON_INTERFACE/ma_rst_1_reg/D

# report_bus_skew
INFO: [Timing 38-91] UpdateTimingParams: Speed grade: -1, Temperature grade: C, Delay Type: min_max.
INFO: [Timing 38-191] Multithreading enabled for timing update using a maximum of 8 CPUs
Copyright 1986-2020 Xilinx, Inc. All Rights Reserved.
-----------------------------------------------------------------------------------------
| Tool Version      : Vivado v.2020.2 (lin64) Build 3064766 Wed Nov 18 09:12:47 MST 2020
| Date              : Thu Jan 15 17:35:47 2026
| Host              : sericaia running 64-bit Ubuntu 22.04.5 LTS
| Command           : report_bus_skew
| Design            : iob_soc_iob_aes_ku040_db_g
| Device            : xcku040-fbva676
| Speed File        : -1  PRODUCTION 1.25 12-04-2018
| Temperature Grade : C
-----------------------------------------------------------------------------------------

Bus Skew Report

Table of Contents
-----------------
1. Bus Skew Report Summary
2. Bus Skew Report Per Constraint

1. Bus Skew Report Summary
--------------------------

Id  Position  From                            To                              Corner  Requirement(ns)  Actual(ns)  Slack(ns)
--  --------  ------------------------------  ------------------------------  ------  ---------------  ----------  ---------
1   19        [get_cells [list {dbg_hub/inst/BSCANID.u_xsdbm_id/CORE_XSDB.UUT_MASTER/U_ICON_INTERFACE/U_CMD6_RD/U_RD_FIFO/SUBCORE_FIFO.xsdbm_v3_0_0_rdfifo_inst/inst_fifo_gen/gconvfifo.rf/grf.rf/gntv_or_sync_fifo.gcx.clkx/gnxpm_cdc.rd_pntr_gc_reg[0]} {dbg_hub/inst/BSCANID.u_xsdbm_id/CORE_XSDB.UUT_MASTER/U_ICON_INTERFACE/U_CMD6_RD/U_RD_FIFO/SUBCORE_FIFO.xsdbm_v3_0_0_rdfifo_inst/inst_fifo_gen/gconvfifo.rf/grf.rf/gntv_or_sync_fifo.gcx.clkx/gnxpm_cdc.rd_pntr_gc_reg[1]} {dbg_hub/inst/BSCANID.u_xsdbm_id/CORE_XSDB.UUT_MASTER/U_ICON_INTERFACE/U_CMD6_RD/U_RD_FIFO/SUBCORE_FIFO.xsdbm_v3_0_0_rdfifo_inst/inst_fifo_gen/gconvfifo.rf/grf.rf/gntv_or_sync_fifo.gcx.clkx/gnxpm_cdc.rd_pntr_gc_reg[2]} {dbg_hub/inst/BSCANID.u_xsdbm_id/CORE_XSDB.UUT_MASTER/U_ICON_INTERFACE/U_CMD6_RD/U_RD_FIFO/SUBCORE_FIFO.xsdbm_v3_0_0_rdfifo_inst/inst_fifo_gen/gconvfifo.rf/grf.rf/gntv_or_sync_fifo.gcx.clkx/gnxpm_cdc.rd_pntr_gc_reg[3]}]]
                                              [get_cells [list {dbg_hub/inst/BSCANID.u_xsdbm_id/CORE_XSDB.UUT_MASTER/U_ICON_INTERFACE/U_CMD6_RD/U_RD_FIFO/SUBCORE_FIFO.xsdbm_v3_0_0_rdfifo_inst/inst_fifo_gen/gconvfifo.rf/grf.rf/gntv_or_sync_fifo.gcx.clkx/gnxpm_cdc.gsync_stage[1].wr_stg_inst/Q_reg_reg[0]} {dbg_hub/inst/BSCANID.u_xsdbm_id/CORE_XSDB.UUT_MASTER/U_ICON_INTERFACE/U_CMD6_RD/U_RD_FIFO/SUBCORE_FIFO.xsdbm_v3_0_0_rdfifo_inst/inst_fifo_gen/gconvfifo.rf/grf.rf/gntv_or_sync_fifo.gcx.clkx/gnxpm_cdc.gsync_stage[1].wr_stg_inst/Q_reg_reg[1]} {dbg_hub/inst/BSCANID.u_xsdbm_id/CORE_XSDB.UUT_MASTER/U_ICON_INTERFACE/U_CMD6_RD/U_RD_FIFO/SUBCORE_FIFO.xsdbm_v3_0_0_rdfifo_inst/inst_fifo_gen/gconvfifo.rf/grf.rf/gntv_or_sync_fifo.gcx.clkx/gnxpm_cdc.gsync_stage[1].wr_stg_inst/Q_reg_reg[2]} {dbg_hub/inst/BSCANID.u_xsdbm_id/CORE_XSDB.UUT_MASTER/U_ICON_INTERFACE/U_CMD6_RD/U_RD_FIFO/SUBCORE_FIFO.xsdbm_v3_0_0_rdfifo_inst/inst_fifo_gen/gconvfifo.rf/grf.rf/gntv_or_sync_fifo.gcx.clkx/gnxpm_cdc.gsync_stage[1].wr_stg_inst/Q_reg_reg[3]}]]
                                                                              Slow             17.000       1.007     15.993
2   21        [get_cells [list {dbg_hub/inst/BSCANID.u_xsdbm_id/CORE_XSDB.UUT_MASTER/U_ICON_INTERFACE/U_CMD6_RD/U_RD_FIFO/SUBCORE_FIFO.xsdbm_v3_0_0_rdfifo_inst/inst_fifo_gen/gconvfifo.rf/grf.rf/gntv_or_sync_fifo.gcx.clkx/gnxpm_cdc.wr_pntr_gc_reg[0]} {dbg_hub/inst/BSCANID.u_xsdbm_id/CORE_XSDB.UUT_MASTER/U_ICON_INTERFACE/U_CMD6_RD/U_RD_FIFO/SUBCORE_FIFO.xsdbm_v3_0_0_rdfifo_inst/inst_fifo_gen/gconvfifo.rf/grf.rf/gntv_or_sync_fifo.gcx.clkx/gnxpm_cdc.wr_pntr_gc_reg[1]} {dbg_hub/inst/BSCANID.u_xsdbm_id/CORE_XSDB.UUT_MASTER/U_ICON_INTERFACE/U_CMD6_RD/U_RD_FIFO/SUBCORE_FIFO.xsdbm_v3_0_0_rdfifo_inst/inst_fifo_gen/gconvfifo.rf/grf.rf/gntv_or_sync_fifo.gcx.clkx/gnxpm_cdc.wr_pntr_gc_reg[2]} {dbg_hub/inst/BSCANID.u_xsdbm_id/CORE_XSDB.UUT_MASTER/U_ICON_INTERFACE/U_CMD6_RD/U_RD_FIFO/SUBCORE_FIFO.xsdbm_v3_0_0_rdfifo_inst/inst_fifo_gen/gconvfifo.rf/grf.rf/gntv_or_sync_fifo.gcx.clkx/gnxpm_cdc.wr_pntr_gc_reg[3]}]]
                                              [get_cells [list {dbg_hub/inst/BSCANID.u_xsdbm_id/CORE_XSDB.UUT_MASTER/U_ICON_INTERFACE/U_CMD6_RD/U_RD_FIFO/SUBCORE_FIFO.xsdbm_v3_0_0_rdfifo_inst/inst_fifo_gen/gconvfifo.rf/grf.rf/gntv_or_sync_fifo.gcx.clkx/gnxpm_cdc.gsync_stage[1].rd_stg_inst/Q_reg_reg[0]} {dbg_hub/inst/BSCANID.u_xsdbm_id/CORE_XSDB.UUT_MASTER/U_ICON_INTERFACE/U_CMD6_RD/U_RD_FIFO/SUBCORE_FIFO.xsdbm_v3_0_0_rdfifo_inst/inst_fifo_gen/gconvfifo.rf/grf.rf/gntv_or_sync_fifo.gcx.clkx/gnxpm_cdc.gsync_stage[1].rd_stg_inst/Q_reg_reg[1]} {dbg_hub/inst/BSCANID.u_xsdbm_id/CORE_XSDB.UUT_MASTER/U_ICON_INTERFACE/U_CMD6_RD/U_RD_FIFO/SUBCORE_FIFO.xsdbm_v3_0_0_rdfifo_inst/inst_fifo_gen/gconvfifo.rf/grf.rf/gntv_or_sync_fifo.gcx.clkx/gnxpm_cdc.gsync_stage[1].rd_stg_inst/Q_reg_reg[2]} {dbg_hub/inst/BSCANID.u_xsdbm_id/CORE_XSDB.UUT_MASTER/U_ICON_INTERFACE/U_CMD6_RD/U_RD_FIFO/SUBCORE_FIFO.xsdbm_v3_0_0_rdfifo_inst/inst_fifo_gen/gconvfifo.rf/grf.rf/gntv_or_sync_fifo.gcx.clkx/gnxpm_cdc.gsync_stage[1].rd_stg_inst/Q_reg_reg[3]}]]
                                                                              Slow             17.000       0.867     16.133
3   24        [get_cells [list {dbg_hub/inst/BSCANID.u_xsdbm_id/CORE_XSDB.UUT_MASTER/U_ICON_INTERFACE/U_CMD6_WR/U_WR_FIFO/SUBCORE_FIFO.xsdbm_v3_0_0_wrfifo_inst/inst_fifo_gen/gconvfifo.rf/grf.rf/gntv_or_sync_fifo.gcx.clkx/gnxpm_cdc.rd_pntr_gc_reg[0]} {dbg_hub/inst/BSCANID.u_xsdbm_id/CORE_XSDB.UUT_MASTER/U_ICON_INTERFACE/U_CMD6_WR/U_WR_FIFO/SUBCORE_FIFO.xsdbm_v3_0_0_wrfifo_inst/inst_fifo_gen/gconvfifo.rf/grf.rf/gntv_or_sync_fifo.gcx.clkx/gnxpm_cdc.rd_pntr_gc_reg[1]} {dbg_hub/inst/BSCANID.u_xsdbm_id/CORE_XSDB.UUT_MASTER/U_ICON_INTERFACE/U_CMD6_WR/U_WR_FIFO/SUBCORE_FIFO.xsdbm_v3_0_0_wrfifo_inst/inst_fifo_gen/gconvfifo.rf/grf.rf/gntv_or_sync_fifo.gcx.clkx/gnxpm_cdc.rd_pntr_gc_reg[2]} {dbg_hub/inst/BSCANID.u_xsdbm_id/CORE_XSDB.UUT_MASTER/U_ICON_INTERFACE/U_CMD6_WR/U_WR_FIFO/SUBCORE_FIFO.xsdbm_v3_0_0_wrfifo_inst/inst_fifo_gen/gconvfifo.rf/grf.rf/gntv_or_sync_fifo.gcx.clkx/gnxpm_cdc.rd_pntr_gc_reg[3]}]]
                                              [get_cells [list {dbg_hub/inst/BSCANID.u_xsdbm_id/CORE_XSDB.UUT_MASTER/U_ICON_INTERFACE/U_CMD6_WR/U_WR_FIFO/SUBCORE_FIFO.xsdbm_v3_0_0_wrfifo_inst/inst_fifo_gen/gconvfifo.rf/grf.rf/gntv_or_sync_fifo.gcx.clkx/gnxpm_cdc.gsync_stage[1].wr_stg_inst/Q_reg_reg[0]} {dbg_hub/inst/BSCANID.u_xsdbm_id/CORE_XSDB.UUT_MASTER/U_ICON_INTERFACE/U_CMD6_WR/U_WR_FIFO/SUBCORE_FIFO.xsdbm_v3_0_0_wrfifo_inst/inst_fifo_gen/gconvfifo.rf/grf.rf/gntv_or_sync_fifo.gcx.clkx/gnxpm_cdc.gsync_stage[1].wr_stg_inst/Q_reg_reg[1]} {dbg_hub/inst/BSCANID.u_xsdbm_id/CORE_XSDB.UUT_MASTER/U_ICON_INTERFACE/U_CMD6_WR/U_WR_FIFO/SUBCORE_FIFO.xsdbm_v3_0_0_wrfifo_inst/inst_fifo_gen/gconvfifo.rf/grf.rf/gntv_or_sync_fifo.gcx.clkx/gnxpm_cdc.gsync_stage[1].wr_stg_inst/Q_reg_reg[2]} {dbg_hub/inst/BSCANID.u_xsdbm_id/CORE_XSDB.UUT_MASTER/U_ICON_INTERFACE/U_CMD6_WR/U_WR_FIFO/SUBCORE_FIFO.xsdbm_v3_0_0_wrfifo_inst/inst_fifo_gen/gconvfifo.rf/grf.rf/gntv_or_sync_fifo.gcx.clkx/gnxpm_cdc.gsync_stage[1].wr_stg_inst/Q_reg_reg[3]}]]
                                                                              Slow             17.000       0.966     16.034
4   26        [get_cells [list {dbg_hub/inst/BSCANID.u_xsdbm_id/CORE_XSDB.UUT_MASTER/U_ICON_INTERFACE/U_CMD6_WR/U_WR_FIFO/SUBCORE_FIFO.xsdbm_v3_0_0_wrfifo_inst/inst_fifo_gen/gconvfifo.rf/grf.rf/gntv_or_sync_fifo.gcx.clkx/gnxpm_cdc.wr_pntr_gc_reg[0]} {dbg_hub/inst/BSCANID.u_xsdbm_id/CORE_XSDB.UUT_MASTER/U_ICON_INTERFACE/U_CMD6_WR/U_WR_FIFO/SUBCORE_FIFO.xsdbm_v3_0_0_wrfifo_inst/inst_fifo_gen/gconvfifo.rf/grf.rf/gntv_or_sync_fifo.gcx.clkx/gnxpm_cdc.wr_pntr_gc_reg[1]} {dbg_hub/inst/BSCANID.u_xsdbm_id/CORE_XSDB.UUT_MASTER/U_ICON_INTERFACE/U_CMD6_WR/U_WR_FIFO/SUBCORE_FIFO.xsdbm_v3_0_0_wrfifo_inst/inst_fifo_gen/gconvfifo.rf/grf.rf/gntv_or_sync_fifo.gcx.clkx/gnxpm_cdc.wr_pntr_gc_reg[2]} {dbg_hub/inst/BSCANID.u_xsdbm_id/CORE_XSDB.UUT_MASTER/U_ICON_INTERFACE/U_CMD6_WR/U_WR_FIFO/SUBCORE_FIFO.xsdbm_v3_0_0_wrfifo_inst/inst_fifo_gen/gconvfifo.rf/grf.rf/gntv_or_sync_fifo.gcx.clkx/gnxpm_cdc.wr_pntr_gc_reg[3]}]]
                                              [get_cells [list {dbg_hub/inst/BSCANID.u_xsdbm_id/CORE_XSDB.UUT_MASTER/U_ICON_INTERFACE/U_CMD6_WR/U_WR_FIFO/SUBCORE_FIFO.xsdbm_v3_0_0_wrfifo_inst/inst_fifo_gen/gconvfifo.rf/grf.rf/gntv_or_sync_fifo.gcx.clkx/gnxpm_cdc.gsync_stage[1].rd_stg_inst/Q_reg_reg[0]} {dbg_hub/inst/BSCANID.u_xsdbm_id/CORE_XSDB.UUT_MASTER/U_ICON_INTERFACE/U_CMD6_WR/U_WR_FIFO/SUBCORE_FIFO.xsdbm_v3_0_0_wrfifo_inst/inst_fifo_gen/gconvfifo.rf/grf.rf/gntv_or_sync_fifo.gcx.clkx/gnxpm_cdc.gsync_stage[1].rd_stg_inst/Q_reg_reg[1]} {dbg_hub/inst/BSCANID.u_xsdbm_id/CORE_XSDB.UUT_MASTER/U_ICON_INTERFACE/U_CMD6_WR/U_WR_FIFO/SUBCORE_FIFO.xsdbm_v3_0_0_wrfifo_inst/inst_fifo_gen/gconvfifo.rf/grf.rf/gntv_or_sync_fifo.gcx.clkx/gnxpm_cdc.gsync_stage[1].rd_stg_inst/Q_reg_reg[2]} {dbg_hub/inst/BSCANID.u_xsdbm_id/CORE_XSDB.UUT_MASTER/U_ICON_INTERFACE/U_CMD6_WR/U_WR_FIFO/SUBCORE_FIFO.xsdbm_v3_0_0_wrfifo_inst/inst_fifo_gen/gconvfifo.rf/grf.rf/gntv_or_sync_fifo.gcx.clkx/gnxpm_cdc.gsync_stage[1].rd_stg_inst/Q_reg_reg[3]}]]
                                                                              Slow             17.000       0.684     16.316


2. Bus Skew Report Per Constraint
---------------------------------

Id: 1
set_bus_skew -from [get_cells [list {dbg_hub/inst/BSCANID.u_xsdbm_id/CORE_XSDB.UUT_MASTER/U_ICON_INTERFACE/U_CMD6_RD/U_RD_FIFO/SUBCORE_FIFO.xsdbm_v3_0_0_rdfifo_inst/inst_fifo_gen/gconvfifo.rf/grf.rf/gntv_or_sync_fifo.gcx.clkx/gnxpm_cdc.rd_pntr_gc_reg[0]} {dbg_hub/inst/BSCANID.u_xsdbm_id/CORE_XSDB.UUT_MASTER/U_ICON_INTERFACE/U_CMD6_RD/U_RD_FIFO/SUBCORE_FIFO.xsdbm_v3_0_0_rdfifo_inst/inst_fifo_gen/gconvfifo.rf/grf.rf/gntv_or_sync_fifo.gcx.clkx/gnxpm_cdc.rd_pntr_gc_reg[1]} {dbg_hub/inst/BSCANID.u_xsdbm_id/CORE_XSDB.UUT_MASTER/U_ICON_INTERFACE/U_CMD6_RD/U_RD_FIFO/SUBCORE_FIFO.xsdbm_v3_0_0_rdfifo_inst/inst_fifo_gen/gconvfifo.rf/grf.rf/gntv_or_sync_fifo.gcx.clkx/gnxpm_cdc.rd_pntr_gc_reg[2]} {dbg_hub/inst/BSCANID.u_xsdbm_id/CORE_XSDB.UUT_MASTER/U_ICON_INTERFACE/U_CMD6_RD/U_RD_FIFO/SUBCORE_FIFO.xsdbm_v3_0_0_rdfifo_inst/inst_fifo_gen/gconvfifo.rf/grf.rf/gntv_or_sync_fifo.gcx.clkx/gnxpm_cdc.rd_pntr_gc_reg[3]}]] -to [get_cells [list {dbg_hub/inst/BSCANID.u_xsdbm_id/CORE_XSDB.UUT_MASTER/U_ICON_INTERFACE/U_CMD6_RD/U_RD_FIFO/SUBCORE_FIFO.xsdbm_v3_0_0_rdfifo_inst/inst_fifo_gen/gconvfifo.rf/grf.rf/gntv_or_sync_fifo.gcx.clkx/gnxpm_cdc.gsync_stage[1].wr_stg_inst/Q_reg_reg[0]} {dbg_hub/inst/BSCANID.u_xsdbm_id/CORE_XSDB.UUT_MASTER/U_ICON_INTERFACE/U_CMD6_RD/U_RD_FIFO/SUBCORE_FIFO.xsdbm_v3_0_0_rdfifo_inst/inst_fifo_gen/gconvfifo.rf/grf.rf/gntv_or_sync_fifo.gcx.clkx/gnxpm_cdc.gsync_stage[1].wr_stg_inst/Q_reg_reg[1]} {dbg_hub/inst/BSCANID.u_xsdbm_id/CORE_XSDB.UUT_MASTER/U_ICON_INTERFACE/U_CMD6_RD/U_RD_FIFO/SUBCORE_FIFO.xsdbm_v3_0_0_rdfifo_inst/inst_fifo_gen/gconvfifo.rf/grf.rf/gntv_or_sync_fifo.gcx.clkx/gnxpm_cdc.gsync_stage[1].wr_stg_inst/Q_reg_reg[2]} {dbg_hub/inst/BSCANID.u_xsdbm_id/CORE_XSDB.UUT_MASTER/U_ICON_INTERFACE/U_CMD6_RD/U_RD_FIFO/SUBCORE_FIFO.xsdbm_v3_0_0_rdfifo_inst/inst_fifo_gen/gconvfifo.rf/grf.rf/gntv_or_sync_fifo.gcx.clkx/gnxpm_cdc.gsync_stage[1].wr_stg_inst/Q_reg_reg[3]}]] 17.000
Requirement: 17.000ns
Endpoints: 4

From Clock            To Clock              Endpoint Pin                    Reference Pin                   Corner  Actual(ns)  Slack(ns)
--------------------  --------------------  ------------------------------  ------------------------------  ------  ----------  ---------
dbg_hub/inst/BSCANID.u_xsdbm_id/SWITCH_N_EXT_BSCAN.bscan_inst/SERIES7_BSCAN.bscan_inst/TCK
                      clk_out1_clock_wizard
                                            dbg_hub/inst/BSCANID.u_xsdbm_id/CORE_XSDB.UUT_MASTER/U_ICON_INTERFACE/U_CMD6_RD/U_RD_FIFO/SUBCORE_FIFO.xsdbm_v3_0_0_rdfifo_inst/inst_fifo_gen/gconvfifo.rf/grf.rf/gntv_or_sync_fifo.gcx.clkx/gnxpm_cdc.gsync_stage[1].wr_stg_inst/Q_reg_reg[2]/D
                                                                            dbg_hub/inst/BSCANID.u_xsdbm_id/CORE_XSDB.UUT_MASTER/U_ICON_INTERFACE/U_CMD6_RD/U_RD_FIFO/SUBCORE_FIFO.xsdbm_v3_0_0_rdfifo_inst/inst_fifo_gen/gconvfifo.rf/grf.rf/gntv_or_sync_fifo.gcx.clkx/gnxpm_cdc.gsync_stage[1].wr_stg_inst/Q_reg_reg[3]/D
                                                                                                            Slow         1.007     15.993


Slack (MET) :             15.993ns  (requirement - actual skew)
  Endpoint Source:        dbg_hub/inst/BSCANID.u_xsdbm_id/CORE_XSDB.UUT_MASTER/U_ICON_INTERFACE/U_CMD6_RD/U_RD_FIFO/SUBCORE_FIFO.xsdbm_v3_0_0_rdfifo_inst/inst_fifo_gen/gconvfifo.rf/grf.rf/gntv_or_sync_fifo.gcx.clkx/gnxpm_cdc.rd_pntr_gc_reg[2]/C
                            (rising edge-triggered cell FDCE clocked by dbg_hub/inst/BSCANID.u_xsdbm_id/SWITCH_N_EXT_BSCAN.bscan_inst/SERIES7_BSCAN.bscan_inst/TCK)
  Endpoint Destination:   dbg_hub/inst/BSCANID.u_xsdbm_id/CORE_XSDB.UUT_MASTER/U_ICON_INTERFACE/U_CMD6_RD/U_RD_FIFO/SUBCORE_FIFO.xsdbm_v3_0_0_rdfifo_inst/inst_fifo_gen/gconvfifo.rf/grf.rf/gntv_or_sync_fifo.gcx.clkx/gnxpm_cdc.gsync_stage[1].wr_stg_inst/Q_reg_reg[2]/D
                            (rising edge-triggered cell FDCE clocked by clk_out1_clock_wizard)
  Reference Source:       dbg_hub/inst/BSCANID.u_xsdbm_id/CORE_XSDB.UUT_MASTER/U_ICON_INTERFACE/U_CMD6_RD/U_RD_FIFO/SUBCORE_FIFO.xsdbm_v3_0_0_rdfifo_inst/inst_fifo_gen/gconvfifo.rf/grf.rf/gntv_or_sync_fifo.gcx.clkx/gnxpm_cdc.rd_pntr_gc_reg[3]/C
                            (rising edge-triggered cell FDCE clocked by dbg_hub/inst/BSCANID.u_xsdbm_id/SWITCH_N_EXT_BSCAN.bscan_inst/SERIES7_BSCAN.bscan_inst/TCK)
  Reference Destination:  dbg_hub/inst/BSCANID.u_xsdbm_id/CORE_XSDB.UUT_MASTER/U_ICON_INTERFACE/U_CMD6_RD/U_RD_FIFO/SUBCORE_FIFO.xsdbm_v3_0_0_rdfifo_inst/inst_fifo_gen/gconvfifo.rf/grf.rf/gntv_or_sync_fifo.gcx.clkx/gnxpm_cdc.gsync_stage[1].wr_stg_inst/Q_reg_reg[3]/D
                            (rising edge-triggered cell FDCE clocked by clk_out1_clock_wizard)
  Path Type:              Bus Skew (Max at Slow Process Corner)
  Requirement:            17.000ns
  Endpoint Relative Delay:    1.334ns
  Reference Relative Delay:  -0.701ns
  Relative CRPR:              1.183ns
  Uncertainty:                0.155ns
  Actual Bus Skew:            1.007ns  (Endpoint Relative Delay - Reference Relative Delay - Relative CRPR + Uncertainty)

Endpoint path:
    Location             Delay type                Incr(ns)  Path(ns)    Netlist Resource(s)
  -------------------------------------------------------------------    -------------------
                         (clock dbg_hub/inst/BSCANID.u_xsdbm_id/SWITCH_N_EXT_BSCAN.bscan_inst/SERIES7_BSCAN.bscan_inst/TCK rise edge)
                                                      0.000     0.000 r  
    CONFIG_SITE_X0Y0     BSCANE2                      0.000     0.000 r  dbg_hub/inst/BSCANID.u_xsdbm_id/SWITCH_N_EXT_BSCAN.bscan_inst/SERIES7_BSCAN.bscan_inst/TCK
                         net (fo=1, routed)           2.721     2.721    dbg_hub/inst/BSCANID.u_xsdbm_id/tck_bs
    BUFGCE_X1Y0          BUFGCE (Prop_BUFCE_BUFGCE_I_O)
                                                      0.101     2.822 r  dbg_hub/inst/BSCANID.u_xsdbm_id/SWITCH_N_EXT_BSCAN.u_bufg_icon_tck/O
    X3Y0 (CLOCK_ROOT)    net (fo=498, routed)         2.366     5.188    dbg_hub/inst/BSCANID.u_xsdbm_id/CORE_XSDB.UUT_MASTER/U_ICON_INTERFACE/U_CMD6_RD/U_RD_FIFO/SUBCORE_FIFO.xsdbm_v3_0_0_rdfifo_inst/inst_fifo_gen/gconvfifo.rf/grf.rf/gntv_or_sync_fifo.gcx.clkx/rd_clk
    SLICE_X88Y60         FDCE                                         r  dbg_hub/inst/BSCANID.u_xsdbm_id/CORE_XSDB.UUT_MASTER/U_ICON_INTERFACE/U_CMD6_RD/U_RD_FIFO/SUBCORE_FIFO.xsdbm_v3_0_0_rdfifo_inst/inst_fifo_gen/gconvfifo.rf/grf.rf/gntv_or_sync_fifo.gcx.clkx/gnxpm_cdc.rd_pntr_gc_reg[2]/C
  -------------------------------------------------------------------    -------------------
    SLICE_X88Y60         FDCE (Prop_EFF_SLICEL_C_Q)
                                                      0.139     5.327 r  dbg_hub/inst/BSCANID.u_xsdbm_id/CORE_XSDB.UUT_MASTER/U_ICON_INTERFACE/U_CMD6_RD/U_RD_FIFO/SUBCORE_FIFO.xsdbm_v3_0_0_rdfifo_inst/inst_fifo_gen/gconvfifo.rf/grf.rf/gntv_or_sync_fifo.gcx.clkx/gnxpm_cdc.rd_pntr_gc_reg[2]/Q
                         net (fo=1, routed)           1.056     6.383    dbg_hub/inst/BSCANID.u_xsdbm_id/CORE_XSDB.UUT_MASTER/U_ICON_INTERFACE/U_CMD6_RD/U_RD_FIFO/SUBCORE_FIFO.xsdbm_v3_0_0_rdfifo_inst/inst_fifo_gen/gconvfifo.rf/grf.rf/gntv_or_sync_fifo.gcx.clkx/gnxpm_cdc.gsync_stage[1].wr_stg_inst/Q[2]
    SLICE_X88Y60         FDCE                                         r  dbg_hub/inst/BSCANID.u_xsdbm_id/CORE_XSDB.UUT_MASTER/U_ICON_INTERFACE/U_CMD6_RD/U_RD_FIFO/SUBCORE_FIFO.xsdbm_v3_0_0_rdfifo_inst/inst_fifo_gen/gconvfifo.rf/grf.rf/gntv_or_sync_fifo.gcx.clkx/gnxpm_cdc.gsync_stage[1].wr_stg_inst/Q_reg_reg[2]/D
  -------------------------------------------------------------------    -------------------

                         (clock clk_out1_clock_wizard rise edge)
                                                      0.000     0.000 r  
    H22                                               0.000     0.000 r  c0_sys_clk_clk_p_i (IN)
                         net (fo=0)                   0.000     0.000    clk_250_to_100_MHz/clock_wizard_inst/clkin1_ibufds/I
    HPIOBDIFFINBUF_X0Y36 DIFFINBUF (Prop_DIFFINBUF_HPIOBDIFFINBUF_DIFF_IN_P_O)
                                                      0.374     0.374 r  clk_250_to_100_MHz/clock_wizard_inst/clkin1_ibufds/DIFFINBUF_INST/O
                         net (fo=1, routed)           0.055     0.429    clk_250_to_100_MHz/clock_wizard_inst/clkin1_ibufds/OUT
    H22                  IBUFCTRL (Prop_IBUFCTRL_HPIOB_I_O)
                                                      0.000     0.429 r  clk_250_to_100_MHz/clock_wizard_inst/clkin1_ibufds/IBUFCTRL_INST/O
                         net (fo=1, routed)           0.981     1.410    clk_250_to_100_MHz/clock_wizard_inst/clk_in1_clock_wizard
    PLLE3_ADV_X0Y3       PLLE3_ADV (Prop_PLLE3_ADV_CLKIN_CLKOUT0)
                                                      0.250     1.660 r  clk_250_to_100_MHz/clock_wizard_inst/plle3_adv_inst/CLKOUT0
                         net (fo=1, routed)           0.451     2.111    clk_250_to_100_MHz/clock_wizard_inst/clk_out1_clock_wizard
    BUFGCE_X0Y47         BUFGCE (Prop_BUFCE_BUFGCE_I_O)
                                                      0.091     2.202 r  clk_250_to_100_MHz/clock_wizard_inst/clkout1_buf/O
    X1Y1 (CLOCK_ROOT)    net (fo=6180, routed)        2.781     4.983    dbg_hub/inst/BSCANID.u_xsdbm_id/CORE_XSDB.UUT_MASTER/U_ICON_INTERFACE/U_CMD6_RD/U_RD_FIFO/SUBCORE_FIFO.xsdbm_v3_0_0_rdfifo_inst/inst_fifo_gen/gconvfifo.rf/grf.rf/gntv_or_sync_fifo.gcx.clkx/gnxpm_cdc.gsync_stage[1].wr_stg_inst/wr_clk
    SLICE_X88Y60         FDCE                                         r  dbg_hub/inst/BSCANID.u_xsdbm_id/CORE_XSDB.UUT_MASTER/U_ICON_INTERFACE/U_CMD6_RD/U_RD_FIFO/SUBCORE_FIFO.xsdbm_v3_0_0_rdfifo_inst/inst_fifo_gen/gconvfifo.rf/grf.rf/gntv_or_sync_fifo.gcx.clkx/gnxpm_cdc.gsync_stage[1].wr_stg_inst/Q_reg_reg[2]/C
                         clock pessimism              0.000     4.983    
    SLICE_X88Y60         FDCE (Setup_CFF2_SLICEL_C_D)
                                                      0.066     5.049    dbg_hub/inst/BSCANID.u_xsdbm_id/CORE_XSDB.UUT_MASTER/U_ICON_INTERFACE/U_CMD6_RD/U_RD_FIFO/SUBCORE_FIFO.xsdbm_v3_0_0_rdfifo_inst/inst_fifo_gen/gconvfifo.rf/grf.rf/gntv_or_sync_fifo.gcx.clkx/gnxpm_cdc.gsync_stage[1].wr_stg_inst/Q_reg_reg[2]
  -------------------------------------------------------------------
                         data arrival                           6.383    
                         clock arrival                          5.049    
  -------------------------------------------------------------------
                         relative delay                         1.334    

Reference path:
    Location             Delay type                Incr(ns)  Path(ns)    Netlist Resource(s)
  -------------------------------------------------------------------    -------------------
                         (clock dbg_hub/inst/BSCANID.u_xsdbm_id/SWITCH_N_EXT_BSCAN.bscan_inst/SERIES7_BSCAN.bscan_inst/TCK rise edge)
                                                      0.000     0.000 r  
    CONFIG_SITE_X0Y0     BSCANE2                      0.000     0.000 r  dbg_hub/inst/BSCANID.u_xsdbm_id/SWITCH_N_EXT_BSCAN.bscan_inst/SERIES7_BSCAN.bscan_inst/TCK
                         net (fo=1, routed)           2.153     2.153    dbg_hub/inst/BSCANID.u_xsdbm_id/tck_bs
    BUFGCE_X1Y0          BUFGCE (Prop_BUFCE_BUFGCE_I_O)
                                                      0.091     2.244 r  dbg_hub/inst/BSCANID.u_xsdbm_id/SWITCH_N_EXT_BSCAN.u_bufg_icon_tck/O
    X3Y0 (CLOCK_ROOT)    net (fo=498, routed)         2.054     4.298    dbg_hub/inst/BSCANID.u_xsdbm_id/CORE_XSDB.UUT_MASTER/U_ICON_INTERFACE/U_CMD6_RD/U_RD_FIFO/SUBCORE_FIFO.xsdbm_v3_0_0_rdfifo_inst/inst_fifo_gen/gconvfifo.rf/grf.rf/gntv_or_sync_fifo.gcx.clkx/rd_clk
    SLICE_X87Y60         FDCE                                         r  dbg_hub/inst/BSCANID.u_xsdbm_id/CORE_XSDB.UUT_MASTER/U_ICON_INTERFACE/U_CMD6_RD/U_RD_FIFO/SUBCORE_FIFO.xsdbm_v3_0_0_rdfifo_inst/inst_fifo_gen/gconvfifo.rf/grf.rf/gntv_or_sync_fifo.gcx.clkx/gnxpm_cdc.rd_pntr_gc_reg[3]/C
  -------------------------------------------------------------------    -------------------
    SLICE_X87Y60         FDCE (Prop_EFF2_SLICEL_C_Q)
                                                      0.123     4.421 r  dbg_hub/inst/BSCANID.u_xsdbm_id/CORE_XSDB.UUT_MASTER/U_ICON_INTERFACE/U_CMD6_RD/U_RD_FIFO/SUBCORE_FIFO.xsdbm_v3_0_0_rdfifo_inst/inst_fifo_gen/gconvfifo.rf/grf.rf/gntv_or_sync_fifo.gcx.clkx/gnxpm_cdc.rd_pntr_gc_reg[3]/Q
                         net (fo=1, routed)           0.573     4.994    dbg_hub/inst/BSCANID.u_xsdbm_id/CORE_XSDB.UUT_MASTER/U_ICON_INTERFACE/U_CMD6_RD/U_RD_FIFO/SUBCORE_FIFO.xsdbm_v3_0_0_rdfifo_inst/inst_fifo_gen/gconvfifo.rf/grf.rf/gntv_or_sync_fifo.gcx.clkx/gnxpm_cdc.gsync_stage[1].wr_stg_inst/Q[3]
    SLICE_X87Y60         FDCE                                         r  dbg_hub/inst/BSCANID.u_xsdbm_id/CORE_XSDB.UUT_MASTER/U_ICON_INTERFACE/U_CMD6_RD/U_RD_FIFO/SUBCORE_FIFO.xsdbm_v3_0_0_rdfifo_inst/inst_fifo_gen/gconvfifo.rf/grf.rf/gntv_or_sync_fifo.gcx.clkx/gnxpm_cdc.gsync_stage[1].wr_stg_inst/Q_reg_reg[3]/D
  -------------------------------------------------------------------    -------------------

                         (clock clk_out1_clock_wizard rise edge)
                                                      0.000     0.000 r  
    H22                                               0.000     0.000 r  c0_sys_clk_clk_p_i (IN)
                         net (fo=0)                   0.000     0.000    clk_250_to_100_MHz/clock_wizard_inst/clkin1_ibufds/I
    HPIOBDIFFINBUF_X0Y36 DIFFINBUF (Prop_DIFFINBUF_HPIOBDIFFINBUF_DIFF_IN_P_O)
                                                      0.556     0.556 r  clk_250_to_100_MHz/clock_wizard_inst/clkin1_ibufds/DIFFINBUF_INST/O
                         net (fo=1, routed)           0.104     0.660    clk_250_to_100_MHz/clock_wizard_inst/clkin1_ibufds/OUT
    H22                  IBUFCTRL (Prop_IBUFCTRL_HPIOB_I_O)
                                                      0.000     0.660 r  clk_250_to_100_MHz/clock_wizard_inst/clkin1_ibufds/IBUFCTRL_INST/O
                         net (fo=1, routed)           1.082     1.742    clk_250_to_100_MHz/clock_wizard_inst/clk_in1_clock_wizard
    PLLE3_ADV_X0Y3       PLLE3_ADV (Prop_PLLE3_ADV_CLKIN_CLKOUT0)
                                                      0.068     1.810 r  clk_250_to_100_MHz/clock_wizard_inst/plle3_adv_inst/CLKOUT0
                         net (fo=1, routed)           0.529     2.339    clk_250_to_100_MHz/clock_wizard_inst/clk_out1_clock_wizard
    BUFGCE_X0Y47         BUFGCE (Prop_BUFCE_BUFGCE_I_O)
                                                      0.101     2.440 r  clk_250_to_100_MHz/clock_wizard_inst/clkout1_buf/O
    X1Y1 (CLOCK_ROOT)    net (fo=6180, routed)        3.126     5.566    dbg_hub/inst/BSCANID.u_xsdbm_id/CORE_XSDB.UUT_MASTER/U_ICON_INTERFACE/U_CMD6_RD/U_RD_FIFO/SUBCORE_FIFO.xsdbm_v3_0_0_rdfifo_inst/inst_fifo_gen/gconvfifo.rf/grf.rf/gntv_or_sync_fifo.gcx.clkx/gnxpm_cdc.gsync_stage[1].wr_stg_inst/wr_clk
    SLICE_X87Y60         FDCE                                         r  dbg_hub/inst/BSCANID.u_xsdbm_id/CORE_XSDB.UUT_MASTER/U_ICON_INTERFACE/U_CMD6_RD/U_RD_FIFO/SUBCORE_FIFO.xsdbm_v3_0_0_rdfifo_inst/inst_fifo_gen/gconvfifo.rf/grf.rf/gntv_or_sync_fifo.gcx.clkx/gnxpm_cdc.gsync_stage[1].wr_stg_inst/Q_reg_reg[3]/C
                         clock pessimism              0.000     5.566    
    SLICE_X87Y60         FDCE (Hold_CFF2_SLICEL_C_D)
                                                      0.129     5.695    dbg_hub/inst/BSCANID.u_xsdbm_id/CORE_XSDB.UUT_MASTER/U_ICON_INTERFACE/U_CMD6_RD/U_RD_FIFO/SUBCORE_FIFO.xsdbm_v3_0_0_rdfifo_inst/inst_fifo_gen/gconvfifo.rf/grf.rf/gntv_or_sync_fifo.gcx.clkx/gnxpm_cdc.gsync_stage[1].wr_stg_inst/Q_reg_reg[3]
  -------------------------------------------------------------------
                         data arrival                           4.994    
                         clock arrival                          5.695    
  -------------------------------------------------------------------
                         relative delay                        -0.701    



Id: 2
set_bus_skew -from [get_cells [list {dbg_hub/inst/BSCANID.u_xsdbm_id/CORE_XSDB.UUT_MASTER/U_ICON_INTERFACE/U_CMD6_RD/U_RD_FIFO/SUBCORE_FIFO.xsdbm_v3_0_0_rdfifo_inst/inst_fifo_gen/gconvfifo.rf/grf.rf/gntv_or_sync_fifo.gcx.clkx/gnxpm_cdc.wr_pntr_gc_reg[0]} {dbg_hub/inst/BSCANID.u_xsdbm_id/CORE_XSDB.UUT_MASTER/U_ICON_INTERFACE/U_CMD6_RD/U_RD_FIFO/SUBCORE_FIFO.xsdbm_v3_0_0_rdfifo_inst/inst_fifo_gen/gconvfifo.rf/grf.rf/gntv_or_sync_fifo.gcx.clkx/gnxpm_cdc.wr_pntr_gc_reg[1]} {dbg_hub/inst/BSCANID.u_xsdbm_id/CORE_XSDB.UUT_MASTER/U_ICON_INTERFACE/U_CMD6_RD/U_RD_FIFO/SUBCORE_FIFO.xsdbm_v3_0_0_rdfifo_inst/inst_fifo_gen/gconvfifo.rf/grf.rf/gntv_or_sync_fifo.gcx.clkx/gnxpm_cdc.wr_pntr_gc_reg[2]} {dbg_hub/inst/BSCANID.u_xsdbm_id/CORE_XSDB.UUT_MASTER/U_ICON_INTERFACE/U_CMD6_RD/U_RD_FIFO/SUBCORE_FIFO.xsdbm_v3_0_0_rdfifo_inst/inst_fifo_gen/gconvfifo.rf/grf.rf/gntv_or_sync_fifo.gcx.clkx/gnxpm_cdc.wr_pntr_gc_reg[3]}]] -to [get_cells [list {dbg_hub/inst/BSCANID.u_xsdbm_id/CORE_XSDB.UUT_MASTER/U_ICON_INTERFACE/U_CMD6_RD/U_RD_FIFO/SUBCORE_FIFO.xsdbm_v3_0_0_rdfifo_inst/inst_fifo_gen/gconvfifo.rf/grf.rf/gntv_or_sync_fifo.gcx.clkx/gnxpm_cdc.gsync_stage[1].rd_stg_inst/Q_reg_reg[0]} {dbg_hub/inst/BSCANID.u_xsdbm_id/CORE_XSDB.UUT_MASTER/U_ICON_INTERFACE/U_CMD6_RD/U_RD_FIFO/SUBCORE_FIFO.xsdbm_v3_0_0_rdfifo_inst/inst_fifo_gen/gconvfifo.rf/grf.rf/gntv_or_sync_fifo.gcx.clkx/gnxpm_cdc.gsync_stage[1].rd_stg_inst/Q_reg_reg[1]} {dbg_hub/inst/BSCANID.u_xsdbm_id/CORE_XSDB.UUT_MASTER/U_ICON_INTERFACE/U_CMD6_RD/U_RD_FIFO/SUBCORE_FIFO.xsdbm_v3_0_0_rdfifo_inst/inst_fifo_gen/gconvfifo.rf/grf.rf/gntv_or_sync_fifo.gcx.clkx/gnxpm_cdc.gsync_stage[1].rd_stg_inst/Q_reg_reg[2]} {dbg_hub/inst/BSCANID.u_xsdbm_id/CORE_XSDB.UUT_MASTER/U_ICON_INTERFACE/U_CMD6_RD/U_RD_FIFO/SUBCORE_FIFO.xsdbm_v3_0_0_rdfifo_inst/inst_fifo_gen/gconvfifo.rf/grf.rf/gntv_or_sync_fifo.gcx.clkx/gnxpm_cdc.gsync_stage[1].rd_stg_inst/Q_reg_reg[3]}]] 17.000
Requirement: 17.000ns
Endpoints: 4

From Clock            To Clock              Endpoint Pin                    Reference Pin                   Corner  Actual(ns)  Slack(ns)
--------------------  --------------------  ------------------------------  ------------------------------  ------  ----------  ---------
clk_out1_clock_wizard
                      dbg_hub/inst/BSCANID.u_xsdbm_id/SWITCH_N_EXT_BSCAN.bscan_inst/SERIES7_BSCAN.bscan_inst/TCK
                                            dbg_hub/inst/BSCANID.u_xsdbm_id/CORE_XSDB.UUT_MASTER/U_ICON_INTERFACE/U_CMD6_RD/U_RD_FIFO/SUBCORE_FIFO.xsdbm_v3_0_0_rdfifo_inst/inst_fifo_gen/gconvfifo.rf/grf.rf/gntv_or_sync_fifo.gcx.clkx/gnxpm_cdc.gsync_stage[1].rd_stg_inst/Q_reg_reg[3]/D
                                                                            dbg_hub/inst/BSCANID.u_xsdbm_id/CORE_XSDB.UUT_MASTER/U_ICON_INTERFACE/U_CMD6_RD/U_RD_FIFO/SUBCORE_FIFO.xsdbm_v3_0_0_rdfifo_inst/inst_fifo_gen/gconvfifo.rf/grf.rf/gntv_or_sync_fifo.gcx.clkx/gnxpm_cdc.gsync_stage[1].rd_stg_inst/Q_reg_reg[1]/D
                                                                                                            Slow         0.867     16.133


Slack (MET) :             16.133ns  (requirement - actual skew)
  Endpoint Source:        dbg_hub/inst/BSCANID.u_xsdbm_id/CORE_XSDB.UUT_MASTER/U_ICON_INTERFACE/U_CMD6_RD/U_RD_FIFO/SUBCORE_FIFO.xsdbm_v3_0_0_rdfifo_inst/inst_fifo_gen/gconvfifo.rf/grf.rf/gntv_or_sync_fifo.gcx.clkx/gnxpm_cdc.wr_pntr_gc_reg[3]/C
                            (rising edge-triggered cell FDCE clocked by clk_out1_clock_wizard)
  Endpoint Destination:   dbg_hub/inst/BSCANID.u_xsdbm_id/CORE_XSDB.UUT_MASTER/U_ICON_INTERFACE/U_CMD6_RD/U_RD_FIFO/SUBCORE_FIFO.xsdbm_v3_0_0_rdfifo_inst/inst_fifo_gen/gconvfifo.rf/grf.rf/gntv_or_sync_fifo.gcx.clkx/gnxpm_cdc.gsync_stage[1].rd_stg_inst/Q_reg_reg[3]/D
                            (rising edge-triggered cell FDCE clocked by dbg_hub/inst/BSCANID.u_xsdbm_id/SWITCH_N_EXT_BSCAN.bscan_inst/SERIES7_BSCAN.bscan_inst/TCK)
  Reference Source:       dbg_hub/inst/BSCANID.u_xsdbm_id/CORE_XSDB.UUT_MASTER/U_ICON_INTERFACE/U_CMD6_RD/U_RD_FIFO/SUBCORE_FIFO.xsdbm_v3_0_0_rdfifo_inst/inst_fifo_gen/gconvfifo.rf/grf.rf/gntv_or_sync_fifo.gcx.clkx/gnxpm_cdc.wr_pntr_gc_reg[1]/C
                            (rising edge-triggered cell FDCE clocked by clk_out1_clock_wizard)
  Reference Destination:  dbg_hub/inst/BSCANID.u_xsdbm_id/CORE_XSDB.UUT_MASTER/U_ICON_INTERFACE/U_CMD6_RD/U_RD_FIFO/SUBCORE_FIFO.xsdbm_v3_0_0_rdfifo_inst/inst_fifo_gen/gconvfifo.rf/grf.rf/gntv_or_sync_fifo.gcx.clkx/gnxpm_cdc.gsync_stage[1].rd_stg_inst/Q_reg_reg[1]/D
                            (rising edge-triggered cell FDCE clocked by dbg_hub/inst/BSCANID.u_xsdbm_id/SWITCH_N_EXT_BSCAN.bscan_inst/SERIES7_BSCAN.bscan_inst/TCK)
  Path Type:              Bus Skew (Max at Slow Process Corner)
  Requirement:            17.000ns
  Endpoint Relative Delay:    2.109ns
  Reference Relative Delay:   0.135ns
  Relative CRPR:              1.262ns
  Uncertainty:                0.155ns
  Actual Bus Skew:            0.867ns  (Endpoint Relative Delay - Reference Relative Delay - Relative CRPR + Uncertainty)

Endpoint path:
    Location             Delay type                Incr(ns)  Path(ns)    Netlist Resource(s)
  -------------------------------------------------------------------    -------------------
                         (clock clk_out1_clock_wizard rise edge)
                                                      0.000     0.000 r  
    H22                                               0.000     0.000 r  c0_sys_clk_clk_p_i (IN)
                         net (fo=0)                   0.000     0.000    clk_250_to_100_MHz/clock_wizard_inst/clkin1_ibufds/I
    HPIOBDIFFINBUF_X0Y36 DIFFINBUF (Prop_DIFFINBUF_HPIOBDIFFINBUF_DIFF_IN_P_O)
                                                      0.556     0.556 r  clk_250_to_100_MHz/clock_wizard_inst/clkin1_ibufds/DIFFINBUF_INST/O
                         net (fo=1, routed)           0.104     0.660    clk_250_to_100_MHz/clock_wizard_inst/clkin1_ibufds/OUT
    H22                  IBUFCTRL (Prop_IBUFCTRL_HPIOB_I_O)
                                                      0.000     0.660 r  clk_250_to_100_MHz/clock_wizard_inst/clkin1_ibufds/IBUFCTRL_INST/O
                         net (fo=1, routed)           1.082     1.742    clk_250_to_100_MHz/clock_wizard_inst/clk_in1_clock_wizard
    PLLE3_ADV_X0Y3       PLLE3_ADV (Prop_PLLE3_ADV_CLKIN_CLKOUT0)
                                                      0.068     1.810 r  clk_250_to_100_MHz/clock_wizard_inst/plle3_adv_inst/CLKOUT0
                         net (fo=1, routed)           0.529     2.339    clk_250_to_100_MHz/clock_wizard_inst/clk_out1_clock_wizard
    BUFGCE_X0Y47         BUFGCE (Prop_BUFCE_BUFGCE_I_O)
                                                      0.101     2.440 r  clk_250_to_100_MHz/clock_wizard_inst/clkout1_buf/O
    X1Y1 (CLOCK_ROOT)    net (fo=6180, routed)        3.149     5.589    dbg_hub/inst/BSCANID.u_xsdbm_id/CORE_XSDB.UUT_MASTER/U_ICON_INTERFACE/U_CMD6_RD/U_RD_FIFO/SUBCORE_FIFO.xsdbm_v3_0_0_rdfifo_inst/inst_fifo_gen/gconvfifo.rf/grf.rf/gntv_or_sync_fifo.gcx.clkx/wr_clk
    SLICE_X88Y61         FDCE                                         r  dbg_hub/inst/BSCANID.u_xsdbm_id/CORE_XSDB.UUT_MASTER/U_ICON_INTERFACE/U_CMD6_RD/U_RD_FIFO/SUBCORE_FIFO.xsdbm_v3_0_0_rdfifo_inst/inst_fifo_gen/gconvfifo.rf/grf.rf/gntv_or_sync_fifo.gcx.clkx/gnxpm_cdc.wr_pntr_gc_reg[3]/C
  -------------------------------------------------------------------    -------------------
    SLICE_X88Y61         FDCE (Prop_BFF_SLICEL_C_Q)
                                                      0.139     5.728 r  dbg_hub/inst/BSCANID.u_xsdbm_id/CORE_XSDB.UUT_MASTER/U_ICON_INTERFACE/U_CMD6_RD/U_RD_FIFO/SUBCORE_FIFO.xsdbm_v3_0_0_rdfifo_inst/inst_fifo_gen/gconvfifo.rf/grf.rf/gntv_or_sync_fifo.gcx.clkx/gnxpm_cdc.wr_pntr_gc_reg[3]/Q
                         net (fo=1, routed)           0.764     6.492    dbg_hub/inst/BSCANID.u_xsdbm_id/CORE_XSDB.UUT_MASTER/U_ICON_INTERFACE/U_CMD6_RD/U_RD_FIFO/SUBCORE_FIFO.xsdbm_v3_0_0_rdfifo_inst/inst_fifo_gen/gconvfifo.rf/grf.rf/gntv_or_sync_fifo.gcx.clkx/gnxpm_cdc.gsync_stage[1].rd_stg_inst/Q[3]
    SLICE_X88Y61         FDCE                                         r  dbg_hub/inst/BSCANID.u_xsdbm_id/CORE_XSDB.UUT_MASTER/U_ICON_INTERFACE/U_CMD6_RD/U_RD_FIFO/SUBCORE_FIFO.xsdbm_v3_0_0_rdfifo_inst/inst_fifo_gen/gconvfifo.rf/grf.rf/gntv_or_sync_fifo.gcx.clkx/gnxpm_cdc.gsync_stage[1].rd_stg_inst/Q_reg_reg[3]/D
  -------------------------------------------------------------------    -------------------

                         (clock dbg_hub/inst/BSCANID.u_xsdbm_id/SWITCH_N_EXT_BSCAN.bscan_inst/SERIES7_BSCAN.bscan_inst/TCK rise edge)
                                                      0.000     0.000 r  
    CONFIG_SITE_X0Y0     BSCANE2                      0.000     0.000 r  dbg_hub/inst/BSCANID.u_xsdbm_id/SWITCH_N_EXT_BSCAN.bscan_inst/SERIES7_BSCAN.bscan_inst/TCK
                         net (fo=1, routed)           2.153     2.153    dbg_hub/inst/BSCANID.u_xsdbm_id/tck_bs
    BUFGCE_X1Y0          BUFGCE (Prop_BUFCE_BUFGCE_I_O)
                                                      0.091     2.244 r  dbg_hub/inst/BSCANID.u_xsdbm_id/SWITCH_N_EXT_BSCAN.u_bufg_icon_tck/O
    X3Y0 (CLOCK_ROOT)    net (fo=498, routed)         2.075     4.319    dbg_hub/inst/BSCANID.u_xsdbm_id/CORE_XSDB.UUT_MASTER/U_ICON_INTERFACE/U_CMD6_RD/U_RD_FIFO/SUBCORE_FIFO.xsdbm_v3_0_0_rdfifo_inst/inst_fifo_gen/gconvfifo.rf/grf.rf/gntv_or_sync_fifo.gcx.clkx/gnxpm_cdc.gsync_stage[1].rd_stg_inst/rd_clk
    SLICE_X88Y61         FDCE                                         r  dbg_hub/inst/BSCANID.u_xsdbm_id/CORE_XSDB.UUT_MASTER/U_ICON_INTERFACE/U_CMD6_RD/U_RD_FIFO/SUBCORE_FIFO.xsdbm_v3_0_0_rdfifo_inst/inst_fifo_gen/gconvfifo.rf/grf.rf/gntv_or_sync_fifo.gcx.clkx/gnxpm_cdc.gsync_stage[1].rd_stg_inst/Q_reg_reg[3]/C
                         clock pessimism              0.000     4.319    
    SLICE_X88Y61         FDCE (Setup_HFF2_SLICEL_C_D)
                                                      0.064     4.383    dbg_hub/inst/BSCANID.u_xsdbm_id/CORE_XSDB.UUT_MASTER/U_ICON_INTERFACE/U_CMD6_RD/U_RD_FIFO/SUBCORE_FIFO.xsdbm_v3_0_0_rdfifo_inst/inst_fifo_gen/gconvfifo.rf/grf.rf/gntv_or_sync_fifo.gcx.clkx/gnxpm_cdc.gsync_stage[1].rd_stg_inst/Q_reg_reg[3]
  -------------------------------------------------------------------
                         data arrival                           6.492    
                         clock arrival                          4.383    
  -------------------------------------------------------------------
                         relative delay                         2.109    

Reference path:
    Location             Delay type                Incr(ns)  Path(ns)    Netlist Resource(s)
  -------------------------------------------------------------------    -------------------
                         (clock clk_out1_clock_wizard rise edge)
                                                      0.000     0.000 r  
    H22                                               0.000     0.000 r  c0_sys_clk_clk_p_i (IN)
                         net (fo=0)                   0.000     0.000    clk_250_to_100_MHz/clock_wizard_inst/clkin1_ibufds/I
    HPIOBDIFFINBUF_X0Y36 DIFFINBUF (Prop_DIFFINBUF_HPIOBDIFFINBUF_DIFF_IN_P_O)
                                                      0.374     0.374 r  clk_250_to_100_MHz/clock_wizard_inst/clkin1_ibufds/DIFFINBUF_INST/O
                         net (fo=1, routed)           0.055     0.429    clk_250_to_100_MHz/clock_wizard_inst/clkin1_ibufds/OUT
    H22                  IBUFCTRL (Prop_IBUFCTRL_HPIOB_I_O)
                                                      0.000     0.429 r  clk_250_to_100_MHz/clock_wizard_inst/clkin1_ibufds/IBUFCTRL_INST/O
                         net (fo=1, routed)           0.981     1.410    clk_250_to_100_MHz/clock_wizard_inst/clk_in1_clock_wizard
    PLLE3_ADV_X0Y3       PLLE3_ADV (Prop_PLLE3_ADV_CLKIN_CLKOUT0)
                                                      0.250     1.660 r  clk_250_to_100_MHz/clock_wizard_inst/plle3_adv_inst/CLKOUT0
                         net (fo=1, routed)           0.451     2.111    clk_250_to_100_MHz/clock_wizard_inst/clk_out1_clock_wizard
    BUFGCE_X0Y47         BUFGCE (Prop_BUFCE_BUFGCE_I_O)
                                                      0.091     2.202 r  clk_250_to_100_MHz/clock_wizard_inst/clkout1_buf/O
    X1Y1 (CLOCK_ROOT)    net (fo=6180, routed)        2.781     4.983    dbg_hub/inst/BSCANID.u_xsdbm_id/CORE_XSDB.UUT_MASTER/U_ICON_INTERFACE/U_CMD6_RD/U_RD_FIFO/SUBCORE_FIFO.xsdbm_v3_0_0_rdfifo_inst/inst_fifo_gen/gconvfifo.rf/grf.rf/gntv_or_sync_fifo.gcx.clkx/wr_clk
    SLICE_X88Y60         FDCE                                         r  dbg_hub/inst/BSCANID.u_xsdbm_id/CORE_XSDB.UUT_MASTER/U_ICON_INTERFACE/U_CMD6_RD/U_RD_FIFO/SUBCORE_FIFO.xsdbm_v3_0_0_rdfifo_inst/inst_fifo_gen/gconvfifo.rf/grf.rf/gntv_or_sync_fifo.gcx.clkx/gnxpm_cdc.wr_pntr_gc_reg[1]/C
  -------------------------------------------------------------------    -------------------
    SLICE_X88Y60         FDCE (Prop_DFF2_SLICEL_C_Q)
                                                      0.123     5.106 r  dbg_hub/inst/BSCANID.u_xsdbm_id/CORE_XSDB.UUT_MASTER/U_ICON_INTERFACE/U_CMD6_RD/U_RD_FIFO/SUBCORE_FIFO.xsdbm_v3_0_0_rdfifo_inst/inst_fifo_gen/gconvfifo.rf/grf.rf/gntv_or_sync_fifo.gcx.clkx/gnxpm_cdc.wr_pntr_gc_reg[1]/Q
                         net (fo=1, routed)           0.392     5.498    dbg_hub/inst/BSCANID.u_xsdbm_id/CORE_XSDB.UUT_MASTER/U_ICON_INTERFACE/U_CMD6_RD/U_RD_FIFO/SUBCORE_FIFO.xsdbm_v3_0_0_rdfifo_inst/inst_fifo_gen/gconvfifo.rf/grf.rf/gntv_or_sync_fifo.gcx.clkx/gnxpm_cdc.gsync_stage[1].rd_stg_inst/Q[1]
    SLICE_X89Y60         FDCE                                         r  dbg_hub/inst/BSCANID.u_xsdbm_id/CORE_XSDB.UUT_MASTER/U_ICON_INTERFACE/U_CMD6_RD/U_RD_FIFO/SUBCORE_FIFO.xsdbm_v3_0_0_rdfifo_inst/inst_fifo_gen/gconvfifo.rf/grf.rf/gntv_or_sync_fifo.gcx.clkx/gnxpm_cdc.gsync_stage[1].rd_stg_inst/Q_reg_reg[1]/D
  -------------------------------------------------------------------    -------------------

                         (clock dbg_hub/inst/BSCANID.u_xsdbm_id/SWITCH_N_EXT_BSCAN.bscan_inst/SERIES7_BSCAN.bscan_inst/TCK rise edge)
                                                      0.000     0.000 r  
    CONFIG_SITE_X0Y0     BSCANE2                      0.000     0.000 r  dbg_hub/inst/BSCANID.u_xsdbm_id/SWITCH_N_EXT_BSCAN.bscan_inst/SERIES7_BSCAN.bscan_inst/TCK
                         net (fo=1, routed)           2.721     2.721    dbg_hub/inst/BSCANID.u_xsdbm_id/tck_bs
    BUFGCE_X1Y0          BUFGCE (Prop_BUFCE_BUFGCE_I_O)
                                                      0.101     2.822 r  dbg_hub/inst/BSCANID.u_xsdbm_id/SWITCH_N_EXT_BSCAN.u_bufg_icon_tck/O
    X3Y0 (CLOCK_ROOT)    net (fo=498, routed)         2.413     5.235    dbg_hub/inst/BSCANID.u_xsdbm_id/CORE_XSDB.UUT_MASTER/U_ICON_INTERFACE/U_CMD6_RD/U_RD_FIFO/SUBCORE_FIFO.xsdbm_v3_0_0_rdfifo_inst/inst_fifo_gen/gconvfifo.rf/grf.rf/gntv_or_sync_fifo.gcx.clkx/gnxpm_cdc.gsync_stage[1].rd_stg_inst/rd_clk
    SLICE_X89Y60         FDCE                                         r  dbg_hub/inst/BSCANID.u_xsdbm_id/CORE_XSDB.UUT_MASTER/U_ICON_INTERFACE/U_CMD6_RD/U_RD_FIFO/SUBCORE_FIFO.xsdbm_v3_0_0_rdfifo_inst/inst_fifo_gen/gconvfifo.rf/grf.rf/gntv_or_sync_fifo.gcx.clkx/gnxpm_cdc.gsync_stage[1].rd_stg_inst/Q_reg_reg[1]/C
                         clock pessimism              0.000     5.235    
    SLICE_X89Y60         FDCE (Hold_HFF2_SLICEL_C_D)
                                                      0.128     5.363    dbg_hub/inst/BSCANID.u_xsdbm_id/CORE_XSDB.UUT_MASTER/U_ICON_INTERFACE/U_CMD6_RD/U_RD_FIFO/SUBCORE_FIFO.xsdbm_v3_0_0_rdfifo_inst/inst_fifo_gen/gconvfifo.rf/grf.rf/gntv_or_sync_fifo.gcx.clkx/gnxpm_cdc.gsync_stage[1].rd_stg_inst/Q_reg_reg[1]
  -------------------------------------------------------------------
                         data arrival                           5.498    
                         clock arrival                          5.363    
  -------------------------------------------------------------------
                         relative delay                         0.135    



Id: 3
set_bus_skew -from [get_cells [list {dbg_hub/inst/BSCANID.u_xsdbm_id/CORE_XSDB.UUT_MASTER/U_ICON_INTERFACE/U_CMD6_WR/U_WR_FIFO/SUBCORE_FIFO.xsdbm_v3_0_0_wrfifo_inst/inst_fifo_gen/gconvfifo.rf/grf.rf/gntv_or_sync_fifo.gcx.clkx/gnxpm_cdc.rd_pntr_gc_reg[0]} {dbg_hub/inst/BSCANID.u_xsdbm_id/CORE_XSDB.UUT_MASTER/U_ICON_INTERFACE/U_CMD6_WR/U_WR_FIFO/SUBCORE_FIFO.xsdbm_v3_0_0_wrfifo_inst/inst_fifo_gen/gconvfifo.rf/grf.rf/gntv_or_sync_fifo.gcx.clkx/gnxpm_cdc.rd_pntr_gc_reg[1]} {dbg_hub/inst/BSCANID.u_xsdbm_id/CORE_XSDB.UUT_MASTER/U_ICON_INTERFACE/U_CMD6_WR/U_WR_FIFO/SUBCORE_FIFO.xsdbm_v3_0_0_wrfifo_inst/inst_fifo_gen/gconvfifo.rf/grf.rf/gntv_or_sync_fifo.gcx.clkx/gnxpm_cdc.rd_pntr_gc_reg[2]} {dbg_hub/inst/BSCANID.u_xsdbm_id/CORE_XSDB.UUT_MASTER/U_ICON_INTERFACE/U_CMD6_WR/U_WR_FIFO/SUBCORE_FIFO.xsdbm_v3_0_0_wrfifo_inst/inst_fifo_gen/gconvfifo.rf/grf.rf/gntv_or_sync_fifo.gcx.clkx/gnxpm_cdc.rd_pntr_gc_reg[3]}]] -to [get_cells [list {dbg_hub/inst/BSCANID.u_xsdbm_id/CORE_XSDB.UUT_MASTER/U_ICON_INTERFACE/U_CMD6_WR/U_WR_FIFO/SUBCORE_FIFO.xsdbm_v3_0_0_wrfifo_inst/inst_fifo_gen/gconvfifo.rf/grf.rf/gntv_or_sync_fifo.gcx.clkx/gnxpm_cdc.gsync_stage[1].wr_stg_inst/Q_reg_reg[0]} {dbg_hub/inst/BSCANID.u_xsdbm_id/CORE_XSDB.UUT_MASTER/U_ICON_INTERFACE/U_CMD6_WR/U_WR_FIFO/SUBCORE_FIFO.xsdbm_v3_0_0_wrfifo_inst/inst_fifo_gen/gconvfifo.rf/grf.rf/gntv_or_sync_fifo.gcx.clkx/gnxpm_cdc.gsync_stage[1].wr_stg_inst/Q_reg_reg[1]} {dbg_hub/inst/BSCANID.u_xsdbm_id/CORE_XSDB.UUT_MASTER/U_ICON_INTERFACE/U_CMD6_WR/U_WR_FIFO/SUBCORE_FIFO.xsdbm_v3_0_0_wrfifo_inst/inst_fifo_gen/gconvfifo.rf/grf.rf/gntv_or_sync_fifo.gcx.clkx/gnxpm_cdc.gsync_stage[1].wr_stg_inst/Q_reg_reg[2]} {dbg_hub/inst/BSCANID.u_xsdbm_id/CORE_XSDB.UUT_MASTER/U_ICON_INTERFACE/U_CMD6_WR/U_WR_FIFO/SUBCORE_FIFO.xsdbm_v3_0_0_wrfifo_inst/inst_fifo_gen/gconvfifo.rf/grf.rf/gntv_or_sync_fifo.gcx.clkx/gnxpm_cdc.gsync_stage[1].wr_stg_inst/Q_reg_reg[3]}]] 17.000
Requirement: 17.000ns
Endpoints: 4

From Clock            To Clock              Endpoint Pin                    Reference Pin                   Corner  Actual(ns)  Slack(ns)
--------------------  --------------------  ------------------------------  ------------------------------  ------  ----------  ---------
clk_out1_clock_wizard
                      dbg_hub/inst/BSCANID.u_xsdbm_id/SWITCH_N_EXT_BSCAN.bscan_inst/SERIES7_BSCAN.bscan_inst/TCK
                                            dbg_hub/inst/BSCANID.u_xsdbm_id/CORE_XSDB.UUT_MASTER/U_ICON_INTERFACE/U_CMD6_WR/U_WR_FIFO/SUBCORE_FIFO.xsdbm_v3_0_0_wrfifo_inst/inst_fifo_gen/gconvfifo.rf/grf.rf/gntv_or_sync_fifo.gcx.clkx/gnxpm_cdc.gsync_stage[1].wr_stg_inst/Q_reg_reg[3]/D
                                                                            dbg_hub/inst/BSCANID.u_xsdbm_id/CORE_XSDB.UUT_MASTER/U_ICON_INTERFACE/U_CMD6_WR/U_WR_FIFO/SUBCORE_FIFO.xsdbm_v3_0_0_wrfifo_inst/inst_fifo_gen/gconvfifo.rf/grf.rf/gntv_or_sync_fifo.gcx.clkx/gnxpm_cdc.gsync_stage[1].wr_stg_inst/Q_reg_reg[1]/D
                                                                                                            Slow         0.966     16.034


Slack (MET) :             16.034ns  (requirement - actual skew)
  Endpoint Source:        dbg_hub/inst/BSCANID.u_xsdbm_id/CORE_XSDB.UUT_MASTER/U_ICON_INTERFACE/U_CMD6_WR/U_WR_FIFO/SUBCORE_FIFO.xsdbm_v3_0_0_wrfifo_inst/inst_fifo_gen/gconvfifo.rf/grf.rf/gntv_or_sync_fifo.gcx.clkx/gnxpm_cdc.rd_pntr_gc_reg[3]/C
                            (rising edge-triggered cell FDCE clocked by clk_out1_clock_wizard)
  Endpoint Destination:   dbg_hub/inst/BSCANID.u_xsdbm_id/CORE_XSDB.UUT_MASTER/U_ICON_INTERFACE/U_CMD6_WR/U_WR_FIFO/SUBCORE_FIFO.xsdbm_v3_0_0_wrfifo_inst/inst_fifo_gen/gconvfifo.rf/grf.rf/gntv_or_sync_fifo.gcx.clkx/gnxpm_cdc.gsync_stage[1].wr_stg_inst/Q_reg_reg[3]/D
                            (rising edge-triggered cell FDCE clocked by dbg_hub/inst/BSCANID.u_xsdbm_id/SWITCH_N_EXT_BSCAN.bscan_inst/SERIES7_BSCAN.bscan_inst/TCK)
  Reference Source:       dbg_hub/inst/BSCANID.u_xsdbm_id/CORE_XSDB.UUT_MASTER/U_ICON_INTERFACE/U_CMD6_WR/U_WR_FIFO/SUBCORE_FIFO.xsdbm_v3_0_0_wrfifo_inst/inst_fifo_gen/gconvfifo.rf/grf.rf/gntv_or_sync_fifo.gcx.clkx/gnxpm_cdc.rd_pntr_gc_reg[1]/C
                            (rising edge-triggered cell FDCE clocked by clk_out1_clock_wizard)
  Reference Destination:  dbg_hub/inst/BSCANID.u_xsdbm_id/CORE_XSDB.UUT_MASTER/U_ICON_INTERFACE/U_CMD6_WR/U_WR_FIFO/SUBCORE_FIFO.xsdbm_v3_0_0_wrfifo_inst/inst_fifo_gen/gconvfifo.rf/grf.rf/gntv_or_sync_fifo.gcx.clkx/gnxpm_cdc.gsync_stage[1].wr_stg_inst/Q_reg_reg[1]/D
                            (rising edge-triggered cell FDCE clocked by dbg_hub/inst/BSCANID.u_xsdbm_id/SWITCH_N_EXT_BSCAN.bscan_inst/SERIES7_BSCAN.bscan_inst/TCK)
  Path Type:              Bus Skew (Max at Slow Process Corner)
  Requirement:            17.000ns
  Endpoint Relative Delay:    2.287ns
  Reference Relative Delay:   0.314ns
  Relative CRPR:              1.162ns
  Uncertainty:                0.155ns
  Actual Bus Skew:            0.966ns  (Endpoint Relative Delay - Reference Relative Delay - Relative CRPR + Uncertainty)

Endpoint path:
    Location             Delay type                Incr(ns)  Path(ns)    Netlist Resource(s)
  -------------------------------------------------------------------    -------------------
                         (clock clk_out1_clock_wizard rise edge)
                                                      0.000     0.000 r  
    H22                                               0.000     0.000 r  c0_sys_clk_clk_p_i (IN)
                         net (fo=0)                   0.000     0.000    clk_250_to_100_MHz/clock_wizard_inst/clkin1_ibufds/I
    HPIOBDIFFINBUF_X0Y36 DIFFINBUF (Prop_DIFFINBUF_HPIOBDIFFINBUF_DIFF_IN_P_O)
                                                      0.556     0.556 r  clk_250_to_100_MHz/clock_wizard_inst/clkin1_ibufds/DIFFINBUF_INST/O
                         net (fo=1, routed)           0.104     0.660    clk_250_to_100_MHz/clock_wizard_inst/clkin1_ibufds/OUT
    H22                  IBUFCTRL (Prop_IBUFCTRL_HPIOB_I_O)
                                                      0.000     0.660 r  clk_250_to_100_MHz/clock_wizard_inst/clkin1_ibufds/IBUFCTRL_INST/O
                         net (fo=1, routed)           1.082     1.742    clk_250_to_100_MHz/clock_wizard_inst/clk_in1_clock_wizard
    PLLE3_ADV_X0Y3       PLLE3_ADV (Prop_PLLE3_ADV_CLKIN_CLKOUT0)
                                                      0.068     1.810 r  clk_250_to_100_MHz/clock_wizard_inst/plle3_adv_inst/CLKOUT0
                         net (fo=1, routed)           0.529     2.339    clk_250_to_100_MHz/clock_wizard_inst/clk_out1_clock_wizard
    BUFGCE_X0Y47         BUFGCE (Prop_BUFCE_BUFGCE_I_O)
                                                      0.101     2.440 r  clk_250_to_100_MHz/clock_wizard_inst/clkout1_buf/O
    X1Y1 (CLOCK_ROOT)    net (fo=6180, routed)        3.124     5.564    dbg_hub/inst/BSCANID.u_xsdbm_id/CORE_XSDB.UUT_MASTER/U_ICON_INTERFACE/U_CMD6_WR/U_WR_FIFO/SUBCORE_FIFO.xsdbm_v3_0_0_wrfifo_inst/inst_fifo_gen/gconvfifo.rf/grf.rf/gntv_or_sync_fifo.gcx.clkx/rd_clk
    SLICE_X90Y51         FDCE                                         r  dbg_hub/inst/BSCANID.u_xsdbm_id/CORE_XSDB.UUT_MASTER/U_ICON_INTERFACE/U_CMD6_WR/U_WR_FIFO/SUBCORE_FIFO.xsdbm_v3_0_0_wrfifo_inst/inst_fifo_gen/gconvfifo.rf/grf.rf/gntv_or_sync_fifo.gcx.clkx/gnxpm_cdc.rd_pntr_gc_reg[3]/C
  -------------------------------------------------------------------    -------------------
    SLICE_X90Y51         FDCE (Prop_BFF2_SLICEL_C_Q)
                                                      0.138     5.702 r  dbg_hub/inst/BSCANID.u_xsdbm_id/CORE_XSDB.UUT_MASTER/U_ICON_INTERFACE/U_CMD6_WR/U_WR_FIFO/SUBCORE_FIFO.xsdbm_v3_0_0_wrfifo_inst/inst_fifo_gen/gconvfifo.rf/grf.rf/gntv_or_sync_fifo.gcx.clkx/gnxpm_cdc.rd_pntr_gc_reg[3]/Q
                         net (fo=1, routed)           0.948     6.650    dbg_hub/inst/BSCANID.u_xsdbm_id/CORE_XSDB.UUT_MASTER/U_ICON_INTERFACE/U_CMD6_WR/U_WR_FIFO/SUBCORE_FIFO.xsdbm_v3_0_0_wrfifo_inst/inst_fifo_gen/gconvfifo.rf/grf.rf/gntv_or_sync_fifo.gcx.clkx/gnxpm_cdc.gsync_stage[1].wr_stg_inst/Q[3]
    SLICE_X89Y51         FDCE                                         r  dbg_hub/inst/BSCANID.u_xsdbm_id/CORE_XSDB.UUT_MASTER/U_ICON_INTERFACE/U_CMD6_WR/U_WR_FIFO/SUBCORE_FIFO.xsdbm_v3_0_0_wrfifo_inst/inst_fifo_gen/gconvfifo.rf/grf.rf/gntv_or_sync_fifo.gcx.clkx/gnxpm_cdc.gsync_stage[1].wr_stg_inst/Q_reg_reg[3]/D
  -------------------------------------------------------------------    -------------------

                         (clock dbg_hub/inst/BSCANID.u_xsdbm_id/SWITCH_N_EXT_BSCAN.bscan_inst/SERIES7_BSCAN.bscan_inst/TCK rise edge)
                                                      0.000     0.000 r  
    CONFIG_SITE_X0Y0     BSCANE2                      0.000     0.000 r  dbg_hub/inst/BSCANID.u_xsdbm_id/SWITCH_N_EXT_BSCAN.bscan_inst/SERIES7_BSCAN.bscan_inst/TCK
                         net (fo=1, routed)           2.153     2.153    dbg_hub/inst/BSCANID.u_xsdbm_id/tck_bs
    BUFGCE_X1Y0          BUFGCE (Prop_BUFCE_BUFGCE_I_O)
                                                      0.091     2.244 r  dbg_hub/inst/BSCANID.u_xsdbm_id/SWITCH_N_EXT_BSCAN.u_bufg_icon_tck/O
    X3Y0 (CLOCK_ROOT)    net (fo=498, routed)         2.055     4.299    dbg_hub/inst/BSCANID.u_xsdbm_id/CORE_XSDB.UUT_MASTER/U_ICON_INTERFACE/U_CMD6_WR/U_WR_FIFO/SUBCORE_FIFO.xsdbm_v3_0_0_wrfifo_inst/inst_fifo_gen/gconvfifo.rf/grf.rf/gntv_or_sync_fifo.gcx.clkx/gnxpm_cdc.gsync_stage[1].wr_stg_inst/wr_clk
    SLICE_X89Y51         FDCE                                         r  dbg_hub/inst/BSCANID.u_xsdbm_id/CORE_XSDB.UUT_MASTER/U_ICON_INTERFACE/U_CMD6_WR/U_WR_FIFO/SUBCORE_FIFO.xsdbm_v3_0_0_wrfifo_inst/inst_fifo_gen/gconvfifo.rf/grf.rf/gntv_or_sync_fifo.gcx.clkx/gnxpm_cdc.gsync_stage[1].wr_stg_inst/Q_reg_reg[3]/C
                         clock pessimism              0.000     4.299    
    SLICE_X89Y51         FDCE (Setup_FFF2_SLICEL_C_D)
                                                      0.064     4.363    dbg_hub/inst/BSCANID.u_xsdbm_id/CORE_XSDB.UUT_MASTER/U_ICON_INTERFACE/U_CMD6_WR/U_WR_FIFO/SUBCORE_FIFO.xsdbm_v3_0_0_wrfifo_inst/inst_fifo_gen/gconvfifo.rf/grf.rf/gntv_or_sync_fifo.gcx.clkx/gnxpm_cdc.gsync_stage[1].wr_stg_inst/Q_reg_reg[3]
  -------------------------------------------------------------------
                         data arrival                           6.650    
                         clock arrival                          4.363    
  -------------------------------------------------------------------
                         relative delay                         2.287    

Reference path:
    Location             Delay type                Incr(ns)  Path(ns)    Netlist Resource(s)
  -------------------------------------------------------------------    -------------------
                         (clock clk_out1_clock_wizard rise edge)
                                                      0.000     0.000 r  
    H22                                               0.000     0.000 r  c0_sys_clk_clk_p_i (IN)
                         net (fo=0)                   0.000     0.000    clk_250_to_100_MHz/clock_wizard_inst/clkin1_ibufds/I
    HPIOBDIFFINBUF_X0Y36 DIFFINBUF (Prop_DIFFINBUF_HPIOBDIFFINBUF_DIFF_IN_P_O)
                                                      0.374     0.374 r  clk_250_to_100_MHz/clock_wizard_inst/clkin1_ibufds/DIFFINBUF_INST/O
                         net (fo=1, routed)           0.055     0.429    clk_250_to_100_MHz/clock_wizard_inst/clkin1_ibufds/OUT
    H22                  IBUFCTRL (Prop_IBUFCTRL_HPIOB_I_O)
                                                      0.000     0.429 r  clk_250_to_100_MHz/clock_wizard_inst/clkin1_ibufds/IBUFCTRL_INST/O
                         net (fo=1, routed)           0.981     1.410    clk_250_to_100_MHz/clock_wizard_inst/clk_in1_clock_wizard
    PLLE3_ADV_X0Y3       PLLE3_ADV (Prop_PLLE3_ADV_CLKIN_CLKOUT0)
                                                      0.250     1.660 r  clk_250_to_100_MHz/clock_wizard_inst/plle3_adv_inst/CLKOUT0
                         net (fo=1, routed)           0.451     2.111    clk_250_to_100_MHz/clock_wizard_inst/clk_out1_clock_wizard
    BUFGCE_X0Y47         BUFGCE (Prop_BUFCE_BUFGCE_I_O)
                                                      0.091     2.202 r  clk_250_to_100_MHz/clock_wizard_inst/clkout1_buf/O
    X1Y1 (CLOCK_ROOT)    net (fo=6180, routed)        2.775     4.977    dbg_hub/inst/BSCANID.u_xsdbm_id/CORE_XSDB.UUT_MASTER/U_ICON_INTERFACE/U_CMD6_WR/U_WR_FIFO/SUBCORE_FIFO.xsdbm_v3_0_0_wrfifo_inst/inst_fifo_gen/gconvfifo.rf/grf.rf/gntv_or_sync_fifo.gcx.clkx/rd_clk
    SLICE_X91Y52         FDCE                                         r  dbg_hub/inst/BSCANID.u_xsdbm_id/CORE_XSDB.UUT_MASTER/U_ICON_INTERFACE/U_CMD6_WR/U_WR_FIFO/SUBCORE_FIFO.xsdbm_v3_0_0_wrfifo_inst/inst_fifo_gen/gconvfifo.rf/grf.rf/gntv_or_sync_fifo.gcx.clkx/gnxpm_cdc.rd_pntr_gc_reg[1]/C
  -------------------------------------------------------------------    -------------------
    SLICE_X91Y52         FDCE (Prop_HFF2_SLICEL_C_Q)
                                                      0.121     5.098 r  dbg_hub/inst/BSCANID.u_xsdbm_id/CORE_XSDB.UUT_MASTER/U_ICON_INTERFACE/U_CMD6_WR/U_WR_FIFO/SUBCORE_FIFO.xsdbm_v3_0_0_wrfifo_inst/inst_fifo_gen/gconvfifo.rf/grf.rf/gntv_or_sync_fifo.gcx.clkx/gnxpm_cdc.rd_pntr_gc_reg[1]/Q
                         net (fo=1, routed)           0.509     5.607    dbg_hub/inst/BSCANID.u_xsdbm_id/CORE_XSDB.UUT_MASTER/U_ICON_INTERFACE/U_CMD6_WR/U_WR_FIFO/SUBCORE_FIFO.xsdbm_v3_0_0_wrfifo_inst/inst_fifo_gen/gconvfifo.rf/grf.rf/gntv_or_sync_fifo.gcx.clkx/gnxpm_cdc.gsync_stage[1].wr_stg_inst/Q[1]
    SLICE_X91Y52         FDCE                                         r  dbg_hub/inst/BSCANID.u_xsdbm_id/CORE_XSDB.UUT_MASTER/U_ICON_INTERFACE/U_CMD6_WR/U_WR_FIFO/SUBCORE_FIFO.xsdbm_v3_0_0_wrfifo_inst/inst_fifo_gen/gconvfifo.rf/grf.rf/gntv_or_sync_fifo.gcx.clkx/gnxpm_cdc.gsync_stage[1].wr_stg_inst/Q_reg_reg[1]/D
  -------------------------------------------------------------------    -------------------

                         (clock dbg_hub/inst/BSCANID.u_xsdbm_id/SWITCH_N_EXT_BSCAN.bscan_inst/SERIES7_BSCAN.bscan_inst/TCK rise edge)
                                                      0.000     0.000 r  
    CONFIG_SITE_X0Y0     BSCANE2                      0.000     0.000 r  dbg_hub/inst/BSCANID.u_xsdbm_id/SWITCH_N_EXT_BSCAN.bscan_inst/SERIES7_BSCAN.bscan_inst/TCK
                         net (fo=1, routed)           2.721     2.721    dbg_hub/inst/BSCANID.u_xsdbm_id/tck_bs
    BUFGCE_X1Y0          BUFGCE (Prop_BUFCE_BUFGCE_I_O)
                                                      0.101     2.822 r  dbg_hub/inst/BSCANID.u_xsdbm_id/SWITCH_N_EXT_BSCAN.u_bufg_icon_tck/O
    X3Y0 (CLOCK_ROOT)    net (fo=498, routed)         2.341     5.163    dbg_hub/inst/BSCANID.u_xsdbm_id/CORE_XSDB.UUT_MASTER/U_ICON_INTERFACE/U_CMD6_WR/U_WR_FIFO/SUBCORE_FIFO.xsdbm_v3_0_0_wrfifo_inst/inst_fifo_gen/gconvfifo.rf/grf.rf/gntv_or_sync_fifo.gcx.clkx/gnxpm_cdc.gsync_stage[1].wr_stg_inst/wr_clk
    SLICE_X91Y52         FDCE                                         r  dbg_hub/inst/BSCANID.u_xsdbm_id/CORE_XSDB.UUT_MASTER/U_ICON_INTERFACE/U_CMD6_WR/U_WR_FIFO/SUBCORE_FIFO.xsdbm_v3_0_0_wrfifo_inst/inst_fifo_gen/gconvfifo.rf/grf.rf/gntv_or_sync_fifo.gcx.clkx/gnxpm_cdc.gsync_stage[1].wr_stg_inst/Q_reg_reg[1]/C
                         clock pessimism              0.000     5.163    
    SLICE_X91Y52         FDCE (Hold_DFF2_SLICEL_C_D)
                                                      0.130     5.293    dbg_hub/inst/BSCANID.u_xsdbm_id/CORE_XSDB.UUT_MASTER/U_ICON_INTERFACE/U_CMD6_WR/U_WR_FIFO/SUBCORE_FIFO.xsdbm_v3_0_0_wrfifo_inst/inst_fifo_gen/gconvfifo.rf/grf.rf/gntv_or_sync_fifo.gcx.clkx/gnxpm_cdc.gsync_stage[1].wr_stg_inst/Q_reg_reg[1]
  -------------------------------------------------------------------
                         data arrival                           5.607    
                         clock arrival                          5.293    
  -------------------------------------------------------------------
                         relative delay                         0.314    



Id: 4
set_bus_skew -from [get_cells [list {dbg_hub/inst/BSCANID.u_xsdbm_id/CORE_XSDB.UUT_MASTER/U_ICON_INTERFACE/U_CMD6_WR/U_WR_FIFO/SUBCORE_FIFO.xsdbm_v3_0_0_wrfifo_inst/inst_fifo_gen/gconvfifo.rf/grf.rf/gntv_or_sync_fifo.gcx.clkx/gnxpm_cdc.wr_pntr_gc_reg[0]} {dbg_hub/inst/BSCANID.u_xsdbm_id/CORE_XSDB.UUT_MASTER/U_ICON_INTERFACE/U_CMD6_WR/U_WR_FIFO/SUBCORE_FIFO.xsdbm_v3_0_0_wrfifo_inst/inst_fifo_gen/gconvfifo.rf/grf.rf/gntv_or_sync_fifo.gcx.clkx/gnxpm_cdc.wr_pntr_gc_reg[1]} {dbg_hub/inst/BSCANID.u_xsdbm_id/CORE_XSDB.UUT_MASTER/U_ICON_INTERFACE/U_CMD6_WR/U_WR_FIFO/SUBCORE_FIFO.xsdbm_v3_0_0_wrfifo_inst/inst_fifo_gen/gconvfifo.rf/grf.rf/gntv_or_sync_fifo.gcx.clkx/gnxpm_cdc.wr_pntr_gc_reg[2]} {dbg_hub/inst/BSCANID.u_xsdbm_id/CORE_XSDB.UUT_MASTER/U_ICON_INTERFACE/U_CMD6_WR/U_WR_FIFO/SUBCORE_FIFO.xsdbm_v3_0_0_wrfifo_inst/inst_fifo_gen/gconvfifo.rf/grf.rf/gntv_or_sync_fifo.gcx.clkx/gnxpm_cdc.wr_pntr_gc_reg[3]}]] -to [get_cells [list {dbg_hub/inst/BSCANID.u_xsdbm_id/CORE_XSDB.UUT_MASTER/U_ICON_INTERFACE/U_CMD6_WR/U_WR_FIFO/SUBCORE_FIFO.xsdbm_v3_0_0_wrfifo_inst/inst_fifo_gen/gconvfifo.rf/grf.rf/gntv_or_sync_fifo.gcx.clkx/gnxpm_cdc.gsync_stage[1].rd_stg_inst/Q_reg_reg[0]} {dbg_hub/inst/BSCANID.u_xsdbm_id/CORE_XSDB.UUT_MASTER/U_ICON_INTERFACE/U_CMD6_WR/U_WR_FIFO/SUBCORE_FIFO.xsdbm_v3_0_0_wrfifo_inst/inst_fifo_gen/gconvfifo.rf/grf.rf/gntv_or_sync_fifo.gcx.clkx/gnxpm_cdc.gsync_stage[1].rd_stg_inst/Q_reg_reg[1]} {dbg_hub/inst/BSCANID.u_xsdbm_id/CORE_XSDB.UUT_MASTER/U_ICON_INTERFACE/U_CMD6_WR/U_WR_FIFO/SUBCORE_FIFO.xsdbm_v3_0_0_wrfifo_inst/inst_fifo_gen/gconvfifo.rf/grf.rf/gntv_or_sync_fifo.gcx.clkx/gnxpm_cdc.gsync_stage[1].rd_stg_inst/Q_reg_reg[2]} {dbg_hub/inst/BSCANID.u_xsdbm_id/CORE_XSDB.UUT_MASTER/U_ICON_INTERFACE/U_CMD6_WR/U_WR_FIFO/SUBCORE_FIFO.xsdbm_v3_0_0_wrfifo_inst/inst_fifo_gen/gconvfifo.rf/grf.rf/gntv_or_sync_fifo.gcx.clkx/gnxpm_cdc.gsync_stage[1].rd_stg_inst/Q_reg_reg[3]}]] 17.000
Requirement: 17.000ns
Endpoints: 4

From Clock            To Clock              Endpoint Pin                    Reference Pin                   Corner  Actual(ns)  Slack(ns)
--------------------  --------------------  ------------------------------  ------------------------------  ------  ----------  ---------
dbg_hub/inst/BSCANID.u_xsdbm_id/SWITCH_N_EXT_BSCAN.bscan_inst/SERIES7_BSCAN.bscan_inst/TCK
                      clk_out1_clock_wizard
                                            dbg_hub/inst/BSCANID.u_xsdbm_id/CORE_XSDB.UUT_MASTER/U_ICON_INTERFACE/U_CMD6_WR/U_WR_FIFO/SUBCORE_FIFO.xsdbm_v3_0_0_wrfifo_inst/inst_fifo_gen/gconvfifo.rf/grf.rf/gntv_or_sync_fifo.gcx.clkx/gnxpm_cdc.gsync_stage[1].rd_stg_inst/Q_reg_reg[3]/D
                                                                            dbg_hub/inst/BSCANID.u_xsdbm_id/CORE_XSDB.UUT_MASTER/U_ICON_INTERFACE/U_CMD6_WR/U_WR_FIFO/SUBCORE_FIFO.xsdbm_v3_0_0_wrfifo_inst/inst_fifo_gen/gconvfifo.rf/grf.rf/gntv_or_sync_fifo.gcx.clkx/gnxpm_cdc.gsync_stage[1].rd_stg_inst/Q_reg_reg[0]/D
                                                                                                            Slow         0.684     16.316


Slack (MET) :             16.316ns  (requirement - actual skew)
  Endpoint Source:        dbg_hub/inst/BSCANID.u_xsdbm_id/CORE_XSDB.UUT_MASTER/U_ICON_INTERFACE/U_CMD6_WR/U_WR_FIFO/SUBCORE_FIFO.xsdbm_v3_0_0_wrfifo_inst/inst_fifo_gen/gconvfifo.rf/grf.rf/gntv_or_sync_fifo.gcx.clkx/gnxpm_cdc.wr_pntr_gc_reg[3]/C
                            (rising edge-triggered cell FDCE clocked by dbg_hub/inst/BSCANID.u_xsdbm_id/SWITCH_N_EXT_BSCAN.bscan_inst/SERIES7_BSCAN.bscan_inst/TCK)
  Endpoint Destination:   dbg_hub/inst/BSCANID.u_xsdbm_id/CORE_XSDB.UUT_MASTER/U_ICON_INTERFACE/U_CMD6_WR/U_WR_FIFO/SUBCORE_FIFO.xsdbm_v3_0_0_wrfifo_inst/inst_fifo_gen/gconvfifo.rf/grf.rf/gntv_or_sync_fifo.gcx.clkx/gnxpm_cdc.gsync_stage[1].rd_stg_inst/Q_reg_reg[3]/D
                            (rising edge-triggered cell FDCE clocked by clk_out1_clock_wizard)
  Reference Source:       dbg_hub/inst/BSCANID.u_xsdbm_id/CORE_XSDB.UUT_MASTER/U_ICON_INTERFACE/U_CMD6_WR/U_WR_FIFO/SUBCORE_FIFO.xsdbm_v3_0_0_wrfifo_inst/inst_fifo_gen/gconvfifo.rf/grf.rf/gntv_or_sync_fifo.gcx.clkx/gnxpm_cdc.wr_pntr_gc_reg[0]/C
                            (rising edge-triggered cell FDCE clocked by dbg_hub/inst/BSCANID.u_xsdbm_id/SWITCH_N_EXT_BSCAN.bscan_inst/SERIES7_BSCAN.bscan_inst/TCK)
  Reference Destination:  dbg_hub/inst/BSCANID.u_xsdbm_id/CORE_XSDB.UUT_MASTER/U_ICON_INTERFACE/U_CMD6_WR/U_WR_FIFO/SUBCORE_FIFO.xsdbm_v3_0_0_wrfifo_inst/inst_fifo_gen/gconvfifo.rf/grf.rf/gntv_or_sync_fifo.gcx.clkx/gnxpm_cdc.gsync_stage[1].rd_stg_inst/Q_reg_reg[0]/D
                            (rising edge-triggered cell FDCE clocked by clk_out1_clock_wizard)
  Path Type:              Bus Skew (Max at Slow Process Corner)
  Requirement:            17.000ns
  Endpoint Relative Delay:    0.836ns
  Reference Relative Delay:  -0.855ns
  Relative CRPR:              1.162ns
  Uncertainty:                0.155ns
  Actual Bus Skew:            0.684ns  (Endpoint Relative Delay - Reference Relative Delay - Relative CRPR + Uncertainty)

Endpoint path:
    Location             Delay type                Incr(ns)  Path(ns)    Netlist Resource(s)
  -------------------------------------------------------------------    -------------------
                         (clock dbg_hub/inst/BSCANID.u_xsdbm_id/SWITCH_N_EXT_BSCAN.bscan_inst/SERIES7_BSCAN.bscan_inst/TCK rise edge)
                                                      0.000     0.000 r  
    CONFIG_SITE_X0Y0     BSCANE2                      0.000     0.000 r  dbg_hub/inst/BSCANID.u_xsdbm_id/SWITCH_N_EXT_BSCAN.bscan_inst/SERIES7_BSCAN.bscan_inst/TCK
                         net (fo=1, routed)           2.721     2.721    dbg_hub/inst/BSCANID.u_xsdbm_id/tck_bs
    BUFGCE_X1Y0          BUFGCE (Prop_BUFCE_BUFGCE_I_O)
                                                      0.101     2.822 r  dbg_hub/inst/BSCANID.u_xsdbm_id/SWITCH_N_EXT_BSCAN.u_bufg_icon_tck/O
    X3Y0 (CLOCK_ROOT)    net (fo=498, routed)         2.341     5.163    dbg_hub/inst/BSCANID.u_xsdbm_id/CORE_XSDB.UUT_MASTER/U_ICON_INTERFACE/U_CMD6_WR/U_WR_FIFO/SUBCORE_FIFO.xsdbm_v3_0_0_wrfifo_inst/inst_fifo_gen/gconvfifo.rf/grf.rf/gntv_or_sync_fifo.gcx.clkx/wr_clk
    SLICE_X91Y52         FDCE                                         r  dbg_hub/inst/BSCANID.u_xsdbm_id/CORE_XSDB.UUT_MASTER/U_ICON_INTERFACE/U_CMD6_WR/U_WR_FIFO/SUBCORE_FIFO.xsdbm_v3_0_0_wrfifo_inst/inst_fifo_gen/gconvfifo.rf/grf.rf/gntv_or_sync_fifo.gcx.clkx/gnxpm_cdc.wr_pntr_gc_reg[3]/C
  -------------------------------------------------------------------    -------------------
    SLICE_X91Y52         FDCE (Prop_AFF_SLICEL_C_Q)
                                                      0.140     5.303 r  dbg_hub/inst/BSCANID.u_xsdbm_id/CORE_XSDB.UUT_MASTER/U_ICON_INTERFACE/U_CMD6_WR/U_WR_FIFO/SUBCORE_FIFO.xsdbm_v3_0_0_wrfifo_inst/inst_fifo_gen/gconvfifo.rf/grf.rf/gntv_or_sync_fifo.gcx.clkx/gnxpm_cdc.wr_pntr_gc_reg[3]/Q
                         net (fo=1, routed)           0.574     5.877    dbg_hub/inst/BSCANID.u_xsdbm_id/CORE_XSDB.UUT_MASTER/U_ICON_INTERFACE/U_CMD6_WR/U_WR_FIFO/SUBCORE_FIFO.xsdbm_v3_0_0_wrfifo_inst/inst_fifo_gen/gconvfifo.rf/grf.rf/gntv_or_sync_fifo.gcx.clkx/gnxpm_cdc.gsync_stage[1].rd_stg_inst/Q[3]
    SLICE_X91Y52         FDCE                                         r  dbg_hub/inst/BSCANID.u_xsdbm_id/CORE_XSDB.UUT_MASTER/U_ICON_INTERFACE/U_CMD6_WR/U_WR_FIFO/SUBCORE_FIFO.xsdbm_v3_0_0_wrfifo_inst/inst_fifo_gen/gconvfifo.rf/grf.rf/gntv_or_sync_fifo.gcx.clkx/gnxpm_cdc.gsync_stage[1].rd_stg_inst/Q_reg_reg[3]/D
  -------------------------------------------------------------------    -------------------

                         (clock clk_out1_clock_wizard rise edge)
                                                      0.000     0.000 r  
    H22                                               0.000     0.000 r  c0_sys_clk_clk_p_i (IN)
                         net (fo=0)                   0.000     0.000    clk_250_to_100_MHz/clock_wizard_inst/clkin1_ibufds/I
    HPIOBDIFFINBUF_X0Y36 DIFFINBUF (Prop_DIFFINBUF_HPIOBDIFFINBUF_DIFF_IN_P_O)
                                                      0.374     0.374 r  clk_250_to_100_MHz/clock_wizard_inst/clkin1_ibufds/DIFFINBUF_INST/O
                         net (fo=1, routed)           0.055     0.429    clk_250_to_100_MHz/clock_wizard_inst/clkin1_ibufds/OUT
    H22                  IBUFCTRL (Prop_IBUFCTRL_HPIOB_I_O)
                                                      0.000     0.429 r  clk_250_to_100_MHz/clock_wizard_inst/clkin1_ibufds/IBUFCTRL_INST/O
                         net (fo=1, routed)           0.981     1.410    clk_250_to_100_MHz/clock_wizard_inst/clk_in1_clock_wizard
    PLLE3_ADV_X0Y3       PLLE3_ADV (Prop_PLLE3_ADV_CLKIN_CLKOUT0)
                                                      0.250     1.660 r  clk_250_to_100_MHz/clock_wizard_inst/plle3_adv_inst/CLKOUT0
                         net (fo=1, routed)           0.451     2.111    clk_250_to_100_MHz/clock_wizard_inst/clk_out1_clock_wizard
    BUFGCE_X0Y47         BUFGCE (Prop_BUFCE_BUFGCE_I_O)
                                                      0.091     2.202 r  clk_250_to_100_MHz/clock_wizard_inst/clkout1_buf/O
    X1Y1 (CLOCK_ROOT)    net (fo=6180, routed)        2.775     4.977    dbg_hub/inst/BSCANID.u_xsdbm_id/CORE_XSDB.UUT_MASTER/U_ICON_INTERFACE/U_CMD6_WR/U_WR_FIFO/SUBCORE_FIFO.xsdbm_v3_0_0_wrfifo_inst/inst_fifo_gen/gconvfifo.rf/grf.rf/gntv_or_sync_fifo.gcx.clkx/gnxpm_cdc.gsync_stage[1].rd_stg_inst/rd_clk
    SLICE_X91Y52         FDCE                                         r  dbg_hub/inst/BSCANID.u_xsdbm_id/CORE_XSDB.UUT_MASTER/U_ICON_INTERFACE/U_CMD6_WR/U_WR_FIFO/SUBCORE_FIFO.xsdbm_v3_0_0_wrfifo_inst/inst_fifo_gen/gconvfifo.rf/grf.rf/gntv_or_sync_fifo.gcx.clkx/gnxpm_cdc.gsync_stage[1].rd_stg_inst/Q_reg_reg[3]/C
                         clock pessimism              0.000     4.977    
    SLICE_X91Y52         FDCE (Setup_FFF2_SLICEL_C_D)
                                                      0.064     5.041    dbg_hub/inst/BSCANID.u_xsdbm_id/CORE_XSDB.UUT_MASTER/U_ICON_INTERFACE/U_CMD6_WR/U_WR_FIFO/SUBCORE_FIFO.xsdbm_v3_0_0_wrfifo_inst/inst_fifo_gen/gconvfifo.rf/grf.rf/gntv_or_sync_fifo.gcx.clkx/gnxpm_cdc.gsync_stage[1].rd_stg_inst/Q_reg_reg[3]
  -------------------------------------------------------------------
                         data arrival                           5.877    
                         clock arrival                          5.041    
  -------------------------------------------------------------------
                         relative delay                         0.836    

Reference path:
    Location             Delay type                Incr(ns)  Path(ns)    Netlist Resource(s)
  -------------------------------------------------------------------    -------------------
                         (clock dbg_hub/inst/BSCANID.u_xsdbm_id/SWITCH_N_EXT_BSCAN.bscan_inst/SERIES7_BSCAN.bscan_inst/TCK rise edge)
                                                      0.000     0.000 r  
    CONFIG_SITE_X0Y0     BSCANE2                      0.000     0.000 r  dbg_hub/inst/BSCANID.u_xsdbm_id/SWITCH_N_EXT_BSCAN.bscan_inst/SERIES7_BSCAN.bscan_inst/TCK
                         net (fo=1, routed)           2.153     2.153    dbg_hub/inst/BSCANID.u_xsdbm_id/tck_bs
    BUFGCE_X1Y0          BUFGCE (Prop_BUFCE_BUFGCE_I_O)
                                                      0.091     2.244 r  dbg_hub/inst/BSCANID.u_xsdbm_id/SWITCH_N_EXT_BSCAN.u_bufg_icon_tck/O
    X3Y0 (CLOCK_ROOT)    net (fo=498, routed)         2.051     4.295    dbg_hub/inst/BSCANID.u_xsdbm_id/CORE_XSDB.UUT_MASTER/U_ICON_INTERFACE/U_CMD6_WR/U_WR_FIFO/SUBCORE_FIFO.xsdbm_v3_0_0_wrfifo_inst/inst_fifo_gen/gconvfifo.rf/grf.rf/gntv_or_sync_fifo.gcx.clkx/wr_clk
    SLICE_X88Y52         FDCE                                         r  dbg_hub/inst/BSCANID.u_xsdbm_id/CORE_XSDB.UUT_MASTER/U_ICON_INTERFACE/U_CMD6_WR/U_WR_FIFO/SUBCORE_FIFO.xsdbm_v3_0_0_wrfifo_inst/inst_fifo_gen/gconvfifo.rf/grf.rf/gntv_or_sync_fifo.gcx.clkx/gnxpm_cdc.wr_pntr_gc_reg[0]/C
  -------------------------------------------------------------------    -------------------
    SLICE_X88Y52         FDCE (Prop_DFF_SLICEL_C_Q)
                                                      0.123     4.418 r  dbg_hub/inst/BSCANID.u_xsdbm_id/CORE_XSDB.UUT_MASTER/U_ICON_INTERFACE/U_CMD6_WR/U_WR_FIFO/SUBCORE_FIFO.xsdbm_v3_0_0_wrfifo_inst/inst_fifo_gen/gconvfifo.rf/grf.rf/gntv_or_sync_fifo.gcx.clkx/gnxpm_cdc.wr_pntr_gc_reg[0]/Q
                         net (fo=1, routed)           0.421     4.839    dbg_hub/inst/BSCANID.u_xsdbm_id/CORE_XSDB.UUT_MASTER/U_ICON_INTERFACE/U_CMD6_WR/U_WR_FIFO/SUBCORE_FIFO.xsdbm_v3_0_0_wrfifo_inst/inst_fifo_gen/gconvfifo.rf/grf.rf/gntv_or_sync_fifo.gcx.clkx/gnxpm_cdc.gsync_stage[1].rd_stg_inst/Q[0]
    SLICE_X90Y51         FDCE                                         r  dbg_hub/inst/BSCANID.u_xsdbm_id/CORE_XSDB.UUT_MASTER/U_ICON_INTERFACE/U_CMD6_WR/U_WR_FIFO/SUBCORE_FIFO.xsdbm_v3_0_0_wrfifo_inst/inst_fifo_gen/gconvfifo.rf/grf.rf/gntv_or_sync_fifo.gcx.clkx/gnxpm_cdc.gsync_stage[1].rd_stg_inst/Q_reg_reg[0]/D
  -------------------------------------------------------------------    -------------------

                         (clock clk_out1_clock_wizard rise edge)
                                                      0.000     0.000 r  
    H22                                               0.000     0.000 r  c0_sys_clk_clk_p_i (IN)
                         net (fo=0)                   0.000     0.000    clk_250_to_100_MHz/clock_wizard_inst/clkin1_ibufds/I
    HPIOBDIFFINBUF_X0Y36 DIFFINBUF (Prop_DIFFINBUF_HPIOBDIFFINBUF_DIFF_IN_P_O)
                                                      0.556     0.556 r  clk_250_to_100_MHz/clock_wizard_inst/clkin1_ibufds/DIFFINBUF_INST/O
                         net (fo=1, routed)           0.104     0.660    clk_250_to_100_MHz/clock_wizard_inst/clkin1_ibufds/OUT
    H22                  IBUFCTRL (Prop_IBUFCTRL_HPIOB_I_O)
                                                      0.000     0.660 r  clk_250_to_100_MHz/clock_wizard_inst/clkin1_ibufds/IBUFCTRL_INST/O
                         net (fo=1, routed)           1.082     1.742    clk_250_to_100_MHz/clock_wizard_inst/clk_in1_clock_wizard
    PLLE3_ADV_X0Y3       PLLE3_ADV (Prop_PLLE3_ADV_CLKIN_CLKOUT0)
                                                      0.068     1.810 r  clk_250_to_100_MHz/clock_wizard_inst/plle3_adv_inst/CLKOUT0
                         net (fo=1, routed)           0.529     2.339    clk_250_to_100_MHz/clock_wizard_inst/clk_out1_clock_wizard
    BUFGCE_X0Y47         BUFGCE (Prop_BUFCE_BUFGCE_I_O)
                                                      0.101     2.440 r  clk_250_to_100_MHz/clock_wizard_inst/clkout1_buf/O
    X1Y1 (CLOCK_ROOT)    net (fo=6180, routed)        3.124     5.564    dbg_hub/inst/BSCANID.u_xsdbm_id/CORE_XSDB.UUT_MASTER/U_ICON_INTERFACE/U_CMD6_WR/U_WR_FIFO/SUBCORE_FIFO.xsdbm_v3_0_0_wrfifo_inst/inst_fifo_gen/gconvfifo.rf/grf.rf/gntv_or_sync_fifo.gcx.clkx/gnxpm_cdc.gsync_stage[1].rd_stg_inst/rd_clk
    SLICE_X90Y51         FDCE                                         r  dbg_hub/inst/BSCANID.u_xsdbm_id/CORE_XSDB.UUT_MASTER/U_ICON_INTERFACE/U_CMD6_WR/U_WR_FIFO/SUBCORE_FIFO.xsdbm_v3_0_0_wrfifo_inst/inst_fifo_gen/gconvfifo.rf/grf.rf/gntv_or_sync_fifo.gcx.clkx/gnxpm_cdc.gsync_stage[1].rd_stg_inst/Q_reg_reg[0]/C
                         clock pessimism              0.000     5.564    
    SLICE_X90Y51         FDCE (Hold_DFF2_SLICEL_C_D)
                                                      0.130     5.694    dbg_hub/inst/BSCANID.u_xsdbm_id/CORE_XSDB.UUT_MASTER/U_ICON_INTERFACE/U_CMD6_WR/U_WR_FIFO/SUBCORE_FIFO.xsdbm_v3_0_0_wrfifo_inst/inst_fifo_gen/gconvfifo.rf/grf.rf/gntv_or_sync_fifo.gcx.clkx/gnxpm_cdc.gsync_stage[1].rd_stg_inst/Q_reg_reg[0]
  -------------------------------------------------------------------
                         data arrival                           4.839    
                         clock arrival                          5.694    
  -------------------------------------------------------------------
                         relative delay                        -0.855    



# report_clocks -file reports/$NAME\_$PART\_clocks.rpt
# report_clock_interaction -file reports/$NAME\_$PART\_clock_interaction.rpt
INFO: [Timing 38-91] UpdateTimingParams: Speed grade: -1, Temperature grade: C, Delay Type: max.
INFO: [Timing 38-191] Multithreading enabled for timing update using a maximum of 8 CPUs
WARNING: [Timing 38-164] This design has multiple clocks. Inter clock paths are considered valid unless explicitly excluded by timing constraints such as set_clock_groups or set_false_path.
# report_cdc -details -file reports/$NAME\_$PART\_cdc.rpt
INFO: [Timing 38-91] UpdateTimingParams: No interconnect No Cell Dly, Speed grade: -1, Temperature grade: C, Delay Type: max.
INFO: [Timing 38-191] Multithreading enabled for timing update using a maximum of 8 CPUs
INFO: [Timing 38-314] The report_cdc command only analyzes and reports clock domain crossing paths where clocks have been defined on both source and destination sides. Ports with no input delay constraint are skipped. Please run check_timing to verify there are no missing clock definitions in your design, nor any unconstrained input port.
# report_synchronizer_mtbf -file reports/$NAME\_$PART\_synchronizer_mtbf.rpt
WARNING: [Power 33-287] report_synchronizer_mtbf: Could not calculate valid MTBF for one or more synchronizers in the design. Please check the report for UNDEFINED MTBF values.
report_synchronizer_mtbf: Time (s): cpu = 00:00:17 ; elapsed = 00:00:06 . Memory (MB): peak = 4161.082 ; gain = 0.000 ; free physical = 3241 ; free virtual = 5328
report_synchronizer_mtbf: Time (s): cpu = 00:00:17 ; elapsed = 00:00:06 . Memory (MB): peak = 4161.082 ; gain = 0.000 ; free physical = 3241 ; free virtual = 5328
# report_utilization -file reports/$NAME\_$PART\_utilization.rpt
# report_timing -file reports/$NAME\_$PART\_timing.rpt
INFO: [Timing 38-78] ReportTimingParams: -max_paths 1 -nworst 1 -delay_type max -sort_by slack.
# report_timing_summary -file reports/$NAME\_$PART\_timing_summary.rpt
WARNING: [Timing 38-436] There are set_bus_skew constraint(s) in this design. Please run report_bus_skew to ensure that bus skew requirements are met.
# report_timing -file reports/$NAME\_$PART\_timing_paths.rpt -max_paths 30
INFO: [Timing 38-78] ReportTimingParams: -max_paths 30 -nworst 1 -delay_type max -sort_by slack.
# report_bus_skew -file reports/$NAME\_$PART\_bus_skew.rpt
# source_probe $VIVADO_INPUT "pre_bitstream.tcl"
==========================================
>>> Sourcing: pre_bitstream.tcl
>>> From: /home/jaguiar/sandbox/Fatori-V/tmp/tcl
==========================================
## puts "FATORI-V: Generating Vivado reports"
FATORI-V: Generating Vivado reports
## source "[file join $::env(VIVADO_INPUT) report_gen.tcl]"
### report_utilization -hierarchical -file reports/$NAME\_$PART\_hierarchical_utilization.rpt
### report_power -file reports/$NAME\_$PART\_power.rpt
Command: report_power -file reports/iob_soc_iob_aes_ku040_db_g_xcku040-fbva676-1-c_power.rpt
Running Vector-less Activity Propagation...

Finished Running Vector-less Activity Propagation
0 Infos, 0 Warnings, 0 Critical Warnings and 0 Errors encountered.
report_power completed successfully
report_power: Time (s): cpu = 00:00:10 ; elapsed = 00:00:06 . Memory (MB): peak = 4177.090 ; gain = 16.008 ; free physical = 3219 ; free virtual = 5307
### report_methodology -file reports/$NAME\_$PART\_methodology.rpt
Command: report_methodology -file reports/iob_soc_iob_aes_ku040_db_g_xcku040-fbva676-1-c_methodology.rpt
INFO: [Timing 38-35] Done setting XDC timing constraints.
INFO: [DRC 23-133] Running Methodology with 8 threads
INFO: [Coretcl 2-1520] The results of Report Methodology are in file /home/jaguiar/sandbox/Fatori-V/iob_soc_V1.0/hardware/fpga/reports/iob_soc_iob_aes_ku040_db_g_xcku040-fbva676-1-c_methodology.rpt.
report_methodology completed successfully
### report_drc -file reports/$NAME\_$PART\_drc.rpt
Command: report_drc -file reports/iob_soc_iob_aes_ku040_db_g_xcku040-fbva676-1-c_drc.rpt
INFO: [IP_Flow 19-1839] IP Catalog is up to date.
INFO: [Timing 38-35] Done setting XDC timing constraints.
INFO: [DRC 23-27] Running DRC with 8 threads
INFO: [Coretcl 2-168] The results of DRC are in file /home/jaguiar/sandbox/Fatori-V/iob_soc_V1.0/hardware/fpga/reports/iob_soc_iob_aes_ku040_db_g_xcku040-fbva676-1-c_drc.rpt.
report_drc completed successfully
report_drc: Time (s): cpu = 00:00:09 ; elapsed = 00:00:05 . Memory (MB): peak = 4177.090 ; gain = 0.000 ; free physical = 3189 ; free virtual = 5280
### set_property BITSTREAM.SEU.ESSENTIALBITS yes [current_design]
>>> pre_bitstream.tcl complete!
==========================================

# if { $IS_FPGA == "1" } {
#     write_bitstream -force $NAME.bit
# 
#     # ========================================================================
#     # HOOK PROBE 5: Post-Bitstream
#     # ========================================================================
#     source_probe $VIVADO_INPUT "post_bitstream.tcl"
# 
# } else {
#     write_verilog -force $NAME\_netlist.v
#     write_verilog -force -mode synth_stub ${NAME}_stub.v
# }
Command: write_bitstream -force iob_soc_iob_aes_ku040_db_g.bit
Attempting to get a license for feature 'Implementation' and/or device 'xcku040'
INFO: [Common 17-349] Got license for feature 'Implementation' and/or device 'xcku040'
INFO: [Common 17-1540] The version limit for your license is '2021.01' and has expired for new software. A version limit expiration means that, although you may be able to continue to use the current version of tools or IP with this license, you will not be eligible for any updates or new releases.
Running DRC as a precondition to command write_bitstream
INFO: [IP_Flow 19-1839] IP Catalog is up to date.
INFO: [DRC 23-27] Running DRC with 8 threads
WARNING: [DRC DPIP-2] Input pipelining: DSP iob_soc_memwrapper/iob_core_inst/cpu/u_top/u_ibex_core/ex_block_i/gen_multdiv_fast.multdiv_i/mac_res_signed input iob_soc_memwrapper/iob_core_inst/cpu/u_top/u_ibex_core/ex_block_i/gen_multdiv_fast.multdiv_i/mac_res_signed/A[29:0] is not pipelined. Pipelining DSP48 input will improve performance.
WARNING: [DRC DPIP-2] Input pipelining: DSP iob_soc_memwrapper/iob_core_inst/cpu/u_top/u_ibex_core/ex_block_i/gen_multdiv_fast.multdiv_i/mac_res_signed input iob_soc_memwrapper/iob_core_inst/cpu/u_top/u_ibex_core/ex_block_i/gen_multdiv_fast.multdiv_i/mac_res_signed/B[17:0] is not pipelined. Pipelining DSP48 input will improve performance.
WARNING: [DRC DPIP-2] Input pipelining: DSP iob_soc_memwrapper/iob_core_inst/cpu/u_top/u_ibex_core/ex_block_i/gen_multdiv_fast.multdiv_i/mac_res_signed input iob_soc_memwrapper/iob_core_inst/cpu/u_top/u_ibex_core/ex_block_i/gen_multdiv_fast.multdiv_i/mac_res_signed/C[47:0] is not pipelined. Pipelining DSP48 input will improve performance.
WARNING: [DRC DPOP-3] PREG Output pipelining: DSP iob_soc_memwrapper/iob_core_inst/cpu/u_top/u_ibex_core/ex_block_i/gen_multdiv_fast.multdiv_i/mac_res_signed output iob_soc_memwrapper/iob_core_inst/cpu/u_top/u_ibex_core/ex_block_i/gen_multdiv_fast.multdiv_i/mac_res_signed/P[47:0] is not pipelined (PREG=0). Pipelining the DSP48 output will improve performance and often saves power so it is suggested whenever possible to fully pipeline this function.  If this DSP48 function was inferred, it is suggested to describe an additional register stage after this function.  If the DSP48 was instantiated in the design, it is suggested to set the PREG attribute to 1.
WARNING: [DRC DPOP-4] MREG Output pipelining: DSP iob_soc_memwrapper/iob_core_inst/cpu/u_top/u_ibex_core/ex_block_i/gen_multdiv_fast.multdiv_i/mac_res_signed multiplier stage iob_soc_memwrapper/iob_core_inst/cpu/u_top/u_ibex_core/ex_block_i/gen_multdiv_fast.multdiv_i/mac_res_signed/P[47:0] is not pipelined (MREG=0). Pipelining the multiplier function will improve performance and will save significant power so it is suggested whenever possible to fully pipeline this function.  If this multiplier was inferred, it is suggested to describe an additional register stage after this function.  If there is no registered adder/accumulator following the multiply function, two pipeline stages are suggested to allow both the MREG and PREG registers to be used.  If the DSP48 was instantiated in the design, it is suggested to set both the MREG and PREG attributes to 1 when performing multiply functions.
WARNING: [DRC REQP-1571] connects_D: The FDRE cell iob_soc_memwrapper/iob_core_inst/cpu/u_sem_example/example_vio_si14/inst/PROBE_IN_INST/probe_in_reg_reg[10] has no driver for the D input pin. To protect against unwanted transitions in all flows, the D input pin is required to have a driver. To resolve this violation, modify the design so that the D input pin has an active signal or constant logic-level tie-off.
WARNING: [DRC REQP-1571] connects_D: The FDRE cell iob_soc_memwrapper/iob_core_inst/cpu/u_sem_example/example_vio_si14/inst/PROBE_IN_INST/probe_in_reg_reg[11] has no driver for the D input pin. To protect against unwanted transitions in all flows, the D input pin is required to have a driver. To resolve this violation, modify the design so that the D input pin has an active signal or constant logic-level tie-off.
WARNING: [DRC REQP-1571] connects_D: The FDRE cell iob_soc_memwrapper/iob_core_inst/cpu/u_sem_example/example_vio_si14/inst/PROBE_IN_INST/probe_in_reg_reg[12] has no driver for the D input pin. To protect against unwanted transitions in all flows, the D input pin is required to have a driver. To resolve this violation, modify the design so that the D input pin has an active signal or constant logic-level tie-off.
WARNING: [DRC REQP-1571] connects_D: The FDRE cell iob_soc_memwrapper/iob_core_inst/cpu/u_sem_example/example_vio_si14/inst/PROBE_IN_INST/probe_in_reg_reg[13] has no driver for the D input pin. To protect against unwanted transitions in all flows, the D input pin is required to have a driver. To resolve this violation, modify the design so that the D input pin has an active signal or constant logic-level tie-off.
WARNING: [DRC REQP-1571] connects_D: The FDRE cell iob_soc_memwrapper/iob_core_inst/cpu/u_sem_example/example_vio_si14/inst/PROBE_IN_INST/probe_in_reg_reg[1] has no driver for the D input pin. To protect against unwanted transitions in all flows, the D input pin is required to have a driver. To resolve this violation, modify the design so that the D input pin has an active signal or constant logic-level tie-off.
WARNING: [DRC REQP-1571] connects_D: The FDRE cell iob_soc_memwrapper/iob_core_inst/cpu/u_sem_example/example_vio_si14/inst/PROBE_IN_INST/probe_in_reg_reg[2] has no driver for the D input pin. To protect against unwanted transitions in all flows, the D input pin is required to have a driver. To resolve this violation, modify the design so that the D input pin has an active signal or constant logic-level tie-off.
WARNING: [DRC REQP-1571] connects_D: The FDRE cell iob_soc_memwrapper/iob_core_inst/cpu/u_sem_example/example_vio_si14/inst/PROBE_IN_INST/probe_in_reg_reg[3] has no driver for the D input pin. To protect against unwanted transitions in all flows, the D input pin is required to have a driver. To resolve this violation, modify the design so that the D input pin has an active signal or constant logic-level tie-off.
WARNING: [DRC REQP-1571] connects_D: The FDRE cell iob_soc_memwrapper/iob_core_inst/cpu/u_sem_example/example_vio_si14/inst/PROBE_IN_INST/probe_in_reg_reg[4] has no driver for the D input pin. To protect against unwanted transitions in all flows, the D input pin is required to have a driver. To resolve this violation, modify the design so that the D input pin has an active signal or constant logic-level tie-off.
WARNING: [DRC REQP-1571] connects_D: The FDRE cell iob_soc_memwrapper/iob_core_inst/cpu/u_sem_example/example_vio_si14/inst/PROBE_IN_INST/probe_in_reg_reg[5] has no driver for the D input pin. To protect against unwanted transitions in all flows, the D input pin is required to have a driver. To resolve this violation, modify the design so that the D input pin has an active signal or constant logic-level tie-off.
WARNING: [DRC REQP-1571] connects_D: The FDRE cell iob_soc_memwrapper/iob_core_inst/cpu/u_sem_example/example_vio_si14/inst/PROBE_IN_INST/probe_in_reg_reg[6] has no driver for the D input pin. To protect against unwanted transitions in all flows, the D input pin is required to have a driver. To resolve this violation, modify the design so that the D input pin has an active signal or constant logic-level tie-off.
WARNING: [DRC REQP-1571] connects_D: The FDRE cell iob_soc_memwrapper/iob_core_inst/cpu/u_sem_example/example_vio_si14/inst/PROBE_IN_INST/probe_in_reg_reg[7] has no driver for the D input pin. To protect against unwanted transitions in all flows, the D input pin is required to have a driver. To resolve this violation, modify the design so that the D input pin has an active signal or constant logic-level tie-off.
WARNING: [DRC REQP-1571] connects_D: The FDRE cell iob_soc_memwrapper/iob_core_inst/cpu/u_sem_example/example_vio_si14/inst/PROBE_IN_INST/probe_in_reg_reg[8] has no driver for the D input pin. To protect against unwanted transitions in all flows, the D input pin is required to have a driver. To resolve this violation, modify the design so that the D input pin has an active signal or constant logic-level tie-off.
WARNING: [DRC REQP-1571] connects_D: The FDRE cell iob_soc_memwrapper/iob_core_inst/cpu/u_sem_example/example_vio_si14/inst/PROBE_IN_INST/probe_in_reg_reg[9] has no driver for the D input pin. To protect against unwanted transitions in all flows, the D input pin is required to have a driver. To resolve this violation, modify the design so that the D input pin has an active signal or constant logic-level tie-off.
WARNING: [DRC RTSTAT-10] No routable loads: 65 net(s) have no routable loads. The problem bus(es) and/or net(s) are dbg_hub/inst/BSCANID.u_xsdbm_id/CORE_XSDB.UUT_MASTER/U_ICON_INTERFACE/U_CMD6_RD/U_RD_FIFO/SUBCORE_FIFO.xsdbm_v3_0_0_rdfifo_inst/inst_fifo_gen/gconvfifo.rf/grf.rf/gntv_or_sync_fifo.gl0.rd/gr1.gr1_int.rfwft/aempty_fwft_i, dbg_hub/inst/BSCANID.u_xsdbm_id/CORE_XSDB.UUT_MASTER/U_ICON_INTERFACE/U_CMD7_CTL/ctl_reg[2:0], dbg_hub/inst/BSCANID.u_xsdbm_id/CORE_XSDB.UUT_MASTER/U_ICON_INTERFACE/U_CMD7_CTL/ctl_reg_en_2[1], dbg_hub/inst/BSCANID.u_xsdbm_id/CORE_XSDB.UUT_MASTER/U_ICON_INTERFACE/U_CMD1/ctl_reg_en_2[1], dbg_hub/inst/BSCANID.u_xsdbm_id/SWITCH_N_EXT_BSCAN.bscan_switch/m_bscan_capture[0], dbg_hub/inst/BSCANID.u_xsdbm_id/SWITCH_N_EXT_BSCAN.bscan_switch/m_bscan_drck[0], dbg_hub/inst/BSCANID.u_xsdbm_id/SWITCH_N_EXT_BSCAN.bscan_switch/m_bscan_runtest[0], dbg_hub/inst/BSCANID.u_xsdbm_id/CORE_XSDB.UUT_MASTER/U_ICON_INTERFACE/U_CMD6_WR/U_WR_FIFO/SUBCORE_FIFO.xsdbm_v3_0_0_wrfifo_inst/inst_fifo_gen/gconvfifo.rf/grf.rf/gntv_or_sync_fifo.gl0.wr/gwhf.whf/overflow, dbg_hub/inst/BSCANID.u_xsdbm_id/CORE_XSDB.UUT_MASTER/U_ICON_INTERFACE/U_CMD6_RD/U_RD_FIFO/SUBCORE_FIFO.xsdbm_v3_0_0_rdfifo_inst/inst_fifo_gen/gconvfifo.rf/grf.rf/gntv_or_sync_fifo.gl0.wr/gwhf.whf/overflow, iob_soc_memwrapper/iob_core_inst/cpu/u_sem_example/example_vio_si1_so41/inst/PROBE_OUT_ALL_INST/G_PROBE_OUT[1].PROBE_OUT0_INST/probe_out1[0], iob_soc_memwrapper/iob_core_inst/cpu/u_sem_example/example_vio_si1_so5/inst/PROBE_OUT_ALL_INST/G_PROBE_OUT[1].PROBE_OUT0_INST/probe_out1[0], iob_soc_memwrapper/iob_core_inst/cpu/u_sem_example/example_vio_si1_so41/inst/PROBE_OUT_ALL_INST/G_PROBE_OUT[2].PROBE_OUT0_INST/probe_out2[0], iob_soc_memwrapper/iob_core_inst/cpu/u_sem_example/example_vio_si1_so5/inst/PROBE_OUT_ALL_INST/G_PROBE_OUT[2].PROBE_OUT0_INST/probe_out2[0], iob_soc_memwrapper/iob_core_inst/cpu/u_sem_example/example_vio_si1_so41/inst/PROBE_OUT_ALL_INST/G_PROBE_OUT[3].PROBE_OUT0_INST/probe_out3[0], iob_soc_memwrapper/iob_core_inst/cpu/u_sem_example/example_vio_si1_so5/inst/PROBE_OUT_ALL_INST/G_PROBE_OUT[3].PROBE_OUT0_INST/probe_out3[0]... and (the first 15 of 63 listed).
INFO: [DRC AVAL-155] enum_AMULTSEL_BMULTSEL_enum_DREG_ADREG_0_connects_CED_CEAD_RSTD_GND: iob_soc_memwrapper/iob_core_inst/cpu/u_sem_example/example_support_wrapper/example_support/sem_controller/inst/controller/controller_timer/timer_timer_ctr/DSP48E2_inst: DSP48E2 is not using the D port (AMULTSEL = A and BMULTSEL = B). For improved power characteristics, set DREG and ADREG to '1', tie CED, CEAD, and RSTD to logic '0'.
INFO: [DRC REQP-1681] with_OPMODE_USE_MULT_NONE: iob_soc_memwrapper/iob_core_inst/cpu/u_sem_example/example_support_wrapper/example_support/sem_controller/inst/controller/controller_timer/timer_timer_ctr/DSP48E2_inst: To save power with this DSP48E2 OPMODE input pin programming the USE_MULT attribute should be set to NONE.
INFO: [Vivado 12-3199] DRC finished with 0 Errors, 19 Warnings, 2 Advisories
INFO: [Vivado 12-3200] Please refer to the DRC report (report_drc) for more information.
INFO: [Designutils 20-2272] Running write_bitstream with 8 threads.
Loading data files...
Loading site data...
Loading route data...
Processing options...
Creating bitmap...
Creating bitstream...
Writing bitstream ./iob_soc_iob_aes_ku040_db_g.bit...
Creating bitstream...
Writing bitstream ./iob_soc_iob_aes_ku040_db_g.ebc...
Creating essential bits data...
This design has 3123597 essential bits out of 103048736 total (3.03%).
Creating bitstream...
Writing bitstream ./iob_soc_iob_aes_ku040_db_g.ebd...
INFO: [Vivado 12-1842] Bitgen Completed Successfully.
INFO: [Project 1-118] WebTalk data collection is enabled (User setting is ON. Install Setting is ON.).
INFO: [Common 17-83] Releasing license: Implementation
12 Infos, 19 Warnings, 0 Critical Warnings and 0 Errors encountered.
write_bitstream completed successfully
write_bitstream: Time (s): cpu = 00:01:03 ; elapsed = 00:01:05 . Memory (MB): peak = 4498.391 ; gain = 321.301 ; free physical = 2892 ; free virtual = 5229
==========================================
>>> Sourcing: post_bitstream.tcl
>>> From: /home/jaguiar/sandbox/Fatori-V/tmp/tcl
==========================================
## puts "FATORI-V: Post-bitstream hook"
FATORI-V: Post-bitstream hook
>>> post_bitstream.tcl complete!
==========================================

INFO: [Common 17-206] Exiting Vivado at Thu Jan 15 17:37:16 2026...
